gen_step,training_seconds,generator_loss,critic_loss,real_score,fake_score,gp_loss,fid,fid_error,grad_mean,grad_std,grad_p05,grad_p50,grad_p95
1,0.44887670000025537,0.07489013671875,-0.17041015625,0.1468505859375,-0.07489013671875,,,,,,,,
2,0.5308027000000948,-0.10247802734375,-3.802734375,3.603515625,0.10247802734375,,,,,,,,
3,0.6239353999999366,-0.560546875,-9.859375,11.4375,0.560546875,,,,,,,,
4,0.7133887999998478,-7.984375,-24.8125,33.53125,7.984375,,,,,,,,
5,0.7971579000004567,-28.28125,-45.46875,70.0,28.28125,,,,,,,,
6,0.8749954000004436,-11.09375,-78.75,100.0,11.09375,,,,,,,,
7,0.9521105000003445,-44.90625,-120.5,169.25,44.90625,,,,,,,,
8,1.0325307000002795,-70.5,-143.5,211.0,70.5,,,,,,,,
9,1.1145511000004262,-107.875,-168.5,272.0,107.875,,,,,,,,
10,1.1999117000004844,-225.125,-175.625,378.75,225.125,,,,,,,,
11,1.2829442000002018,-306.75,-247.75,541.0,306.75,,,,,,,,
12,1.3685929000002943,-422.5,-212.75,611.0,422.5,,,,,,,,
13,1.4682889000005162,-545.5,-207.5,734.5,545.5,,,,,,,,
14,1.55176930000016,-688.5,-106.5,774.5,688.5,,,,,,,,
15,1.6440263000004052,-803.5,-135.0,920.5,803.5,,,,,,,,
16,1.7315975999999864,-889.0,-171.5,1056.0,889.0,,,,,,,,
17,1.8184560999998212,-978.5,-144.0,1101.0,978.5,,,,,,,,
18,1.9099833999998737,-1013.0,-37.0,1049.0,1013.0,,,,,,,,
19,1.991365500000029,-1021.0,-55.0,1088.0,1021.0,,,,,,,,
20,2.0805442999999286,-995.0,45.0,955.0,995.0,,,,21.439586639404297,3.4815311431884766,16.13374900817871,21.431297302246094,27.02903938293457
21,2.1616890000004787,-988.0,-68.5,1056.0,988.0,,,,,,,,
22,2.2458157999999457,-929.0,-19.5,972.5,929.0,,,,,,,,
23,2.3280750000003536,-862.0,-12.0,880.5,862.0,,,,,,,,
24,2.410547999999835,-787.0,25.0,783.0,787.0,,,,,,,,
25,2.4905192000005627,-716.5,-2.0,731.0,716.5,,,,,,,,
26,2.567973900000652,-664.5,-31.5,706.0,664.5,,,,,,,,
27,2.64660240000012,-602.0,-10.5,627.0,602.0,,,,,,,,
28,2.7248263000001316,-560.5,-41.0,610.5,560.5,,,,,,,,
29,2.8016200000001845,-497.25,-29.0,535.5,497.25,,,,,,,,
30,2.8789598000003025,-452.25,-26.25,491.5,452.25,,,,,,,,
31,2.956235800000286,-412.0,-10.75,433.5,412.0,,,,,,,,
32,3.035176700000193,-387.5,-47.0,439.25,387.5,,,,,,,,
33,3.11223820000032,-367.0,-35.25,406.75,367.0,,,,,,,,
34,3.2074201000004905,-342.5,-66.25,406.0,342.5,,,,,,,,
35,3.2855758000005153,-326.0,-62.5,383.75,326.0,,,,,,,,
36,3.364291700000649,-305.75,-62.25,377.0,305.75,,,,,,,,
37,3.4440902000005735,-282.0,-67.75,353.25,282.0,,,,,,,,
38,3.5236494999999195,-270.5,-81.0,358.25,270.5,,,,,,,,
39,3.6012021000005916,-257.25,-94.375,350.25,257.25,,,,,,,,
40,3.6875059000003603,-236.625,-108.625,349.25,236.625,,,,7.547113418579102,1.3431187868118286,6.035287380218506,7.387204170227051,9.897217750549316
41,3.7706145000001925,-231.5,-106.5,337.75,231.5,,,,,,,,
42,3.8630339999999705,-230.25,-129.75,362.75,230.25,,,,,,,,
43,3.9406847999998718,-225.5,-118.0,346.0,225.5,,,,,,,,
44,4.031063200000062,-215.125,-149.375,373.75,215.125,,,,,,,,
45,4.122251300000244,-218.125,-171.75,399.5,218.125,,,,,,,,
46,4.1978726000006645,-215.375,-166.875,382.25,215.375,,,,,,,,
47,4.276190399999905,-215.875,-188.75,407.0,215.875,,,,,,,,
48,4.354077099999813,-194.75,-129.625,318.5,194.75,,,,,,,,
49,4.430269700000281,-172.0,-158.375,356.25,172.0,,,,,,,,
50,4.507249000000229,-152.375,-172.0,340.0,152.375,,,,,,,,
51,4.584774500000094,-163.375,-136.125,312.25,163.375,,,,,,,,
52,4.661606499999834,-189.375,-112.125,310.0,189.375,,,,,,,,
53,4.767000499999995,-220.0,-114.75,339.5,220.0,,,,,,,,
54,4.842455900000459,-248.375,-48.375,296.0,248.375,,,,,,,,
55,4.920360500000243,-285.25,-48.0,329.75,285.25,,,,,,,,
56,4.997752400000536,-327.0,-131.0,448.25,327.0,,,,,,,,
57,5.077197100000376,-387.5,-185.0,560.5,387.5,,,,,,,,
58,5.153609599999982,-441.75,-244.5,678.5,441.75,,,,,,,,
59,5.231083600000602,-513.0,-328.25,835.5,513.0,,,,,,,,
60,5.3141874000002645,-558.5,-394.0,946.5,558.5,,,,19.172077178955078,4.9061055183410645,13.772809982299805,17.47949981689453,28.417749404907227
61,5.390453200000593,-600.0,-326.0,927.0,600.0,,,,,,,,
62,5.465558300000339,-643.0,-283.0,947.5,643.0,,,,,,,,
63,5.541567700000087,-540.0,-193.5,776.5,540.0,,,,,,,,
64,5.616667100000086,-366.0,-245.5,636.5,366.0,,,,,,,,
65,5.693615600000157,-165.75,-203.0,410.5,165.75,,,,,,,,
66,5.76938169999994,-39.625,-289.25,355.0,39.625,,,,,,,,
67,5.846424299999853,45.59375,-350.0,309.0,-45.59375,,,,,,,,
68,5.924133200000142,103.6875,-373.5,297.5,-103.6875,,,,,,,,
69,6.001730900000439,139.75,-474.25,350.25,-139.75,,,,,,,,
70,6.077956799999811,150.5,-537.0,385.25,-150.5,,,,,,,,
71,6.15543340000022,155.25,-634.0,472.75,-155.25,,,,,,,,
72,6.22934290000012,180.5,-722.5,534.5,-180.5,,,,,,,,
73,6.305159300000014,175.5,-713.5,549.5,-175.5,,,,,,,,
74,6.3821652000006,113.1875,-699.5,613.5,-113.1875,,,,,,,,
75,6.4603068000005806,74.25,-693.0,638.5,-74.25,,,,,,,,
76,6.535592700000052,-73.0625,-554.0,627.5,73.0625,,,,,,,,
77,6.610804900000403,-193.875,-689.0,878.0,193.875,,,,,,,,
78,6.687216199999966,-324.75,-650.0,970.5,324.75,,,,,,,,
79,6.762909400000353,-457.0,-751.5,1196.0,457.0,,,,,,,,
80,6.84258360000058,-560.5,-740.0,1303.0,560.5,,,,27.067041397094727,9.646166801452637,15.018712997436523,23.667335510253906,46.77852249145508
81,6.918185100000301,-603.5,-728.5,1339.0,603.5,,,,,,,,
82,6.99453530000028,-620.5,-990.0,1619.0,620.5,,,,,,,,
83,7.070001699999921,-505.75,-870.5,1406.0,505.75,,,,,,,,
84,7.1469090999999025,-369.75,-1034.0,1431.0,369.75,,,,,,,,
85,7.2233696000002965,-316.0,-1088.0,1430.0,316.0,,,,,,,,
86,7.299247800000558,-237.75,-900.0,1180.0,237.75,,,,,,,,
87,7.37544330000037,-153.625,-1092.0,1278.0,153.625,,,,,,,,
88,7.452127999999902,-73.0,-993.5,1103.0,73.0,,,,,,,,
89,7.526702500000283,-74.8125,-1359.0,1441.0,74.8125,,,,,,,,
90,7.603930299999774,-109.6875,-1240.0,1380.0,109.6875,,,,,,,,
91,7.679364700000406,-227.875,-1206.0,1443.0,227.875,,,,,,,,
92,7.75547860000006,-333.25,-1038.0,1372.0,333.25,,,,,,,,
93,7.832156399999803,-372.25,-857.0,1266.0,372.25,,,,,,,,
94,7.910494100000506,-455.25,-675.0,1169.0,455.25,,,,,,,,
95,7.985759400000461,-694.5,-458.5,1188.0,694.5,,,,,,,,
96,8.063000300000567,-1003.5,-312.5,1320.0,1003.5,,,,,,,,
97,8.139485900000182,-1372.0,319.0,1094.0,1372.0,,,,,,,,
98,8.216448400000445,-1581.0,387.0,1238.0,1581.0,,,,,,,,
99,8.29313000000002,-1606.0,545.0,1099.0,1606.0,,,,,,,,
100,8.37350140000035,-1426.0,783.5,720.5,1426.0,,,,33.35737609863281,6.850147247314453,17.700511932373047,35.43963623046875,39.51223373413086
101,8.451943900000515,-1211.0,554.5,706.5,1211.0,,,,,,,,
102,8.527650699999867,-1014.5,420.5,632.5,1014.5,,,,,,,,
103,8.603849300000547,-832.0,406.25,467.75,832.0,,,,,,,,
104,8.678802200000064,-703.5,262.75,456.25,703.5,,,,,,,,
105,8.754376599999887,-588.0,239.75,371.25,588.0,,,,,,,,
106,8.830333700000665,-467.75,252.125,244.375,467.75,,,,,,,,
107,8.906460100000004,-382.25,189.125,211.625,382.25,,,,,,,,
108,8.982970300000488,-311.25,155.875,165.875,311.25,,,,,,,,
109,9.060856699999931,-244.375,112.625,143.0,244.375,,,,,,,,
110,9.137661100000514,-200.625,90.5625,120.1875,200.625,,,,,,,,
111,9.215832700000647,-168.25,54.1875,121.6875,168.25,,,,,,,,
112,9.293147200000021,-136.75,47.0625,98.5625,136.75,,,,,,,,
113,9.369359899999836,-109.625,39.875,76.0,109.625,,,,,,,,
114,9.446474200000011,-89.25,23.25,70.5625,89.25,,,,,,,,
115,9.52627399999983,-68.25,-10.5625,85.875,68.25,,,,,,,,
116,9.6036395000001,-57.03125,-25.21875,87.0625,57.03125,,,,,,,,
117,9.678161300000284,-40.53125,-66.25,110.625,40.53125,,,,,,,,
118,9.754226400000334,-38.59375,-46.6875,85.875,38.59375,,,,,,,,
119,9.828709200000048,-39.25,-51.71875,89.0625,39.25,,,,,,,,
120,9.911716700000397,-39.0625,-70.625,111.1875,39.0625,,,,6.175613880157471,1.0193248987197876,4.717801570892334,6.166259765625,8.057250022888184
121,9.98895900000025,-30.75,-91.25,124.0625,30.75,,,,,,,,
122,10.063655500000095,-33.125,-105.75,138.75,33.125,,,,,,,,
123,10.13991309999983,-40.75,-136.75,177.125,40.75,,,,,,,,
124,10.216440300000613,-35.25,-176.75,214.0,35.25,,,,,,,,
125,10.294336599999951,-56.03125,-269.25,318.5,56.03125,,,,,,,,
126,10.36946480000006,-57.28125,-265.75,326.0,57.28125,,,,,,,,
127,10.447016900000563,-67.0625,-346.0,412.25,67.0625,,,,,,,,
128,10.52182780000021,-87.6875,-401.25,488.75,87.6875,,,,,,,,
129,10.597539100000176,-100.625,-414.5,519.0,100.625,,,,,,,,
130,10.674043800000618,-123.6875,-468.5,596.0,123.6875,,,,,,,,
131,10.749434600000313,-153.5,-540.5,696.5,153.5,,,,,,,,
132,10.824831800000538,-212.875,-491.75,708.5,212.875,,,,,,,,
133,10.90184330000011,-231.375,-380.5,643.5,231.375,,,,,,,,
134,10.978225700000621,-204.625,-449.0,668.5,204.625,,,,,,,,
135,11.054796600000373,-186.875,-433.75,640.0,186.875,,,,,,,,
136,11.13185599999997,-178.25,-463.75,658.0,178.25,,,,,,,,
137,11.208591100000376,-145.5,-375.25,539.0,145.5,,,,,,,,
138,11.286257100000512,-167.625,-390.5,569.0,167.625,,,,,,,,
139,11.362149800000225,-170.625,-168.0,359.0,170.625,,,,,,,,
140,11.44279700000061,-168.0,-193.875,387.25,168.0,,,,20.816225051879883,2.5125315189361572,17.218944549560547,20.297473907470703,24.74532699584961
141,11.518481900000552,-125.6875,-127.25,282.75,125.6875,,,,,,,,
142,11.595420999999988,-52.84375,-146.0,223.25,52.84375,,,,,,,,
143,11.672267400000237,29.875,-160.0,160.5,-29.875,,,,,,,,
144,11.746535199999926,105.625,-219.5,126.25,-105.625,,,,,,,,
145,11.823038200000155,173.5,-310.5,154.125,-173.5,,,,,,,,
146,11.89981380000063,222.375,-419.0,211.25,-222.375,,,,,,,,
147,11.975726200000281,256.5,-252.5,6.45703125,-256.5,,,,,,,,
148,12.051875300000574,273.0,-448.0,181.75,-273.0,,,,,,,,
149,12.12689440000031,285.5,-480.5,205.25,-285.5,,,,,,,,
150,12.203359699999965,281.25,-458.0,178.875,-281.25,,,,,,,,
151,12.280605800000558,259.75,-614.0,360.75,-259.75,,,,,,,,
152,12.356816299999991,233.25,-472.0,243.875,-233.25,,,,,,,,
153,12.434266300000672,201.375,-653.0,460.5,-201.375,,,,,,,,
154,12.512545900000077,149.875,-529.5,378.25,-149.875,,,,,,,,
155,12.588067600000613,98.3125,-634.0,545.5,-98.3125,,,,,,,,
156,12.6641153999999,21.046875,-545.0,534.5,-21.046875,,,,,,,,
157,12.741365300000325,-72.25,-257.5,346.5,72.25,,,,,,,,
158,12.819535200000246,-141.875,-496.0,651.5,141.875,,,,,,,,
159,12.897150599999804,-198.375,-242.125,451.25,198.375,,,,,,,,
160,12.98092489999999,-204.0,-134.75,370.0,204.0,,,,32.291412353515625,12.493947982788086,11.578132629394531,33.26177978515625,48.326751708984375
161,13.055948900000658,-186.125,-130.25,346.5,186.125,,,,,,,,
162,13.133381999999983,-160.5,-125.375,309.75,160.5,,,,,,,,
163,13.20983090000027,-117.125,-169.625,305.25,117.125,,,,,,,,
164,13.28784749999977,-85.5625,-230.25,329.25,85.5625,,,,,,,,
165,13.364013000000341,-59.59375,-205.25,279.5,59.59375,,,,,,,,
166,13.441668200000095,-39.71875,-318.25,365.25,39.71875,,,,,,,,
167,13.518749500000013,-24.34375,-390.25,423.25,24.34375,,,,,,,,
168,13.596135499999946,-23.78125,-535.5,566.5,23.78125,,,,,,,,
169,13.673990400000548,-30.625,-647.0,676.5,30.625,,,,,,,,
170,13.751503000000412,-48.09375,-739.5,786.0,48.09375,,,,,,,,
171,13.828218700000434,-60.78125,-689.5,756.0,60.78125,,,,,,,,
172,13.904595699999845,-121.75,-881.0,1004.0,121.75,,,,,,,,
173,13.980695300000662,-183.5,-794.5,991.0,183.5,,,,,,,,
174,14.055924100000084,-315.0,-728.5,1053.0,315.0,,,,,,,,
175,14.13421770000059,-656.0,-565.5,1236.0,656.0,,,,,,,,
176,14.21097809999992,-956.0,-279.0,1256.0,956.0,,,,,,,,
177,14.286622000000534,-1042.0,-125.0,1201.0,1042.0,,,,,,,,
178,14.363492299999962,-1022.5,-93.0,1166.0,1022.5,,,,,,,,
179,14.438397100000657,-1001.5,-343.0,1373.0,1001.5,,,,,,,,
180,14.524013899999773,-935.5,-411.0,1368.0,935.5,,,,39.317405700683594,7.000339984893799,27.923744201660156,38.59295654296875,48.886722564697266
181,14.5995340999998,-839.5,-321.0,1196.0,839.5,,,,,,,,
182,14.675863899999968,-783.5,-527.5,1343.0,783.5,,,,,,,,
183,14.75446220000049,-714.0,-587.0,1330.0,714.0,,,,,,,,
184,14.831487200000083,-648.5,-595.5,1274.0,648.5,,,,,,,,
185,14.90726210000048,-580.5,-646.5,1250.0,580.5,,,,,,,,
186,14.982564300000377,-513.0,-717.5,1249.0,513.0,,,,,,,,
187,15.059123500000169,-437.75,-735.0,1201.0,437.75,,,,,,,,
188,15.13526869999987,-442.0,-638.0,1111.0,442.0,,,,,,,,
189,15.212560099999791,-494.75,-668.5,1177.0,494.75,,,,,,,,
190,15.290102699999807,-587.0,-347.0,977.0,587.0,,,,,,,,
191,15.365680500000053,-812.5,15.0,825.5,812.5,,,,,,,,
192,15.444123400000535,-976.5,269.0,744.0,976.5,,,,,,,,
193,15.521364400000493,-979.5,358.0,651.5,979.5,,,,,,,,
194,15.597996399999829,-920.0,350.5,592.5,920.0,,,,,,,,
195,15.676147300000594,-831.5,271.5,580.5,831.5,,,,,,,,
196,15.754571299999952,-730.0,236.5,517.5,730.0,,,,,,,,
197,15.833594600000652,-635.0,186.5,475.0,635.0,,,,,,,,
198,15.909374599999865,-572.0,184.25,400.75,572.0,,,,,,,,
199,15.985760300000038,-512.5,139.25,391.25,512.5,,,,,,,,
200,16.06665090000024,-453.75,124.0,337.0,453.75,,,,14.871578216552734,1.794029712677002,11.391018867492676,14.776283264160156,17.870752334594727
201,16.143190400000094,-406.5,39.0,374.25,406.5,,,,,,,,
202,16.221209100000124,-356.0,46.25,321.25,356.0,,,,,,,,
203,16.297478899999987,-312.25,-21.25,343.5,312.25,,,,,,,,
204,16.375087500000518,-272.75,-107.5,384.25,272.75,,,,,,,,
205,16.45088610000039,-239.0,-95.0,344.75,239.0,,,,,,,,
206,16.528688700000203,-200.5,-135.5,347.75,200.5,,,,,,,,
207,16.60471630000029,-173.125,-187.625,362.5,173.125,,,,,,,,
208,16.681419200000164,-145.125,-249.0,404.25,145.125,,,,,,,,
209,16.758001900000636,-139.375,-274.25,421.0,139.375,,,,,,,,
210,16.83432240000002,-121.875,-311.75,444.75,121.875,,,,,,,,
211,16.91030950000004,-153.125,-388.25,549.5,153.125,,,,,,,,
212,16.98516660000041,-245.625,-340.0,602.5,245.625,,,,,,,,
213,17.06171809999978,-316.75,-264.5,595.5,316.75,,,,,,,,
214,17.139449400000558,-398.25,-263.25,666.0,398.25,,,,,,,,
215,17.217458300000544,-488.25,-224.75,723.0,488.25,,,,,,,,
216,17.29572780000035,-569.0,-161.0,740.0,569.0,,,,,,,,
217,17.372207700000217,-652.0,-159.0,813.5,652.0,,,,,,,,
218,17.448909100000492,-693.0,-170.0,862.0,693.0,,,,,,,,
219,17.528759300000274,-720.0,-69.5,812.5,720.0,,,,,,,,
220,17.61183500000061,-664.5,-41.0,730.5,664.5,,,,25.51565933227539,3.9195315837860107,20.238340377807617,26.39760971069336,29.93708038330078
221,17.687852699999894,-646.5,-17.5,679.5,646.5,,,,,,,,
222,17.765876800000115,-613.5,-86.5,701.5,613.5,,,,,,,,
223,17.842467899999974,-559.5,-40.5,608.0,559.5,,,,,,,,
224,17.918010800000047,-521.0,-104.5,621.5,521.0,,,,,,,,
225,17.99532090000048,-465.25,-24.0,513.0,465.25,,,,,,,,
226,18.073718700000427,-440.0,-25.75,474.25,440.0,,,,,,,,
227,18.151346300000114,-415.0,16.5,411.5,415.0,,,,,,,,
228,18.228201300000364,-421.25,-37.75,458.25,421.25,,,,,,,,
229,18.304843599999913,-373.0,-45.25,430.75,373.0,,,,,,,,
230,18.383263400000033,-325.75,-55.25,394.75,325.75,,,,,,,,
231,18.459331099999872,-297.25,-78.0,388.0,297.25,,,,,,,,
232,18.537583299999824,-257.0,-81.5,349.5,257.0,,,,,,,,
233,18.6135146000006,-215.625,-144.25,376.0,215.625,,,,,,,,
234,18.69064470000012,-184.0,-177.125,373.75,184.0,,,,,,,,
235,18.767709800000375,-177.875,-142.625,326.5,177.875,,,,,,,,
236,18.845417800000178,-168.0,-248.25,417.25,168.0,,,,,,,,
237,18.92213720000018,-150.75,-256.5,413.25,150.75,,,,,,,,
238,18.99874439999985,-143.125,-390.5,540.5,143.125,,,,,,,,
239,19.076154600000336,-115.5625,-418.5,537.0,115.5625,,,,,,,,
240,19.1589584000003,-77.5625,-437.0,547.5,77.5625,,,,20.15454864501953,4.000367641448975,13.109500885009766,20.913742065429688,26.29953956604004
241,19.236633999999867,-89.75,-478.25,576.0,89.75,,,,,,,,
242,19.312752300000284,-77.6875,-406.5,532.5,77.6875,,,,,,,,
243,19.388983100000587,-123.125,-338.0,463.75,123.125,,,,,,,,
244,19.466093099999853,-191.625,-271.0,469.75,191.625,,,,,,,,
245,19.544226099999833,-142.625,-131.75,315.75,142.625,,,,,,,,
246,19.619146699999874,-89.8125,-184.375,310.25,89.8125,,,,,,,,
247,19.694473600000492,-42.40625,-183.75,257.25,42.40625,,,,,,,,
248,19.771527400000195,-9.4765625,-120.5,161.25,9.4765625,,,,,,,,
249,19.84583770000063,20.203125,-188.75,196.875,-20.203125,,,,,,,,
250,19.922321200000624,20.859375,-122.1875,126.6875,-20.859375,,,,,,,,
251,20.0017469000004,-37.59375,-40.90625,90.75,37.59375,,,,,,,,
252,20.078196899999966,-103.0625,26.75,81.8125,103.0625,,,,,,,,
253,20.1550900000002,-154.5,57.4375,120.1875,154.5,,,,,,,,
254,20.233871200000067,-236.125,148.5,104.0,236.125,,,,,,,,
255,20.311153800000284,-247.875,170.75,99.8125,247.875,,,,,,,,
256,20.387463500000194,-209.875,77.0,144.875,209.875,,,,,,,,
257,20.462641600000097,-178.5,64.625,120.75,178.5,,,,,,,,
258,20.540060899999844,-149.625,-5.625,164.25,149.625,,,,,,,,
259,20.614609199999904,-127.0,-37.875,174.125,127.0,,,,,,,,
260,20.695824800000082,-109.625,-71.375,190.75,109.625,,,,9.880855560302734,2.992598533630371,6.996227741241455,8.570440292358398,16.028701782226562
261,20.772031000000425,-90.3125,-85.25,181.125,90.3125,,,,,,,,
262,20.847320700000637,-80.625,-169.75,267.0,80.625,,,,,,,,
263,20.921864500000083,-62.125,-199.0,265.25,62.125,,,,,,,,
264,20.998666100000264,-42.125,-222.625,270.0,42.125,,,,,,,,
265,21.07530820000011,-24.515625,-314.0,346.5,24.515625,,,,,,,,
266,21.152048200000536,-1.6796875,-376.5,383.75,1.6796875,,,,,,,,
267,21.2307737000001,21.625,-500.0,475.75,-21.625,,,,,,,,
268,21.3065588999998,52.5625,-541.5,499.25,-52.5625,,,,,,,,
269,21.382728900000075,60.28125,-730.0,690.0,-60.28125,,,,,,,,
270,21.45848079999996,53.03125,-688.0,618.0,-53.03125,,,,,,,,
271,21.53441710000061,92.75,-796.0,734.0,-92.75,,,,,,,,
272,21.60943750000024,34.375,-834.0,750.5,-34.375,,,,,,,,
273,21.685060599999815,67.625,-818.5,800.5,-67.625,,,,,,,,
274,21.7638379,15.2578125,-775.5,773.0,-15.2578125,,,,,,,,
275,21.84016040000006,-37.53125,-747.5,785.5,37.53125,,,,,,,,
276,21.916452800000116,-134.75,-623.0,715.5,134.75,,,,,,,,
277,21.992506999999932,-443.5,-148.75,541.5,443.5,,,,,,,,
278,22.069366000000628,-613.0,231.25,440.75,613.0,,,,,,,,
279,22.145806200000152,-745.0,342.5,394.0,745.0,,,,,,,,
280,22.228543199999876,-661.0,294.5,333.0,661.0,,,,29.117141723632812,2.7760584354400635,24.465232849121094,29.100296020507812,33.45577621459961
281,22.304809700000078,-509.5,320.5,250.375,509.5,,,,,,,,
282,22.38203109999995,-440.5,291.75,165.0,440.5,,,,,,,,
283,22.45893200000046,-384.25,285.0,135.125,384.25,,,,,,,,
284,22.534932800000206,-334.75,239.125,96.375,334.75,,,,,,,,
285,22.612235700000383,-293.75,277.0,52.71875,293.75,,,,,,,,
286,22.688607000000047,-247.25,175.0,88.8125,247.25,,,,,,,,
287,22.7652207000001,-219.5,235.5,3.52734375,219.5,,,,,,,,
288,22.84160789999987,-178.75,194.25,-7.1796875,178.75,,,,,,,,
289,22.91692789999979,-147.375,134.0,20.28125,147.375,,,,,,,,
290,22.994052600000032,-104.6875,103.0,13.5234375,104.6875,,,,,,,,
291,23.073243400000138,-79.6875,98.25,-14.40625,79.6875,,,,,,,,
292,23.15165849999994,-43.8125,68.75,-17.921875,43.8125,,,,,,,,
293,23.229409900000064,-14.8828125,44.75,-20.890625,14.8828125,,,,,,,,
294,23.307433599999968,13.609375,18.03125,-24.46875,-13.609375,,,,,,,,
295,23.382684199999858,44.5625,-26.765625,-11.765625,-44.5625,,,,,,,,
296,23.478797400000076,80.125,-53.625,-16.171875,-80.125,,,,,,,,
297,23.557728700000553,122.875,-79.4375,-32.0625,-122.875,,,,,,,,
298,23.63291560000016,173.5,-143.0,-20.015625,-173.5,,,,,,,,
299,23.708744700000352,235.5,-197.25,-25.96875,-235.5,,,,,,,,
300,23.789574500000526,306.5,-254.25,-32.75,-306.5,,,,7.864912509918213,1.3488798141479492,5.77252721786499,7.986292839050293,9.667739868164062
301,23.866139400000066,397.75,-336.25,-38.71875,-397.75,,,,,,,,
302,23.94298450000042,466.25,-384.5,-74.875,-466.25,,,,,,,,
303,24.019789599999967,559.0,-452.75,-73.75,-559.0,,,,,,,,
304,24.097461199999998,574.0,-468.75,-92.25,-574.0,,,,,,,,
305,24.17568570000003,565.5,-454.25,-92.25,-565.5,,,,,,,,
306,24.250483599999825,526.5,-448.25,-74.3125,-526.5,,,,,,,,
307,24.32647570000063,479.0,-402.5,-58.59375,-479.0,,,,,,,,
308,24.40231649999987,435.25,-351.0,-88.875,-435.25,,,,,,,,
309,24.48059740000008,393.5,-325.25,-55.5625,-393.5,,,,,,,,
310,24.558125700000346,331.75,-366.75,18.796875,-331.75,,,,,,,,
311,24.63491190000059,321.5,-358.5,39.0625,-321.5,,,,,,,,
312,24.713311100000283,288.5,-349.5,67.5,-288.5,,,,,,,,
313,24.79190749999998,268.0,-315.0,53.625,-268.0,,,,,,,,
314,24.868749000000207,240.375,-281.75,43.90625,-240.375,,,,,,,,
315,24.950480600000446,203.625,-384.0,196.625,-203.625,,,,,,,,
316,25.028610899999876,147.75,-415.0,262.0,-147.75,,,,,,,,
317,25.10435469999993,101.25,-378.5,293.25,-101.25,,,,,,,,
318,25.17922980000003,28.578125,-419.25,388.0,-28.578125,,,,,,,,
319,25.2568267000006,-40.875,-239.625,286.5,40.875,,,,,,,,
320,25.339643600000272,-138.875,-269.75,394.5,138.875,,,,22.766489028930664,9.678444862365723,10.048136711120605,21.782913208007812,43.1939697265625
321,25.415476099999978,-162.75,-269.0,437.0,162.75,,,,,,,,
322,25.492494400000396,-188.375,-75.625,268.75,188.375,,,,,,,,
323,25.570014699999774,-189.5,-100.625,311.0,189.5,,,,,,,,
324,25.647040500000003,-131.875,-163.75,308.75,131.875,,,,,,,,
325,25.722836900000402,-47.46875,-371.0,446.0,47.46875,,,,,,,,
326,25.79989410000053,-15.53125,-259.5,286.0,15.53125,,,,,,,,
327,25.876714600000014,42.28125,-327.75,313.5,-42.28125,,,,,,,,
328,25.954339100000652,73.0,-309.25,306.75,-73.0,,,,,,,,
329,26.03209980000065,71.0,-289.5,221.5,-71.0,,,,,,,,
330,26.109803100000136,68.6875,-357.5,287.5,-68.6875,,,,,,,,
331,26.185527499999807,-4.8203125,-324.5,320.5,4.8203125,,,,,,,,
332,26.262822499999857,-26.59375,-369.5,346.5,26.59375,,,,,,,,
333,26.340705900000103,-39.0625,-89.25,185.625,39.0625,,,,,,,,
334,26.417526199999884,-45.3125,-111.75,178.375,45.3125,,,,,,,,
335,26.494259400000374,-46.28125,-96.0625,170.625,46.28125,,,,,,,,
336,26.57018060000064,-83.9375,35.375,115.375,83.9375,,,,,,,,
337,26.647644000000582,-90.5625,-8.125,100.875,90.5625,,,,,,,,
338,26.72299750000002,-54.78125,-115.5,184.0,54.78125,,,,,,,,
339,26.80074820000027,-39.90625,-5.5625,63.625,39.90625,,,,,,,,
340,26.88243060000059,-38.59375,14.4375,67.0625,38.59375,,,,21.22467613220215,7.4190993309021,8.60948371887207,21.728670120239258,31.608808517456055
341,26.959626500000013,-7.89453125,-2.671875,26.609375,7.89453125,,,,,,,,
342,27.03659830000015,-14.0703125,-25.125,75.5625,14.0703125,,,,,,,,
343,27.113378200000625,15.2109375,-9.671875,-7.39453125,-15.2109375,,,,,,,,
344,27.18920539999999,49.25,-23.21875,7.859375,-49.25,,,,,,,,
345,27.26726360000066,82.5625,-189.25,98.625,-82.5625,,,,,,,,
346,27.345325100000082,106.75,-210.5,100.5,-106.75,,,,,,,,
347,27.42179170000054,113.625,-232.25,124.1875,-113.625,,,,,,,,
348,27.49842609999996,126.875,-307.5,191.5,-126.875,,,,,,,,
349,27.575592099999994,132.625,-439.5,313.25,-132.625,,,,,,,,
350,27.65256170000066,155.125,-547.0,397.5,-155.125,,,,,,,,
351,27.730071200000566,182.125,-698.5,526.5,-182.125,,,,,,,,
352,27.807309200000418,202.0,-875.0,687.0,-202.0,,,,,,,,
353,27.8832867000001,220.875,-904.0,714.0,-220.875,,,,,,,,
354,27.959611500000392,259.25,-1101.0,891.5,-259.25,,,,,,,,
355,28.036344900000586,218.75,-1345.0,1104.0,-218.75,,,,,,,,
356,28.11276379999981,143.625,-1280.0,1080.0,-143.625,,,,,,,,
357,28.190489900000102,77.4375,-1230.0,1172.0,-77.4375,,,,,,,,
358,28.267217499999788,-296.25,-793.5,1263.0,296.25,,,,,,,,
359,28.343351700000312,-589.0,-499.5,1205.0,589.0,,,,,,,,
360,28.426835899999787,-821.0,-630.0,1310.0,821.0,,,,53.51091003417969,15.970602035522461,25.06682014465332,55.55553436279297,75.47034454345703
361,28.503046800000448,-808.0,-353.5,1322.0,808.0,,,,,,,,
362,28.579693399999996,-1001.5,-438.5,1351.0,1001.5,,,,,,,,
363,28.65939419999995,-1060.0,-181.0,1306.0,1060.0,,,,,,,,
364,28.737816400000156,-1015.0,11.0,1052.0,1015.0,,,,,,,,
365,28.81846829999995,-1061.0,-13.0,934.5,1061.0,,,,,,,,
366,28.8969960000004,-937.5,7.0,980.0,937.5,,,,,,,,
367,28.972862499999792,-927.0,336.0,678.5,927.0,,,,,,,,
368,29.048387200000434,-829.5,396.0,489.0,829.5,,,,,,,,
369,29.12432600000011,-694.5,456.75,367.75,694.5,,,,,,,,
370,29.20033180000064,-545.5,342.5,240.375,545.5,,,,,,,,
371,29.278418700000657,-344.0,168.75,204.5,344.0,,,,,,,,
372,29.35687280000002,-162.125,69.25,130.375,162.125,,,,,,,,
373,29.4373599999999,6.43359375,-4.46875,36.34375,-6.43359375,,,,,,,,
374,29.51584180000009,174.5,-132.375,9.3671875,-174.5,,,,,,,,
375,29.591068800000357,273.5,-205.125,-47.625,-273.5,,,,,,,,
376,29.66778609999983,384.5,-329.5,-27.671875,-384.5,,,,,,,,
377,29.743076100000508,447.5,-319.75,-103.25,-447.5,,,,,,,,
378,29.819173500000034,504.25,-362.75,-120.0,-504.25,,,,,,,,
379,29.8949932000005,531.0,-396.25,-135.25,-531.0,,,,,,,,
380,29.97601990000021,555.0,-445.5,-99.5,-555.0,,,,23.48108673095703,5.109457492828369,13.942924499511719,24.8988037109375,30.16737174987793
381,30.05470359999981,566.5,-406.0,-150.5,-566.5,,,,,,,,
382,30.13102440000057,567.5,-436.5,-124.875,-567.5,,,,,,,,
383,30.207455100000516,556.0,-345.0,-200.625,-556.0,,,,,,,,
384,30.28666130000056,531.5,-482.25,-31.296875,-531.5,,,,,,,,
385,30.366658599999937,474.5,-432.0,-47.78125,-474.5,,,,,,,,
386,30.44409429999996,400.25,-327.75,-73.25,-400.25,,,,,,,,
387,30.52360300000055,297.0,-257.5,-40.0,-297.0,,,,,,,,
388,30.607144999999946,179.75,-218.5,42.4375,-179.75,,,,,,,,
389,30.686709300000075,39.15625,-65.75,30.796875,-39.15625,,,,,,,,
390,30.76454620000004,-57.9375,-14.375,72.9375,57.9375,,,,,,,,
391,30.84327889999986,-146.5,89.625,66.875,146.5,,,,,,,,
392,30.921322500000315,-175.625,84.9375,102.0625,175.625,,,,,,,,
393,31.00375510000049,-191.25,-14.75,209.5,191.25,,,,,,,,
394,31.084730300000047,-184.0,67.25,135.875,184.0,,,,,,,,
395,31.16874050000024,-166.5,64.125,129.375,166.5,,,,,,,,
396,31.250677500000165,-152.875,21.5,144.5,152.875,,,,,,,,
397,31.345243100000516,-129.5,7.6875,124.1875,129.5,,,,,,,,
398,31.42536790000031,-106.6875,-36.25,142.75,106.6875,,,,,,,,
399,31.50770350000039,-77.1875,-100.6875,178.25,77.1875,,,,,,,,
400,31.59740839999995,-40.3125,-65.8125,116.6875,40.3125,,,,13.100693702697754,6.14326286315918,4.200249671936035,12.94969654083252,25.168302536010742
401,31.684707600000365,-20.5625,-176.0,204.125,20.5625,,,,,,,,
402,31.769268200000624,5.45703125,-61.375,69.875,-5.45703125,,,,,,,,
403,31.84919700000046,17.765625,-140.875,137.875,-17.765625,,,,,,,,
404,31.92844100000002,19.671875,-252.25,242.625,-19.671875,,,,,,,,
405,32.00768590000007,26.75,-232.125,209.625,-26.75,,,,,,,,
406,32.084375600000385,34.3125,-291.5,257.5,-34.3125,,,,,,,,
407,32.16386270000021,41.9375,-308.5,269.25,-41.9375,,,,,,,,
408,32.243321099999775,40.09375,-353.25,308.5,-40.09375,,,,,,,,
409,32.32415899999978,38.90625,-415.25,379.5,-38.90625,,,,,,,,
410,32.403947800000424,41.875,-354.5,309.25,-41.875,,,,,,,,
411,32.48055620000014,20.359375,-406.25,376.0,-20.359375,,,,,,,,
412,32.55740539999988,6.09765625,-358.0,360.25,-6.09765625,,,,,,,,
413,32.63418940000065,-12.8046875,-374.75,390.75,12.8046875,,,,,,,,
414,32.716784799999914,-65.0,-449.0,500.5,65.0,,,,,,,,
415,32.80002060000061,-115.0625,-340.5,453.25,115.0625,,,,,,,,
416,32.87970750000022,-180.875,-245.375,451.25,180.875,,,,,,,,
417,32.95989069999996,-261.5,-101.25,392.25,261.5,,,,,,,,
418,33.03772730000037,-334.0,-32.5,382.25,334.0,,,,,,,,
419,33.11636230000022,-329.25,-16.25,363.5,329.25,,,,,,,,
420,33.2034220000005,-294.25,84.25,262.75,294.25,,,,19.80025863647461,5.87783670425415,9.320162773132324,21.052711486816406,28.124231338500977
421,33.2844012000005,-289.25,49.0,252.0,289.25,,,,,,,,
422,33.363422999999784,-247.5,7.625,238.25,247.5,,,,,,,,
423,33.44199540000045,-236.75,13.0,250.0,236.75,,,,,,,,
424,33.521989900000335,-190.125,43.25,162.75,190.125,,,,,,,,
425,33.6093649000004,-168.375,21.25,150.625,168.375,,,,,,,,
426,33.69632840000031,-114.8125,3.625,144.0,114.8125,,,,,,,,
427,33.780434700000114,-75.1875,-98.0,178.75,75.1875,,,,,,,,
428,33.861442700000225,-57.6875,-113.5625,167.5,57.6875,,,,,,,,
429,33.94186330000048,-11.90625,-130.625,145.75,11.90625,,,,,,,,
430,34.02231870000014,25.609375,-89.0,78.875,-25.609375,,,,,,,,
431,34.10357449999992,48.46875,-142.25,107.0625,-48.46875,,,,,,,,
432,34.183098399999835,72.6875,-115.0,60.25,-72.6875,,,,,,,,
433,34.262967200000276,73.5625,-218.625,146.5,-73.5625,,,,,,,,
434,34.342315200000485,110.1875,-204.0,121.9375,-110.1875,,,,,,,,
435,34.42316440000013,84.375,-188.25,81.875,-84.375,,,,,,,,
436,34.5044439000003,77.25,-228.375,136.25,-77.25,,,,,,,,
437,34.58762200000001,76.9375,-166.0,96.0,-76.9375,,,,,,,,
438,34.66959240000051,63.9375,-195.625,133.25,-63.9375,,,,,,,,
439,34.74723240000003,39.75,-153.625,103.75,-39.75,,,,,,,,
440,34.836102299999766,4.2578125,-144.5,142.125,-4.2578125,,,,13.612549781799316,6.023867130279541,5.093855381011963,13.109363555908203,24.43332862854004
441,34.915681000000404,16.0625,-136.75,142.625,-16.0625,,,,,,,,
442,34.9957529000003,-13.9296875,-100.8125,133.25,13.9296875,,,,,,,,
443,35.07274990000042,-36.71875,-164.0,211.875,36.71875,,,,,,,,
444,35.15007810000043,-37.75,-89.625,145.375,37.75,,,,,,,,
445,35.231370999999854,-35.53125,-169.75,215.875,35.53125,,,,,,,,
446,35.31041989999994,-36.78125,-124.5,167.75,36.78125,,,,,,,,
447,35.39396360000046,-13.1640625,-136.0,175.375,13.1640625,,,,,,,,
448,35.47431039999992,-7.40625,-148.5,168.875,7.40625,,,,,,,,
449,35.55481690000033,8.296875,-181.5,182.125,-8.296875,,,,,,,,
450,35.63182589999997,25.25,-225.5,218.375,-25.25,,,,,,,,
451,35.712120300000606,23.75,-288.5,270.5,-23.75,,,,,,,,
452,35.789996900000006,33.15625,-318.5,282.5,-33.15625,,,,,,,,
453,35.871058300000186,64.6875,-322.0,269.25,-64.6875,,,,,,,,
454,35.95066440000028,66.6875,-386.0,323.0,-66.6875,,,,,,,,
455,36.0278758000004,85.375,-469.5,387.0,-85.375,,,,,,,,
456,36.10517570000047,97.75,-487.5,404.25,-97.75,,,,,,,,
457,36.18106380000063,76.9375,-504.0,444.25,-76.9375,,,,,,,,
458,36.257601199999954,57.125,-590.5,536.5,-57.125,,,,,,,,
459,36.33424400000058,60.5625,-537.0,497.0,-60.5625,,,,,,,,
460,36.41957830000047,47.96875,-558.0,523.5,-47.96875,,,,20.792625427246094,4.796082496643066,15.613611221313477,19.727243423461914,29.030305862426758
461,36.4978916,11.765625,-513.0,528.0,-11.765625,,,,,,,,
462,36.57692490000045,-68.125,-449.5,546.0,68.125,,,,,,,,
463,36.65732339999977,-182.0,-350.0,556.0,182.0,,,,,,,,
464,36.73656990000018,-273.5,-173.75,478.75,273.5,,,,,,,,
465,36.81368730000031,-291.5,-121.5,442.25,291.5,,,,,,,,
466,36.891965800000435,-247.5,-216.0,489.25,247.5,,,,,,,,
467,36.97365609999997,-205.375,-252.5,482.0,205.375,,,,,,,,
468,37.056749800000034,-148.25,-297.25,463.0,148.25,,,,,,,,
469,37.13601500000004,-104.625,-316.25,440.75,104.625,,,,,,,,
470,37.21331840000039,-50.59375,-379.75,452.5,50.59375,,,,,,,,
471,37.290150700000595,-12.921875,-480.0,514.5,12.921875,,,,,,,,
472,37.365222299999914,7.40234375,-492.75,487.5,-7.40234375,,,,,,,,
473,37.445765100000244,36.65625,-474.5,462.0,-36.65625,,,,,,,,
474,37.53072020000036,48.65625,-516.0,482.0,-48.65625,,,,,,,,
475,37.609556800000064,46.0625,-606.0,565.5,-46.0625,,,,,,,,
476,37.69218160000037,52.75,-583.0,559.5,-52.75,,,,,,,,
477,37.76974719999998,47.5,-608.0,580.0,-47.5,,,,,,,,
478,37.84541950000039,61.8125,-680.0,642.0,-61.8125,,,,,,,,
479,37.9271404000001,23.578125,-646.5,643.5,-23.578125,,,,,,,,
480,38.013557400000536,-83.875,-593.0,707.5,83.875,,,,30.994216918945312,7.545583248138428,21.57727813720703,29.942195892333984,44.499732971191406
481,38.095364800000425,-269.75,-328.0,649.0,269.75,,,,,,,,
482,38.178095700000085,-456.0,-17.75,527.0,456.0,,,,,,,,
483,38.25670230000014,-483.5,32.25,502.25,483.5,,,,,,,,
484,38.33317850000003,-399.75,-2.5,450.0,399.75,,,,,,,,
485,38.44104580000021,-292.75,-37.75,369.0,292.75,,,,,,,,
486,38.5191377000001,-222.875,-126.0,366.75,222.875,,,,,,,,
487,38.59765659999994,-182.75,-118.75,321.5,182.75,,,,,,,,
488,38.67672700000003,-163.25,-100.625,277.0,163.25,,,,,,,,
489,38.75337639999998,-155.75,-173.125,352.5,155.75,,,,,,,,
490,38.83250339999995,-190.125,-135.125,352.0,190.125,,,,,,,,
491,38.91071400000055,-173.5,-14.625,222.875,173.5,,,,,,,,
492,38.992545000000064,-151.125,-57.625,242.25,151.125,,,,,,,,
493,39.07010170000012,-94.25,-78.875,207.5,94.25,,,,,,,,
494,39.14678880000065,-27.109375,-118.875,182.375,27.109375,,,,,,,,
495,39.22522800000024,11.5859375,-126.1875,132.875,-11.5859375,,,,,,,,
496,39.308418800000254,29.4375,-136.5,124.625,-29.4375,,,,,,,,
497,39.39021260000027,22.9375,-110.375,106.75,-22.9375,,,,,,,,
498,39.46591940000053,-4.0859375,-64.25,83.625,4.0859375,,,,,,,,
499,39.54504160000033,-20.9375,-55.21875,96.25,20.9375,,,,,,,,
500,39.6302368000006,-22.984375,-35.40625,79.375,22.984375,,,,14.607074737548828,1.371985912322998,12.939103126525879,14.34298324584961,16.983192443847656
501,39.70891819999997,-3.462890625,-40.375,64.875,3.462890625,,,,,,,,
502,39.786014799999975,19.84375,-58.28125,56.34375,-19.84375,,,,,,,,
503,39.862376200000654,38.9375,-79.0,48.71875,-38.9375,,,,,,,,
504,39.94099040000037,48.40625,-96.0,54.21875,-48.40625,,,,,,,,
505,40.02003560000048,48.90625,-85.875,44.96875,-48.90625,,,,,,,,
506,40.10148879999997,45.75,-62.8125,27.203125,-45.75,,,,,,,,
507,40.191821000000346,37.8125,-63.5625,35.125,-37.8125,,,,,,,,
508,40.28049590000046,26.84375,-64.8125,45.25,-26.84375,,,,,,,,
509,40.37349170000016,16.203125,-66.75,61.375,-16.203125,,,,,,,,
510,40.461894800000664,0.90283203125,-64.0,67.125,-0.90283203125,,,,,,,,
511,40.5478806000001,-10.1171875,-67.5,83.8125,10.1171875,,,,,,,,
512,40.6447533999999,-28.078125,-101.3125,127.5,28.078125,,,,,,,,
513,40.7403860000004,-36.28125,-49.34375,96.5,36.28125,,,,,,,,
514,40.83556270000008,-43.6875,-109.5,163.75,43.6875,,,,,,,,
515,40.927588300000025,-59.84375,-131.75,199.5,59.84375,,,,,,,,
516,41.025664900000265,-81.5,-140.875,219.25,81.5,,,,,,,,
517,41.11443980000058,-118.625,-171.875,287.25,118.625,,,,,,,,
518,41.21160820000023,-131.75,-148.125,282.25,131.75,,,,,,,,
519,41.291417500000534,-158.5,-206.625,346.5,158.5,,,,,,,,
520,41.38106169999992,-182.75,-230.125,420.75,182.75,,,,14.037363052368164,3.0579230785369873,8.866405487060547,13.706869125366211,18.740758895874023
521,41.46505010000055,-196.625,-161.125,367.0,196.625,,,,,,,,
522,41.545523499999945,-209.375,-267.25,471.75,209.375,,,,,,,,
523,41.62594520000039,-242.375,-295.0,556.0,242.375,,,,,,,,
524,41.703416899999866,-261.25,-313.75,576.0,261.25,,,,,,,,
525,41.78041219999977,-304.25,-321.75,624.0,304.25,,,,,,,,
526,41.857765499999914,-347.75,-423.5,757.0,347.75,,,,,,,,
527,41.93354619999991,-408.25,-557.5,956.0,408.25,,,,,,,,
528,42.01274879999983,-450.25,-413.0,867.5,450.25,,,,,,,,
529,42.09520950000024,-522.5,-517.5,1036.0,522.5,,,,,,,,
530,42.180179699999826,-580.0,-624.0,1206.0,580.0,,,,,,,,
531,42.26812239999981,-635.5,-445.0,1074.0,635.5,,,,,,,,
532,42.34775360000003,-657.5,-321.5,988.0,657.5,,,,,,,,
533,42.42666290000034,-748.5,-504.5,1233.0,748.5,,,,,,,,
534,42.5064868999998,-824.5,-355.5,1185.0,824.5,,,,,,,,
535,42.59357439999985,-814.5,-131.0,997.5,814.5,,,,,,,,
536,42.68638499999997,-800.5,10.5,798.0,800.5,,,,,,,,
537,42.778585300000486,-784.5,-167.0,948.0,784.5,,,,,,,,
538,42.85755150000023,-739.0,-40.0,783.5,739.0,,,,,,,,
539,42.93578969999999,-678.0,25.0,715.0,678.0,,,,,,,,
540,43.01845760000015,-702.0,-9.5,739.5,702.0,,,,24.4063720703125,5.219680309295654,15.872360229492188,24.463790893554688,32.14681625366211
541,43.0961956000001,-631.0,113.5,547.5,631.0,,,,,,,,
542,43.17249559999982,-554.5,-60.5,640.5,554.5,,,,,,,,
543,43.25133160000041,-536.0,-38.5,583.5,536.0,,,,,,,,
544,43.33340399999997,-461.0,-94.0,560.0,461.0,,,,,,,,
545,43.422299900000326,-376.75,-55.25,464.25,376.75,,,,,,,,
546,43.50733540000056,-366.25,-162.0,527.0,366.25,,,,,,,,
547,43.593681899999865,-339.75,-184.0,519.5,339.75,,,,,,,,
548,43.675289700000576,-349.75,-184.0,539.0,349.75,,,,,,,,
549,43.75625769999988,-386.5,-126.5,523.0,386.5,,,,,,,,
550,43.83506910000051,-462.5,62.5,432.0,462.5,,,,,,,,
551,43.91572030000043,-544.5,28.5,534.0,544.5,,,,,,,,
552,43.99569380000048,-550.5,99.0,465.5,550.5,,,,,,,,
553,44.07512760000009,-545.0,6.0,548.0,545.0,,,,,,,,
554,44.154586700000436,-512.5,124.0,409.5,512.5,,,,,,,,
555,44.234761400000025,-484.0,25.5,470.0,484.0,,,,,,,,
556,44.31501670000034,-487.75,11.0,478.0,487.75,,,,,,,,
557,44.3934392000001,-480.75,0.0,484.75,480.75,,,,,,,,
558,44.47474599999987,-475.5,-23.5,500.5,475.5,,,,,,,,
559,44.55421630000001,-463.0,-8.0,474.25,463.0,,,,,,,,
560,44.63990290000038,-466.75,-61.75,526.5,466.75,,,,13.163217544555664,1.532652497291565,10.368239402770996,13.151639938354492,15.437483787536621
561,44.718407400000615,-457.25,-53.0,514.5,457.25,,,,,,,,
562,44.79981990000033,-457.25,-115.0,568.5,457.25,,,,,,,,
563,44.877279700000145,-456.0,-52.5,511.75,456.0,,,,,,,,
564,44.95782550000058,-445.25,-108.0,557.5,445.25,,,,,,,,
565,45.03963600000043,-450.75,-128.25,578.0,450.75,,,,,,,,
566,45.1282269000003,-454.0,-136.0,591.5,454.0,,,,,,,,
567,45.20966420000059,-451.0,-147.5,599.5,451.0,,,,,,,,
568,45.28868419999981,-463.25,-151.5,616.5,463.25,,,,,,,,
569,45.37296100000003,-475.5,-229.5,696.5,475.5,,,,,,,,
570,45.45470949999981,-487.5,-218.0,698.0,487.5,,,,,,,,
571,45.53534870000021,-516.0,-205.5,728.5,516.0,,,,,,,,
572,45.61790860000019,-558.5,-202.5,761.5,558.5,,,,,,,,
573,45.69740809999985,-569.0,-146.0,736.5,569.0,,,,,,,,
574,45.780754700000216,-611.5,-202.5,816.0,611.5,,,,,,,,
575,45.86325459999989,-626.0,-177.5,813.0,626.0,,,,,,,,
576,45.946406000000025,-621.5,-143.5,787.5,621.5,,,,,,,,
577,46.03534140000011,-578.0,-185.5,755.5,578.0,,,,,,,,
578,46.11412449999989,-502.5,-203.5,733.5,502.5,,,,,,,,
579,46.19577759999993,-402.75,-294.5,702.5,402.75,,,,,,,,
580,46.29554370000005,-312.5,-391.75,697.5,312.5,,,,20.447246551513672,7.258806228637695,12.220836639404297,20.298751831054688,33.980262756347656
581,46.37942519999979,-228.0,-477.5,703.5,228.0,,,,,,,,
582,46.46300549999978,-172.5,-429.5,594.0,172.5,,,,,,,,
583,46.551640900000166,-89.3125,-334.5,452.0,89.3125,,,,,,,,
584,46.634992899999816,-101.1875,-637.5,737.5,101.1875,,,,,,,,
585,46.71731850000015,-117.375,-412.0,549.0,117.375,,,,,,,,
586,46.802879900000335,-175.5,-312.25,516.0,175.5,,,,,,,,
587,46.885467099999914,-286.25,-430.0,727.0,286.25,,,,,,,,
588,46.96624609999981,-444.25,-244.0,693.0,444.25,,,,,,,,
589,47.045148600000175,-566.0,-190.0,767.0,566.0,,,,,,,,
590,47.13080960000025,-583.0,-50.5,654.0,583.0,,,,,,,,
591,47.22214679999979,-604.0,-175.5,774.5,604.0,,,,,,,,
592,47.34776190000048,-618.0,-112.0,735.0,618.0,,,,,,,,
593,47.43360290000055,-649.0,-70.5,727.0,649.0,,,,,,,,
594,47.51243450000038,-673.5,-29.5,736.0,673.5,,,,,,,,
595,47.590690600000016,-700.0,-40.5,757.0,700.0,,,,,,,,
596,47.66912540000067,-674.5,58.5,653.0,674.5,,,,,,,,
597,47.750229400000535,-633.0,20.0,626.5,633.0,,,,,,,,
598,47.834837000000334,-554.0,-1.5,576.5,554.0,,,,,,,,
599,47.91902019999998,-481.75,5.25,509.75,481.75,,,,,,,,
600,48.00861950000035,-448.25,-15.5,482.0,448.25,,,,16.666288375854492,2.9265646934509277,11.706286430358887,16.331005096435547,21.833600997924805
601,48.08978829999978,-404.5,-85.25,498.0,404.5,,,,,,,,
602,48.16965049999999,-339.75,-48.5,410.0,339.75,,,,,,,,
603,48.25380010000026,-294.75,-68.5,385.25,294.75,,,,,,,,
604,48.35139919999983,-252.25,-49.0,313.5,252.25,,,,,,,,
605,48.46469789999992,-223.625,-65.375,291.25,223.625,,,,,,,,
606,48.56964160000007,-182.25,-103.875,292.75,182.25,,,,,,,,
607,48.65719640000043,-146.75,-154.5,308.75,146.75,,,,,,,,
608,48.74666940000043,-130.375,-181.0,317.75,130.375,,,,,,,,
609,48.84259590000056,-112.8125,-244.25,371.75,112.8125,,,,,,,,
610,48.94192480000038,-109.875,-199.5,299.25,109.875,,,,,,,,
611,49.042980300000636,-81.375,-274.25,365.0,81.375,,,,,,,,
612,49.12251710000055,-66.4375,-258.0,327.5,66.4375,,,,,,,,
613,49.20382609999979,-46.125,-272.25,338.25,46.125,,,,,,,,
614,49.286020200000166,-33.75,-368.75,419.5,33.75,,,,,,,,
615,49.371808599999895,-27.125,-353.0,393.75,27.125,,,,,,,,
616,49.45571910000035,-23.921875,-364.0,401.5,23.921875,,,,,,,,
617,49.53533669999979,-24.03125,-387.5,444.25,24.03125,,,,,,,,
618,49.61763140000039,-54.09375,-359.0,430.75,54.09375,,,,,,,,
619,49.69876900000054,-46.25,-379.0,432.25,46.25,,,,,,,,
620,49.79126290000022,-38.90625,-338.5,383.0,38.90625,,,,21.821041107177734,1.834482192993164,18.76589012145996,21.911441802978516,24.228740692138672
621,49.88068730000032,-7.73046875,-349.75,353.5,7.73046875,,,,,,,,
622,49.98884249999992,48.53125,-371.75,326.5,-48.53125,,,,,,,,
623,50.072326800000155,70.0,-337.5,296.5,-70.0,,,,,,,,
624,50.16201710000041,103.375,-382.25,284.75,-103.375,,,,,,,,
625,50.32894390000001,157.25,-402.25,252.375,-157.25,,,,,,,,
626,50.4544362000006,175.625,-391.5,204.125,-175.625,,,,,,,,
627,50.66418220000014,249.0,-462.0,242.5,-249.0,,,,,,,,
628,50.81902499999978,239.25,-365.5,130.5,-239.25,,,,,,,,
629,50.93805909999992,280.25,-462.5,174.25,-280.25,,,,,,,,
630,51.061311999999816,322.25,-383.0,94.125,-322.25,,,,,,,,
631,51.184271300000546,358.75,-403.25,74.9375,-358.75,,,,,,,,
632,51.287910200000624,307.5,-426.0,126.125,-307.5,,,,,,,,
633,51.37612360000003,280.5,-371.0,81.1875,-280.5,,,,,,,,
634,51.473421800000324,170.75,-240.125,117.75,-170.75,,,,,,,,
635,51.57974900000045,51.09375,-103.5,98.0625,-51.09375,,,,,,,,
636,51.67969760000051,-189.125,79.5625,42.3125,189.125,,,,,,,,
637,51.79210359999979,-275.0,261.5,32.96875,275.0,,,,,,,,
638,51.88745160000053,-317.75,327.5,-21.890625,317.75,,,,,,,,
639,52.01753160000044,-284.25,325.25,11.578125,284.25,,,,,,,,
640,52.120627799999966,-333.75,353.5,-35.09375,333.75,,,,17.218242645263672,3.427764892578125,12.12828254699707,17.251163482666016,21.71708106994629
641,52.20620409999992,-301.0,314.5,-24.875,301.0,,,,,,,,
642,52.31394940000064,-233.5,276.0,-19.625,233.5,,,,,,,,
643,52.40462759999991,-208.5,249.0,-38.5625,208.5,,,,,,,,
644,52.5099952999999,-161.5,204.875,-45.625,161.5,,,,,,,,
645,52.59588260000055,-114.375,183.0,-55.46875,114.375,,,,,,,,
646,52.681553800000074,-90.9375,135.0,-37.28125,90.9375,,,,,,,,
647,52.764031000000614,-65.6875,124.0625,-54.625,65.6875,,,,,,,,
648,52.856248699999924,-52.40625,101.9375,-45.75,52.40625,,,,,,,,
649,52.9429624000004,-31.796875,84.125,-52.5625,31.796875,,,,,,,,
650,53.03140110000004,-17.03125,59.6875,-42.78125,17.03125,,,,,,,,
651,53.120230900000024,-0.904296875,45.75,-43.53125,0.904296875,,,,,,,,
652,53.20717990000048,10.875,34.96875,-42.875,-10.875,,,,,,,,
653,53.29292609999993,19.8125,21.71875,-39.53125,-19.8125,,,,,,,,
654,53.3768227999999,28.6875,15.71875,-42.84375,-28.6875,,,,,,,,
655,53.4556192,40.21875,6.71875,-42.9375,-40.21875,,,,,,,,
656,53.53624170000057,49.375,-1.46875,-46.65625,-49.375,,,,,,,,
657,53.62140390000059,61.03125,-18.75,-41.75,-61.03125,,,,,,,,
658,53.70417379999981,70.0625,-25.84375,-42.21875,-70.0625,,,,,,,,
659,53.791643399999884,79.0,-42.125,-37.1875,-79.0,,,,,,,,
660,53.88570340000024,92.75,-48.21875,-41.15625,-92.75,,,,4.783045768737793,0.6775412559509277,3.597790241241455,4.873767852783203,5.616214275360107
661,53.97973850000017,104.0625,-62.34375,-39.84375,-104.0625,,,,,,,,
662,54.06706149999991,109.5625,-80.0625,-28.75,-109.5625,,,,,,,,
663,54.1541315000004,118.6875,-85.9375,-29.3125,-118.6875,,,,,,,,
664,54.23223330000019,124.0625,-125.5,5.08203125,-124.0625,,,,,,,,
665,54.31212510000023,121.625,-134.0,12.03125,-121.625,,,,,,,,
666,54.390170800000305,122.125,-145.375,23.546875,-122.125,,,,,,,,
667,54.47042390000024,116.625,-168.875,50.46875,-116.625,,,,,,,,
668,54.54762590000064,98.6875,-187.5,86.875,-98.6875,,,,,,,,
669,54.62743630000023,68.5,-176.0,101.4375,-68.5,,,,,,,,
670,54.70596680000017,36.96875,-194.375,168.5,-36.96875,,,,,,,,
671,54.78339330000017,-21.171875,-166.75,196.375,21.171875,,,,,,,,
672,54.86326350000036,-85.25,-206.75,288.25,85.25,,,,,,,,
673,54.94775860000027,-162.625,-209.0,344.75,162.625,,,,,,,,
674,55.03061969999999,-219.25,-217.5,426.75,219.25,,,,,,,,
675,55.110750499999995,-297.25,-161.75,447.5,297.25,,,,,,,,
676,55.187270100000205,-427.25,-49.5,472.25,427.25,,,,,,,,
677,55.26546849999977,-580.0,-79.5,657.0,580.0,,,,,,,,
678,55.35990660000061,-556.5,34.5,542.0,556.5,,,,,,,,
679,55.44700030000058,-505.0,-80.0,566.5,505.0,,,,,,,,
680,55.55028579999998,-427.5,-83.75,523.0,427.5,,,,15.509249687194824,5.244187355041504,7.43537712097168,14.489645004272461,25.70798110961914
681,55.65307329999996,-399.5,-74.5,475.5,399.5,,,,,,,,
682,55.73552430000018,-332.5,-144.5,472.5,332.5,,,,,,,,
683,55.81248010000036,-307.0,-209.75,517.5,307.0,,,,,,,,
684,55.89322510000056,-291.75,-187.0,497.5,291.75,,,,,,,,
685,55.97263610000027,-300.25,-333.0,632.5,300.25,,,,,,,,
686,56.05290620000051,-289.5,-347.75,632.0,289.5,,,,,,,,
687,56.1325566000005,-291.25,-292.25,588.0,291.25,,,,,,,,
688,56.21559100000013,-279.0,-387.5,663.0,279.0,,,,,,,,
689,56.29897080000046,-287.0,-361.5,664.0,287.0,,,,,,,,
690,56.385875699999815,-283.75,-366.75,657.0,283.75,,,,,,,,
691,56.47396209999988,-263.25,-281.25,554.0,263.25,,,,,,,,
692,56.55735430000004,-271.25,-170.75,453.0,271.25,,,,,,,,
693,56.660530400000425,-273.25,-418.0,717.0,273.25,,,,,,,,
694,56.7418432000004,-305.75,-186.0,520.0,305.75,,,,,,,,
695,56.90705290000005,-343.0,-100.75,475.75,343.0,,,,,,,,
696,57.017624300000534,-293.5,-123.0,457.5,293.5,,,,,,,,
697,57.11717140000019,-274.25,-18.0,315.0,274.25,,,,,,,,
698,57.21252439999989,-229.375,-26.875,278.0,229.375,,,,,,,,
699,57.3024290000003,-203.0,-62.25,282.75,203.0,,,,,,,,
700,57.434376500000326,-161.875,9.5,134.0,161.875,,,,19.179767608642578,4.695860862731934,12.50944995880127,19.832151412963867,26.603763580322266
701,57.53635050000048,-87.25,-145.875,200.625,87.25,,,,,,,,
702,57.641449300000204,-22.546875,-173.75,178.875,22.546875,,,,,,,,
703,57.75887039999998,-0.44580078125,-80.0,112.5625,0.44580078125,,,,,,,,
704,57.86222170000019,58.375,-155.25,118.9375,-58.375,,,,,,,,
705,57.96415680000064,60.75,-184.375,124.0625,-60.75,,,,,,,,
706,58.06343560000005,79.375,-150.75,75.125,-79.375,,,,,,,,
707,58.19032090000019,117.25,-146.25,74.5625,-117.25,,,,,,,,
708,58.306585899999845,172.875,-227.5,85.9375,-172.875,,,,,,,,
709,58.4400869000001,147.625,-258.5,82.0,-147.625,,,,,,,,
710,58.53370750000067,241.375,-318.0,140.75,-241.375,,,,,,,,
711,58.619145700000445,223.75,-320.0,76.625,-223.75,,,,,,,,
712,58.70346570000038,250.25,-388.25,101.5625,-250.25,,,,,,,,
713,58.797571099999914,312.25,-393.75,98.6875,-312.25,,,,,,,,
714,58.88457670000025,293.5,-400.5,110.4375,-293.5,,,,,,,,
715,58.972727600000326,307.25,-521.5,222.875,-307.25,,,,,,,,
716,59.057936000000154,298.75,-374.75,72.9375,-298.75,,,,,,,,
717,59.13661899999988,325.5,-447.75,149.5,-325.5,,,,,,,,
718,59.21868180000001,304.0,-483.25,164.75,-304.0,,,,,,,,
719,59.30235960000027,227.375,-366.75,135.875,-227.375,,,,,,,,
720,59.394192900000235,166.0,-353.25,154.0,-166.0,,,,21.75390625,3.2856369018554688,16.85496711730957,21.571434020996094,27.765888214111328
721,59.47856839999986,122.625,-207.0,112.375,-122.625,,,,,,,,
722,59.56113259999984,74.9375,-139.5,45.0625,-74.9375,,,,,,,,
723,59.648151500000495,39.96875,-72.6875,74.1875,-39.96875,,,,,,,,
724,59.73098410000057,53.21875,-56.4375,48.375,-53.21875,,,,,,,,
725,59.81636299999991,14.0625,24.90625,-17.0625,-14.0625,,,,,,,,
726,59.90224510000007,12.1015625,-88.25,69.1875,-12.1015625,,,,,,,,
727,59.98756890000004,22.390625,-20.390625,-4.50390625,-22.390625,,,,,,,,
728,60.07131240000035,4.171875,-41.25,29.921875,-4.171875,,,,,,,,
729,60.15518930000053,11.96875,-44.1875,24.03125,-11.96875,,,,,,,,
730,60.24055750000025,20.46875,-28.46875,0.7255859375,-20.46875,,,,,,,,
731,60.32268810000005,34.09375,21.65625,-55.78125,-34.09375,,,,,,,,
732,60.40427110000019,65.0625,36.78125,-96.625,-65.0625,,,,,,,,
733,60.48565400000007,67.625,-26.15625,-39.15625,-67.625,,,,,,,,
734,60.566279900000154,78.5625,14.40625,-74.9375,-78.5625,,,,,,,,
735,60.650842200000625,73.5,-5.1875,-62.125,-73.5,,,,,,,,
736,60.7340850999999,57.125,-57.15625,-6.36328125,-57.125,,,,,,,,
737,60.81717889999982,33.84375,-54.0625,24.484375,-33.84375,,,,,,,,
738,60.90322830000059,9.9921875,-57.3125,41.59375,-9.9921875,,,,,,,,
739,60.9831279,-41.34375,-43.84375,81.8125,41.34375,,,,,,,,
740,61.072992800000065,-61.6875,-43.0,100.375,61.6875,,,,11.965713500976562,1.0439821481704712,10.30446720123291,11.931188583374023,13.473196983337402
741,61.16091080000024,-85.0,-82.3125,163.625,85.0,,,,,,,,
742,61.24929280000015,-117.1875,-83.9375,198.375,117.1875,,,,,,,,
743,61.33379690000038,-147.875,-99.25,255.0,147.875,,,,,,,,
744,61.42151009999998,-201.25,-118.125,311.0,201.25,,,,,,,,
745,61.52859410000019,-230.0,-164.875,373.25,230.0,,,,,,,,
746,61.628600000000006,-252.375,-180.5,447.5,252.375,,,,,,,,
747,61.73518560000048,-313.5,-155.75,455.0,313.5,,,,,,,,
748,61.831596699999864,-311.25,-242.25,544.0,311.25,,,,,,,,
749,61.926252600000225,-270.5,-187.75,468.0,270.5,,,,,,,,
750,62.01473200000055,-198.125,-249.25,460.0,198.125,,,,,,,,
751,62.105546400000094,-91.5,-243.375,368.25,91.5,,,,,,,,
752,62.19596400000046,5.1015625,-407.5,445.0,-5.1015625,,,,,,,,
753,62.27585030000046,23.171875,-387.25,355.0,-23.171875,,,,,,,,
754,62.357405100000506,97.75,-424.5,394.25,-97.75,,,,,,,,
755,62.44508760000008,54.65625,-408.5,387.25,-54.65625,,,,,,,,
756,62.529295000000275,-54.25,-378.75,417.25,54.25,,,,,,,,
757,62.61406600000009,-152.5,-210.125,365.75,152.5,,,,,,,,
758,62.69907770000009,-260.5,-135.75,440.0,260.5,,,,,,,,
759,62.787288100000296,-339.25,-25.0,432.0,339.25,,,,,,,,
760,62.8786841000001,-489.5,-114.25,589.5,489.5,,,,26.488265991210938,9.462034225463867,12.288817405700684,26.170291900634766,41.22429656982422
761,62.96649460000026,-527.5,29.5,523.0,527.5,,,,,,,,
762,63.050717500000246,-488.0,-8.25,490.5,488.0,,,,,,,,
763,63.13823830000001,-398.0,27.5,392.5,398.0,,,,,,,,
764,63.2235539000003,-316.0,-25.0,394.0,316.0,,,,,,,,
765,63.305877700000565,-302.0,-62.5,344.5,302.0,,,,,,,,
766,63.390113600000404,-182.0,-93.125,332.0,182.0,,,,,,,,
767,63.47806330000003,-148.625,-127.75,303.5,148.625,,,,,,,,
768,63.56298980000065,-106.875,-115.625,199.625,106.875,,,,,,,,
769,63.64663019999989,-22.9375,-155.0,182.75,22.9375,,,,,,,,
770,63.73570149999978,-4.4609375,-197.875,199.625,4.4609375,,,,,,,,
771,63.824600300000384,47.03125,-179.25,148.0,-47.03125,,,,,,,,
772,63.909684899999775,92.4375,-114.6875,88.25,-92.4375,,,,,,,,
773,64.00493619999997,134.625,-213.0,118.75,-134.625,,,,,,,,
774,64.09545109999999,111.5625,-230.0,150.375,-111.5625,,,,,,,,
775,64.17938460000005,81.6875,-125.75,74.1875,-81.6875,,,,,,,,
776,64.26234430000022,41.625,-118.5,84.3125,-41.625,,,,,,,,
777,64.34772059999978,-1.5927734375,-118.9375,90.75,1.5927734375,,,,,,,,
778,64.43245690000003,6.31640625,-157.375,148.0,-6.31640625,,,,,,,,
779,64.52520999999979,-32.03125,-119.9375,128.625,32.03125,,,,,,,,
780,64.61778380000032,-83.4375,-122.75,168.75,83.4375,,,,17.50115966796875,1.5322496891021729,14.899609565734863,17.483497619628906,20.034120559692383
781,64.70082060000004,-110.75,-118.4375,238.875,110.75,,,,,,,,
782,64.78590880000047,-165.875,-94.625,261.0,165.875,,,,,,,,
783,64.8699674999998,-205.625,-29.0,249.625,205.625,,,,,,,,
784,64.9529862999998,-253.625,-36.625,255.625,253.625,,,,,,,,
785,65.0393036000005,-245.5,10.25,241.75,245.5,,,,,,,,
786,65.12070690000019,-257.25,-29.625,285.5,257.25,,,,,,,,
787,65.20453220000036,-275.5,-72.75,326.5,275.5,,,,,,,,
788,65.29401340000004,-260.0,-3.25,293.0,260.0,,,,,,,,
789,65.37281470000016,-246.25,-42.25,301.75,246.25,,,,,,,,
790,65.45503740000004,-228.25,-110.75,346.75,228.25,,,,,,,,
791,65.53869490000034,-242.375,-113.0,350.0,242.375,,,,,,,,
792,65.6248129000005,-234.75,-204.75,432.5,234.75,,,,,,,,
793,65.7082177000002,-242.125,-142.25,399.25,242.125,,,,,,,,
794,65.79029200000059,-255.0,-187.25,467.75,255.0,,,,,,,,
795,65.87431300000026,-314.25,-117.75,464.75,314.25,,,,,,,,
796,65.95857479999995,-350.0,-131.5,455.25,350.0,,,,,,,,
797,66.04216980000001,-363.5,-4.0,406.25,363.5,,,,,,,,
798,66.12680369999998,-374.75,28.5,357.75,374.75,,,,,,,,
799,66.20598609999979,-336.5,-12.0,359.5,336.5,,,,,,,,
800,66.29638590000013,-270.25,20.25,260.25,270.25,,,,12.811819076538086,4.590594291687012,6.467070579528809,11.732436180114746,21.164377212524414
801,66.3829437000004,-193.375,-4.625,224.0,193.375,,,,,,,,
802,66.46676910000042,-145.625,-98.5,239.375,145.625,,,,,,,,
803,66.55075940000006,-99.6875,-87.1875,209.25,99.6875,,,,,,,,
804,66.63527930000055,-60.125,-118.25,197.75,60.125,,,,,,,,
805,66.72030260000065,-44.375,-117.8125,164.125,44.375,,,,,,,,
806,66.80614620000051,2.6875,-140.875,140.875,-2.6875,,,,,,,,
807,66.89010880000023,-11.203125,-165.25,152.875,11.203125,,,,,,,,
808,66.97247150000021,-3.203125,-103.0625,106.75,3.203125,,,,,,,,
809,67.05999549999979,9.296875,-80.9375,94.375,-9.296875,,,,,,,,
810,67.14706410000053,9.109375,-46.78125,45.25,-9.109375,,,,,,,,
811,67.22976060000019,70.875,-29.1875,-67.625,-70.875,,,,,,,,
812,67.3209281999998,133.25,-15.625,-113.0,-133.25,,,,,,,,
813,67.40663850000055,149.0,-33.25,-125.25,-149.0,,,,,,,,
814,67.4936228000006,193.625,-33.75,-125.625,-193.625,,,,,,,,
815,67.57773140000063,163.375,29.875,-184.25,-163.375,,,,,,,,
816,67.66651199999978,128.375,-22.5,-133.0,-128.375,,,,,,,,
817,67.7493728999998,89.4375,-22.6875,-70.25,-89.4375,,,,,,,,
818,67.83380639999996,49.09375,-6.84375,-53.1875,-49.09375,,,,,,,,
819,67.91734270000052,-17.1875,-62.75,65.5,17.1875,,,,,,,,
820,68.0074994000006,-45.34375,-34.65625,75.3125,45.34375,,,,12.719727516174316,4.5742669105529785,5.59420919418335,12.3943452835083,21.023481369018555
821,68.09045180000066,-84.5625,-75.625,172.875,84.5625,,,,,,,,
822,68.1695066000002,-158.125,-94.5,240.25,158.125,,,,,,,,
823,68.24893740000061,-198.875,-36.25,247.0,198.875,,,,,,,,
824,68.32817260000047,-231.75,-54.5,263.5,231.75,,,,,,,,
825,68.40784500000063,-245.0,-72.5,317.5,245.0,,,,,,,,
826,68.48679100000027,-265.25,-67.75,330.25,265.25,,,,,,,,
827,68.56469019999986,-221.875,-23.25,258.5,221.875,,,,,,,,
828,68.64385350000066,-170.125,-89.25,254.625,170.125,,,,,,,,
829,68.72369170000002,-48.84375,-35.6875,104.125,48.84375,,,,,,,,
830,68.80385410000054,38.5,-94.1875,94.375,-38.5,,,,,,,,
831,68.88696770000024,81.9375,-91.375,22.484375,-81.9375,,,,,,,,
832,68.97131890000037,109.4375,-85.0,-12.125,-109.4375,,,,,,,,
833,69.0522832000006,87.4375,-78.25,1.861328125,-87.4375,,,,,,,,
834,69.13509090000025,67.0,-72.4375,5.14453125,-67.0,,,,,,,,
835,69.21411770000032,74.125,-49.5,-10.609375,-74.125,,,,,,,,
836,69.30402200000026,50.71875,-61.3125,-7.12890625,-50.71875,,,,,,,,
837,69.39361890000055,46.84375,-73.8125,34.875,-46.84375,,,,,,,,
838,69.47947810000005,14.859375,-48.625,27.78125,-14.859375,,,,,,,,
839,69.56536469999992,9.1484375,-60.4375,34.5,-9.1484375,,,,,,,,
840,69.65981999999985,27.609375,-72.625,45.6875,-27.609375,,,,17.16220474243164,3.9412245750427246,9.665275573730469,17.0698184967041,22.465702056884766
841,69.74220560000049,-17.765625,-39.3125,29.25,17.765625,,,,,,,,
842,69.82022760000018,11.84375,-59.9375,38.3125,-11.84375,,,,,,,,
843,69.8978705999998,20.546875,-44.6875,16.25,-20.546875,,,,,,,,
844,69.97544749999997,63.5,-43.21875,-2.841796875,-63.5,,,,,,,,
845,70.08595659999992,55.6875,-122.875,5.8359375,-55.6875,,,,,,,,
846,70.17373950000001,102.3125,-76.5,-42.75,-102.3125,,,,,,,,
847,70.24976570000035,97.625,-64.6875,-24.859375,-97.625,,,,,,,,
848,70.32536140000047,36.25,-41.09375,-8.8125,-36.25,,,,,,,,
849,70.40206269999999,-28.953125,-27.453125,41.34375,28.953125,,,,,,,,
850,70.48112290000063,-60.34375,-54.5,100.5625,60.34375,,,,,,,,
851,70.55819220000012,-23.078125,-36.9375,68.5625,23.078125,,,,,,,,
852,70.64028670000062,-59.53125,-30.9375,103.9375,59.53125,,,,,,,,
853,70.71739400000024,-51.84375,-75.375,115.875,51.84375,,,,,,,,
854,70.79643860000033,-44.1875,-43.25,104.0625,44.1875,,,,,,,,
855,70.87441970000054,16.53125,-74.9375,68.6875,-16.53125,,,,,,,,
856,70.95480010000028,41.65625,-58.625,19.96875,-41.65625,,,,,,,,
857,71.03517980000015,40.5625,-53.9375,13.1640625,-40.5625,,,,,,,,
858,71.12060259999998,65.0625,-38.0625,-22.71875,-65.0625,,,,,,,,
859,71.19638980000036,65.875,-59.3125,-9.8125,-65.875,,,,,,,,
860,71.28539340000043,81.9375,-46.0625,-45.0,-81.9375,,,,12.24526309967041,3.6132776737213135,6.725317001342773,11.717263221740723,19.584545135498047
861,71.36886570000024,112.3125,-9.5625,-83.5625,-112.3125,,,,,,,,
862,71.4580261000001,110.9375,-9.9375,-76.0625,-110.9375,,,,,,,,
863,71.5373184,50.71875,-16.0625,-48.8125,-50.71875,,,,,,,,
864,71.61762120000003,21.25,-33.59375,7.1328125,-21.25,,,,,,,,
865,71.69447159999982,-30.25,-68.6875,58.125,30.25,,,,,,,,
866,71.7713504000003,-31.65625,-38.34375,85.875,31.65625,,,,,,,,
867,71.8515266000004,-82.1875,-97.125,136.375,82.1875,,,,,,,,
868,71.93196400000033,-64.25,-71.375,133.125,64.25,,,,,,,,
869,72.02292980000038,-60.84375,-43.375,116.3125,60.84375,,,,,,,,
870,72.1018438000001,-65.375,-68.25,131.125,65.375,,,,,,,,
871,72.17962679999982,-60.90625,-61.75,129.0,60.90625,,,,,,,,
872,72.25702330000058,-17.296875,-85.625,102.6875,17.296875,,,,,,,,
873,72.33312110000043,6.36328125,-74.0625,61.8125,-6.36328125,,,,,,,,
874,72.41204090000065,19.8125,-68.625,47.40625,-19.8125,,,,,,,,
875,72.49435480000011,44.0625,-87.375,49.625,-44.0625,,,,,,,,
876,72.57381650000025,20.71875,-118.0,91.5625,-20.71875,,,,,,,,
877,72.65403760000027,9.4921875,-111.75,98.625,-9.4921875,,,,,,,,
878,72.73434960000031,10.4609375,-77.5,71.125,-10.4609375,,,,,,,,
879,72.81401460000052,34.40625,-99.125,69.8125,-34.40625,,,,,,,,
880,72.89885920000052,19.40625,-81.6875,50.40625,-19.40625,,,,12.763303756713867,3.5795552730560303,7.920232772827148,12.133560180664062,18.223188400268555
881,72.9807365000006,68.5,-90.8125,29.765625,-68.5,,,,,,,,
882,73.06349690000025,92.6875,-108.0,20.03125,-92.6875,,,,,,,,
883,73.16196209999998,74.5,-106.75,22.59375,-74.5,,,,,,,,
884,73.2421316,51.125,-118.0,65.0,-51.125,,,,,,,,
885,73.32068450000043,36.375,-99.0,46.09375,-36.375,,,,,,,,
886,73.39933590000055,-14.203125,-121.5625,116.25,14.203125,,,,,,,,
887,73.48259860000053,-57.625,-157.875,202.625,57.625,,,,,,,,
888,73.56136330000027,-114.625,-134.5,246.875,114.625,,,,,,,,
889,73.64021700000012,-150.375,-166.125,323.0,150.375,,,,,,,,
890,73.72388800000044,-172.0,-91.875,271.75,172.0,,,,,,,,
891,73.80645249999998,-63.4375,-43.5,172.0,63.4375,,,,,,,,
892,73.88774550000016,35.21875,-76.9375,82.9375,-35.21875,,,,,,,,
893,73.96793770000022,81.125,-116.625,57.78125,-81.125,,,,,,,,
894,74.05047590000049,125.75,-93.5,3.482421875,-125.75,,,,,,,,
895,74.13534830000026,129.625,-122.75,-10.09375,-129.625,,,,,,,,
896,74.21780649999982,138.875,-113.25,12.03125,-138.875,,,,,,,,
897,74.3022004000004,22.8125,-148.5,106.6875,-22.8125,,,,,,,,
898,74.38558000000012,-15.03125,-134.375,172.375,15.03125,,,,,,,,
899,74.46436890000041,-61.8125,-137.5,198.75,61.8125,,,,,,,,
900,74.54920720000064,-119.9375,-89.8125,213.0,119.9375,,,,15.568775177001953,3.986504077911377,9.513357162475586,15.489351272583008,21.68730354309082
901,74.62979020000057,-129.25,-37.0,185.75,129.25,,,,,,,,
902,74.7077435000001,-90.4375,-58.5,164.375,90.4375,,,,,,,,
903,74.78954849999991,-33.1875,-71.8125,118.375,33.1875,,,,,,,,
904,74.86760740000045,45.1875,-105.8125,74.9375,-45.1875,,,,,,,,
905,74.94387499999993,94.5,-147.5,59.0,-94.5,,,,,,,,
906,75.02336980000018,105.125,-116.5625,28.640625,-105.125,,,,,,,,
907,75.10151790000054,12.75,-145.625,122.0,-12.75,,,,,,,,
908,75.18745170000057,-87.3125,-114.75,188.375,87.3125,,,,,,,,
909,75.26499740000054,-166.75,-88.25,252.25,166.75,,,,,,,,
910,75.3427098000002,-215.25,-127.0,349.75,215.25,,,,,,,,
911,75.42117620000045,-292.75,-145.0,399.0,292.75,,,,,,,,
912,75.50097319999986,-292.0,-138.5,450.25,292.0,,,,,,,,
913,75.57930699999997,-333.25,-117.0,455.0,333.25,,,,,,,,
914,75.66086749999977,-292.75,-97.75,430.75,292.75,,,,,,,,
915,75.74294819999977,-262.0,-92.125,332.75,262.0,,,,,,,,
916,75.8199340000001,-93.125,-69.25,200.875,93.125,,,,,,,,
917,75.89479680000022,81.1875,-177.0,100.375,-81.1875,,,,,,,,
918,75.97711979999985,212.25,-130.25,-34.1875,-212.25,,,,,,,,
919,76.05929500000002,271.75,-198.0,-68.1875,-271.75,,,,,,,,
920,76.14851230000022,292.25,-172.0,-92.0625,-292.25,,,,14.24059009552002,5.806339263916016,7.140669345855713,12.657035827636719,23.637807846069336
921,76.23333640000055,331.25,-134.625,-144.625,-331.25,,,,,,,,
922,76.3176596000003,239.5,-119.125,-118.875,-239.5,,,,,,,,
923,76.40133109999988,139.5,-56.125,-57.4375,-139.5,,,,,,,,
924,76.47926040000038,86.0625,-54.6875,-26.296875,-86.0625,,,,,,,,
925,76.5604443000002,7.33203125,-54.1875,29.421875,-7.33203125,,,,,,,,
926,76.64069590000054,-33.96875,-103.875,140.625,33.96875,,,,,,,,
927,76.71975629999997,-51.53125,-65.4375,123.6875,51.53125,,,,,,,,
928,76.79840140000033,-106.4375,-92.9375,209.375,106.4375,,,,,,,,
929,76.87866500000018,-138.375,-52.75,202.125,138.375,,,,,,,,
930,76.96055200000046,-118.6875,-30.8125,158.0,118.6875,,,,,,,,
931,77.04631960000006,-23.65625,-39.34375,77.3125,23.65625,,,,,,,,
932,77.13740909999979,119.0,-125.5625,36.75,-119.0,,,,,,,,
933,77.23836010000014,176.75,-181.375,29.796875,-176.75,,,,,,,,
934,77.35201630000029,134.25,-141.625,-9.5546875,-134.25,,,,,,,,
935,77.49661840000044,73.1875,-109.625,49.28125,-73.1875,,,,,,,,
936,77.61873520000063,-22.875,-69.25,82.375,22.875,,,,,,,,
937,77.70894950000002,-121.0625,-108.1875,226.625,121.0625,,,,,,,,
938,77.8123587,-201.75,-50.875,253.5,201.75,,,,,,,,
939,77.93039050000061,-263.75,-166.5,416.75,263.75,,,,,,,,
940,78.03574060000028,-336.5,-49.5,394.5,336.5,,,,16.59001922607422,6.237090110778809,6.456725597381592,17.140398025512695,25.476016998291016
941,78.14649360000021,-367.75,-63.5,471.5,367.75,,,,,,,,
942,78.23390500000005,-425.75,-7.25,463.0,425.75,,,,,,,,
943,78.34380109999984,-417.25,-49.75,465.5,417.25,,,,,,,,
944,78.46128620000036,-374.25,-72.75,457.5,374.25,,,,,,,,
945,78.58683329999985,-313.0,-105.5,441.5,313.0,,,,,,,,
946,78.7023693000001,-207.5,-80.375,324.0,207.5,,,,,,,,
947,78.80349790000037,-165.125,-53.625,239.875,165.125,,,,,,,,
948,78.89198850000048,-56.0625,-75.0,138.625,56.0625,,,,,,,,
949,78.98761660000036,87.25,-85.8125,45.4375,-87.25,,,,,,,,
950,79.07723590000023,251.25,-145.375,-61.875,-251.25,,,,,,,,
951,79.1861912000004,374.75,-153.375,-174.625,-374.75,,,,,,,,
952,79.27760260000014,472.5,-246.5,-266.0,-472.5,,,,,,,,
953,79.37619189999987,603.0,-256.75,-283.75,-603.0,,,,,,,,
954,79.46838389999994,479.0,-114.5,-376.0,-479.0,,,,,,,,
955,79.56126800000038,357.75,-4.25,-313.75,-357.75,,,,,,,,
956,79.65928330000042,217.25,77.375,-294.0,-217.25,,,,,,,,
957,79.76735460000054,174.75,76.125,-254.625,-174.75,,,,,,,,
958,79.86714530000063,157.125,-10.75,-146.625,-157.125,,,,,,,,
959,79.9580403,130.875,-40.0,-90.875,-130.875,,,,,,,,
960,80.0594058000006,113.875,-115.1875,-1.0771484375,-113.875,,,,9.565990447998047,2.197627067565918,6.599450588226318,9.172151565551758,13.047219276428223
961,80.15264900000057,99.4375,-165.75,63.6875,-99.4375,,,,,,,,
962,80.24701689999984,55.875,-249.0,180.25,-55.875,,,,,,,,
963,80.35085100000015,-64.25,-222.375,253.625,64.25,,,,,,,,
964,80.44226350000008,-169.375,-98.75,286.5,169.375,,,,,,,,
965,80.5358784,-324.75,-90.5,412.0,324.75,,,,,,,,
966,80.62754180000047,-333.75,49.75,320.0,333.75,,,,,,,,
967,80.72010409999984,-210.125,10.25,237.125,210.125,,,,,,,,
968,80.80681420000019,-7.9375,-82.25,125.0625,7.9375,,,,,,,,
969,80.91973690000032,208.875,-209.625,52.21875,-208.875,,,,,,,,
970,81.00470070000028,340.0,-253.875,-28.359375,-340.0,,,,,,,,
971,81.08573270000034,316.5,-289.0,11.0,-316.5,,,,,,,,
972,81.17234280000048,165.25,-222.0,49.96875,-165.25,,,,,,,,
973,81.27043640000011,-14.1640625,38.8125,-4.5390625,14.1640625,,,,,,,,
974,81.3707131000001,-158.5,-16.5,175.0,158.5,,,,,,,,
975,81.4541221999998,-265.75,80.625,179.125,265.75,,,,,,,,
976,81.54014760000064,-268.25,109.0,191.5,268.25,,,,,,,,
977,81.63582889999998,-224.75,79.375,174.25,224.75,,,,,,,,
978,81.7203169000004,-169.125,-4.5,188.5,169.125,,,,,,,,
979,81.80554610000036,-120.4375,-18.625,149.875,120.4375,,,,,,,,
980,81.90282500000012,-57.03125,-75.6875,149.125,57.03125,,,,8.977956771850586,1.8095686435699463,5.918773174285889,9.035066604614258,11.691993713378906
981,81.99719129999994,-9.7421875,-152.0,175.75,9.7421875,,,,,,,,
982,82.08516270000018,22.734375,-188.5,162.875,-22.734375,,,,,,,,
983,82.18528940000033,53.53125,-207.125,151.875,-53.53125,,,,,,,,
984,82.2680092999999,91.5625,-270.25,205.125,-91.5625,,,,,,,,
985,82.35040089999984,99.875,-329.25,247.875,-99.875,,,,,,,,
986,82.43336989999989,59.71875,-324.5,255.875,-59.71875,,,,,,,,
987,82.52110770000036,44.9375,-260.5,255.625,-44.9375,,,,,,,,
988,82.60558050000054,-42.3125,-242.375,269.75,42.3125,,,,,,,,
989,82.68624340000042,-150.375,-144.25,258.75,150.375,,,,,,,,
990,82.76949080000031,-210.75,54.75,181.0,210.75,,,,,,,,
991,82.86622820000048,-187.125,164.25,68.375,187.125,,,,,,,,
992,82.95156820000011,-114.9375,125.375,7.71875,114.9375,,,,,,,,
993,83.03611850000016,16.46875,42.90625,-6.98828125,-16.46875,,,,,,,,
994,83.13507850000042,169.75,-21.625,-99.0,-169.75,,,,,,,,
995,83.22200930000054,267.5,-101.875,-157.375,-267.5,,,,,,,,
996,83.3117643000005,333.25,-148.25,-185.25,-333.25,,,,,,,,
997,83.41860730000008,364.25,-110.75,-238.5,-364.25,,,,,,,,
998,83.50396220000039,327.25,-114.75,-229.5,-327.25,,,,,,,,
999,83.59107920000042,234.125,-65.0,-195.5,-234.125,,,,,,,,
1000,83.68562530000054,160.75,4.75,-169.25,-160.75,,,,13.114522933959961,5.230727195739746,5.686373710632324,13.59842300415039,22.182764053344727
1001,83.7735532000006,85.125,-36.375,-55.1875,-85.125,,,,,,,,
1002,83.89395010000044,45.53125,-41.625,14.546875,-45.53125,,,,,,,,
1003,83.98231459999988,-30.171875,-82.875,105.875,30.171875,,,,,,,,
1004,84.07664240000031,-68.75,-182.625,234.375,68.75,,,,,,,,
1005,84.16216320000058,-88.625,-185.75,266.5,88.625,,,,,,,,
1006,84.26686400000017,-127.5625,-226.5,363.0,127.5625,,,,,,,,
1007,84.36695770000006,-205.75,-233.0,450.75,205.75,,,,,,,,
1008,84.46932370000013,-296.0,-152.0,468.0,296.0,,,,,,,,
1009,84.5701981000002,-326.25,-36.75,405.25,326.25,,,,,,,,
1010,84.66894270000012,-355.5,-16.0,376.5,355.5,,,,,,,,
1011,84.76437470000019,-218.25,-42.5,329.5,218.25,,,,,,,,
1012,84.86420830000043,-29.03125,-132.125,211.125,29.03125,,,,,,,,
1013,84.95885150000049,91.375,-98.375,68.0625,-91.375,,,,,,,,
1014,85.03382590000001,107.75,-135.25,35.40625,-107.75,,,,,,,,
1015,85.11117999999988,49.25,19.828125,-48.375,-49.25,,,,,,,,
1016,85.18981710000025,-10.84375,91.5625,-29.734375,10.84375,,,,,,,,
1017,85.2671592000006,-5.9765625,68.5,-29.609375,5.9765625,,,,,,,,
1018,85.34529449999991,-11.46875,64.6875,-46.96875,11.46875,,,,,,,,
1019,85.42150740000034,16.015625,-7.68359375,0.94921875,-16.015625,,,,,,,,
1020,85.50800780000009,54.40625,-4.1875,-44.3125,-54.40625,,,,8.537042617797852,2.957109212875366,5.659660816192627,7.651103973388672,15.025365829467773
1021,85.58486989999983,89.0,-113.125,11.71875,-89.0,,,,,,,,
1022,85.66475309999987,112.1875,-131.0,-2.779296875,-112.1875,,,,,,,,
1023,85.7400576,125.5,-186.75,17.296875,-125.5,,,,,,,,
1024,85.81958960000065,143.75,-201.5,70.5625,-143.75,,,,,,,,
1025,85.89751109999997,125.0625,-180.875,65.25,-125.0625,,,,,,,,
1026,85.97353340000063,56.75,-113.0,52.5,-56.75,,,,,,,,
1027,86.0500675000003,-21.8125,-97.0625,139.875,21.8125,,,,,,,,
1028,86.12733449999996,-129.75,-59.4375,164.25,129.75,,,,,,,,
1029,86.20791580000059,-208.25,25.375,159.0,208.25,,,,,,,,
1030,86.29394020000018,-263.75,122.375,143.125,263.75,,,,,,,,
1031,86.37712879999981,-238.875,92.875,157.375,238.875,,,,,,,,
1032,86.4569663000002,-200.625,87.0,118.5,200.625,,,,,,,,
1033,86.53680040000017,-118.8125,37.75,75.5,118.8125,,,,,,,,
1034,86.61874870000065,-37.625,27.15625,38.78125,37.625,,,,,,,,
1035,86.70182699999987,26.921875,-5.484375,7.734375,-26.921875,,,,,,,,
1036,86.77916199999981,107.75,-78.0,-3.05078125,-107.75,,,,,,,,
1037,86.85727730000053,128.75,-101.625,-21.75,-128.75,,,,,,,,
1038,86.93355549999978,135.25,-109.6875,-23.046875,-135.25,,,,,,,,
1039,87.01809450000019,100.625,-61.03125,-30.53125,-100.625,,,,,,,,
1040,87.10858850000022,105.0,-101.3125,21.765625,-105.0,,,,9.764516830444336,3.1296842098236084,5.779221057891846,9.044953346252441,14.591659545898438
1041,87.1882415,23.09375,-98.0,60.0,-23.09375,,,,,,,,
1042,87.31033089999983,22.234375,-104.5,129.25,-22.234375,,,,,,,,
1043,87.38815390000036,-77.1875,-136.625,234.875,77.1875,,,,,,,,
1044,87.46447110000008,-175.125,-133.5,310.25,175.125,,,,,,,,
1045,87.54418910000004,-275.25,33.0,334.25,275.25,,,,,,,,
1046,87.62563690000025,-251.0,18.125,243.875,251.0,,,,,,,,
1047,87.7028891,-178.25,76.625,113.75,178.25,,,,,,,,
1048,87.78177270000015,-64.5,60.8125,37.6875,64.5,,,,,,,,
1049,87.85877540000001,-26.671875,56.4375,-25.265625,26.671875,,,,,,,,
1050,87.9361372000003,29.96875,20.578125,-48.03125,-29.96875,,,,,,,,
1051,88.0158790000005,63.90625,1.4375,-53.125,-63.90625,,,,,,,,
1052,88.0951068000004,104.0625,-33.65625,-51.90625,-104.0625,,,,,,,,
1053,88.17299430000003,114.9375,-51.5,-64.125,-114.9375,,,,,,,,
1054,88.25144799999998,129.875,-45.875,-65.5,-129.875,,,,,,,,
1055,88.33073690000037,130.375,-64.625,-61.3125,-130.375,,,,,,,,
1056,88.41151290000016,134.125,-87.625,-34.78125,-134.125,,,,,,,,
1057,88.49050100000022,91.1875,-96.0,14.3125,-91.1875,,,,,,,,
1058,88.56790700000056,32.78125,-108.5,70.875,-32.78125,,,,,,,,
1059,88.64656980000018,-10.171875,-80.8125,83.8125,10.171875,,,,,,,,
1060,88.7308622999999,-92.125,-40.1875,122.1875,92.125,,,,10.90327262878418,1.3321788311004639,8.35189151763916,10.893087387084961,13.017386436462402
1061,88.80845289999979,-134.375,-28.75,158.125,134.375,,,,,,,,
1062,88.88509090000025,-210.75,3.375,210.75,210.75,,,,,,,,
1063,88.96365890000015,-247.25,6.0,231.625,247.25,,,,,,,,
1064,89.04044260000046,-261.25,20.375,218.875,261.25,,,,,,,,
1065,89.12143250000008,-212.625,4.75,201.5,212.625,,,,,,,,
1066,89.19873449999977,-146.625,-32.25,188.125,146.625,,,,,,,,
1067,89.27842760000021,-103.4375,-45.1875,164.125,103.4375,,,,,,,,
1068,89.3604949999999,-75.75,-42.9375,128.375,75.75,,,,,,,,
1069,89.43859310000062,-97.25,-16.6875,129.75,97.25,,,,,,,,
1070,89.51723660000061,-86.875,-18.9375,116.125,86.875,,,,,,,,
1071,89.59712800000034,-88.5625,-0.0625,104.0625,88.5625,,,,,,,,
1072,89.67605379999986,-89.75,-49.3125,138.625,89.75,,,,,,,,
1073,89.75373099999979,-61.78125,-83.0625,153.625,61.78125,,,,,,,,
1074,89.83544720000009,-50.28125,-92.9375,166.75,50.28125,,,,,,,,
1075,89.91015680000055,-45.40625,-103.3125,171.5,45.40625,,,,,,,,
1076,89.98834590000024,-50.65625,-46.25,139.875,50.65625,,,,,,,,
1077,90.06655610000053,-49.71875,-91.125,132.5,49.71875,,,,,,,,
1078,90.14590250000037,1.63671875,-67.375,58.90625,-1.63671875,,,,,,,,
1079,90.22607630000039,72.625,-47.84375,-19.03125,-72.625,,,,,,,,
1080,90.31239800000003,150.5,-34.4375,-101.5625,-150.5,,,,11.402305603027344,3.288454294204712,7.265990257263184,10.723226547241211,17.115022659301758
1081,90.38898260000042,233.75,-29.125,-178.375,-233.75,,,,,,,,
1082,90.46663230000013,218.75,-29.875,-197.375,-218.75,,,,,,,,
1083,90.5456750000003,195.625,-63.375,-155.0,-195.625,,,,,,,,
1084,90.62392249999994,180.5,-9.25,-183.75,-180.5,,,,,,,,
1085,90.70164939999995,149.625,-28.375,-125.5,-149.625,,,,,,,,
1086,90.78079600000001,102.0625,-27.1875,-80.625,-102.0625,,,,,,,,
1087,90.85861960000057,62.8125,-56.4375,-20.734375,-62.8125,,,,,,,,
1088,90.93646929999977,15.140625,-57.125,48.1875,-15.140625,,,,,,,,
1089,91.01640570000018,-21.9375,-59.3125,90.3125,21.9375,,,,,,,,
1090,91.09510360000058,-67.375,-74.3125,144.375,67.375,,,,,,,,
1091,91.17580309999994,-65.625,-94.6875,170.75,65.625,,,,,,,,
1092,91.26628090000031,-67.9375,-113.5625,195.0,67.9375,,,,,,,,
1093,91.34898479999993,-67.375,-148.125,195.125,67.375,,,,,,,,
1094,91.44241580000016,-88.4375,-132.75,236.375,88.4375,,,,,,,,
1095,91.5560790999998,-141.875,-109.0625,214.75,141.875,,,,,,,,
1096,91.64545030000045,-198.0,-39.0,221.75,198.0,,,,,,,,
1097,91.78757050000058,-234.375,-6.375,260.25,234.375,,,,,,,,
1098,91.87328840000009,-245.625,23.25,229.125,245.625,,,,,,,,
1099,91.95893479999995,-192.5,9.625,197.25,192.5,,,,,,,,
1100,92.04947919999995,-126.0,-15.875,151.75,126.0,,,,8.552026748657227,1.7414679527282715,5.887724876403809,8.493988037109375,10.941906929016113
1101,92.13294589999987,-53.0,-18.5625,91.4375,53.0,,,,,,,,
1102,92.21382400000039,1.0,-75.8125,67.875,-1.0,,,,,,,,
1103,92.2985349999999,68.0625,-93.9375,39.6875,-68.0625,,,,,,,,
1104,92.38438899999983,100.625,-115.75,22.90625,-100.625,,,,,,,,
1105,92.46587240000008,186.625,-112.1875,-31.578125,-186.625,,,,,,,,
1106,92.54963360000056,178.25,-113.5,-65.75,-178.25,,,,,,,,
1107,92.63426369999979,185.125,-125.125,-66.125,-185.125,,,,,,,,
1108,92.71929880000062,193.125,-86.125,-91.625,-193.125,,,,,,,,
1109,92.80368679999992,93.5625,-74.875,-47.71875,-93.5625,,,,,,,,
1110,92.88571130000037,83.0625,-56.6875,-30.203125,-83.0625,,,,,,,,
1111,92.97528469999997,54.9375,-67.625,-8.484375,-54.9375,,,,,,,,
1112,93.05828970000039,8.265625,-40.53125,20.0,-8.265625,,,,,,,,
1113,93.14073680000001,14.7578125,-18.53125,6.37890625,-14.7578125,,,,,,,,
1114,93.22840280000037,48.1875,-18.25,-19.125,-48.1875,,,,,,,,
1115,93.31233299999985,92.0625,-31.1875,-44.5625,-92.0625,,,,,,,,
1116,93.39257760000055,95.125,-32.28125,-41.59375,-95.125,,,,,,,,
1117,93.47700820000045,105.3125,-56.3125,-47.0625,-105.3125,,,,,,,,
1118,93.55981020000036,112.1875,-41.8125,-57.3125,-112.1875,,,,,,,,
1119,93.63970330000029,105.25,-56.25,-42.625,-105.25,,,,,,,,
1120,93.72678650000034,113.5625,-60.125,-47.75,-113.5625,,,,9.266204833984375,1.8660019636154175,7.123839855194092,8.703756332397461,13.476478576660156
1121,93.81389060000038,142.375,-87.75,-40.03125,-142.375,,,,,,,,
1122,93.91163980000056,127.625,-133.125,4.94921875,-127.625,,,,,,,,
1123,93.99957249999989,160.75,-118.625,-49.125,-160.75,,,,,,,,
1124,94.08093730000019,164.25,-100.625,-82.625,-164.25,,,,,,,,
1125,94.16240319999997,111.75,-98.75,-21.609375,-111.75,,,,,,,,
1126,94.24540359999992,16.96875,-96.0,50.21875,-16.96875,,,,,,,,
1127,94.33119960000022,-21.0625,-52.5625,61.875,21.0625,,,,,,,,
1128,94.41233470000043,-27.59375,-2.3125,41.71875,27.59375,,,,,,,,
1129,94.49320979999993,-18.46875,-24.5625,57.40625,18.46875,,,,,,,,
1130,94.5774835000002,-7.7578125,-28.484375,52.0625,7.7578125,,,,,,,,
1131,94.65798260000065,1.08984375,-14.28125,16.484375,-1.08984375,,,,,,,,
1132,94.74182819999987,24.53125,-27.90625,5.2734375,-24.53125,,,,,,,,
1133,94.82662620000065,38.3125,-43.90625,-5.05859375,-38.3125,,,,,,,,
1134,94.91174760000013,27.25,-28.9375,15.7578125,-27.25,,,,,,,,
1135,94.99514480000016,-13.59375,-81.1875,76.625,13.59375,,,,,,,,
1136,95.07876329999999,-86.125,-66.25,124.875,86.125,,,,,,,,
1137,95.16124540000055,-129.625,-20.625,158.75,129.625,,,,,,,,
1138,95.25049760000002,-133.75,-17.0,183.375,133.75,,,,,,,,
1139,95.33515119999993,-157.5,-36.125,176.625,157.5,,,,,,,,
1140,95.42730829999982,-106.9375,-0.75,129.5,106.9375,,,,9.552506446838379,1.6180847883224487,6.793009281158447,9.68453598022461,11.961379051208496
1141,95.51888340000005,-33.15625,-6.71875,64.1875,33.15625,,,,,,,,
1142,95.60085960000015,42.4375,-46.65625,15.5078125,-42.4375,,,,,,,,
1143,95.68498270000055,128.375,-55.6875,-12.984375,-128.375,,,,,,,,
1144,95.76856920000046,192.5,-91.25,-84.75,-192.5,,,,,,,,
1145,95.84903829999985,257.0,-90.875,-135.25,-257.0,,,,,,,,
1146,95.9324729,307.75,-90.75,-219.75,-307.75,,,,,,,,
1147,96.01383280000027,382.75,-90.5,-260.75,-382.75,,,,,,,,
1148,96.09418679999999,339.5,-46.5,-300.5,-339.5,,,,,,,,
1149,96.17529019999984,296.75,-8.5,-262.5,-296.75,,,,,,,,
1150,96.2539241000004,239.625,19.0,-254.625,-239.625,,,,,,,,
1151,96.3322460999998,162.25,51.625,-213.0,-162.25,,,,,,,,
1152,96.41091870000037,156.75,38.125,-183.375,-156.75,,,,,,,,
1153,96.48753300000044,110.1875,13.8125,-135.25,-110.1875,,,,,,,,
1154,96.56596890000037,94.0625,21.375,-110.5,-94.0625,,,,,,,,
1155,96.64568839999993,73.25,-13.3125,-56.9375,-73.25,,,,,,,,
1156,96.72258210000018,52.53125,-31.6875,-22.28125,-52.53125,,,,,,,,
1157,96.80017000000043,23.9375,-23.078125,-6.046875,-23.9375,,,,,,,,
1158,96.87946480000028,-0.01369476318359375,-46.0,44.96875,0.01369476318359375,,,,,,,,
1159,96.9589606999998,-38.9375,-72.625,103.5,38.9375,,,,,,,,
1160,97.04151249999995,-86.625,-91.75,162.5,86.625,,,,6.782764434814453,0.847461998462677,5.556902885437012,6.691521644592285,8.236749649047852
1161,97.11835969999993,-119.3125,-96.875,214.5,119.3125,,,,,,,,
1162,97.19467270000041,-135.25,-99.0,256.75,135.25,,,,,,,,
1163,97.2728461000006,-206.125,-86.625,273.75,206.125,,,,,,,,
1164,97.34967099999994,-234.375,-72.75,302.0,234.375,,,,,,,,
1165,97.43092230000002,-275.25,-60.0,324.5,275.25,,,,,,,,
1166,97.50724780000019,-313.0,-31.25,323.25,313.0,,,,,,,,
1167,97.58444200000031,-312.0,-13.0,354.75,312.0,,,,,,,,
1168,97.66109479999977,-301.25,7.75,301.25,301.25,,,,,,,,
1169,97.73833530000047,-250.875,15.375,252.125,250.875,,,,,,,,
1170,97.81861420000041,-195.75,23.0,184.75,195.75,,,,,,,,
1171,97.89550510000026,-103.5,32.9375,101.6875,103.5,,,,,,,,
1172,97.9711115,-38.90625,-2.21875,41.65625,38.90625,,,,,,,,
1173,98.04799150000053,46.21875,-30.09375,14.75,-46.21875,,,,,,,,
1174,98.12425600000006,86.5625,-27.1875,-45.3125,-86.5625,,,,,,,,
1175,98.20249860000058,126.5,-59.9375,-52.5,-126.5,,,,,,,,
1176,98.27915310000026,129.25,7.625,-133.75,-129.25,,,,,,,,
1177,98.35567030000038,112.0625,-54.5,-54.9375,-112.0625,,,,,,,,
1178,98.43240320000041,83.3125,1.75,-85.625,-83.3125,,,,,,,,
1179,98.50882929999989,48.15625,-42.9375,-11.296875,-48.15625,,,,,,,,
1180,98.59202790000018,23.578125,-50.5,37.34375,-23.578125,,,,7.115426063537598,1.1470258235931396,5.440886974334717,7.103058338165283,9.332091331481934
1181,98.66804649999995,-4.2578125,-71.9375,86.6875,4.2578125,,,,,,,,
1182,98.7452901000006,-76.0,-68.125,139.25,76.0,,,,,,,,
1183,98.82149920000029,-162.5,-58.375,211.375,162.5,,,,,,,,
1184,98.89820109999982,-243.25,-69.0,289.75,243.25,,,,,,,,
1185,98.9752367000001,-243.25,-3.0,262.75,243.25,,,,,,,,
1186,99.05285000000003,-200.0,14.125,191.0,200.0,,,,,,,,
1187,99.12847969999984,-95.0625,-12.875,127.375,95.0625,,,,,,,,
1188,99.20974960000058,-23.0,-54.34375,82.625,23.0,,,,,,,,
1189,99.2861655000006,16.078125,-54.125,48.96875,-16.078125,,,,,,,,
1190,99.36352119999992,5.21875,-1.7841796875,-0.336669921875,-5.21875,,,,,,,,
1191,99.44082669999989,-7.04296875,9.546875,10.734375,7.04296875,,,,,,,,
1192,99.51803960000052,-20.453125,6.890625,21.84375,20.453125,,,,,,,,
1193,99.59545780000008,-26.03125,-16.375,49.625,26.03125,,,,,,,,
1194,99.67327980000027,-13.421875,-35.625,67.8125,13.421875,,,,,,,,
1195,99.74870720000035,-12.734375,-44.53125,75.6875,12.734375,,,,,,,,
1196,99.82519090000005,-46.84375,-44.09375,79.625,46.84375,,,,,,,,
1197,99.92884940000022,-28.921875,-18.75,61.96875,28.921875,,,,,,,,
1198,100.01073350000024,-30.171875,-26.75,52.125,30.171875,,,,,,,,
1199,100.08689210000011,11.984375,-17.28125,27.75,-11.984375,,,,,,,,
1200,100.16859790000035,28.21875,-46.25,18.265625,-28.21875,,,,6.606273651123047,1.5341438055038452,4.487066268920898,6.360721588134766,9.365984916687012
1201,100.24881430000005,48.34375,-60.0625,21.21875,-48.34375,,,,,,,,
1202,100.32424679999986,48.90625,-68.75,22.28125,-48.90625,,,,,,,,
1203,100.4009729999998,0.1619873046875,-36.71875,24.125,-0.1619873046875,,,,,,,,
1204,100.47739009999987,-35.8125,-18.421875,44.09375,35.8125,,,,,,,,
1205,100.56250480000017,-61.46875,7.78125,57.34375,61.46875,,,,,,,,
1206,100.65438559999984,-55.25,-3.625,63.25,55.25,,,,,,,,
1207,100.73119459999998,-61.0625,-29.5625,97.625,61.0625,,,,,,,,
1208,100.80920479999986,-75.875,-37.25,111.6875,75.875,,,,,,,,
1209,100.88656590000028,-106.5,-40.5625,133.75,106.5,,,,,,,,
1210,100.96392509999987,-79.625,-37.75,112.25,79.625,,,,,,,,
1211,101.03991070000029,-55.96875,0.28125,63.78125,55.96875,,,,,,,,
1212,101.11640429999989,28.78125,-39.6875,11.46875,-28.78125,,,,,,,,
1213,101.19365139999991,96.0625,-47.40625,-41.34375,-96.0625,,,,,,,,
1214,101.26996419999978,95.3125,-29.1875,-66.3125,-95.3125,,,,,,,,
1215,101.34780310000042,109.75,-25.75,-72.0625,-109.75,,,,,,,,
1216,101.42551400000048,51.1875,-1.09375,-51.8125,-51.1875,,,,,,,,
1217,101.50376150000011,38.46875,-25.34375,-10.0625,-38.46875,,,,,,,,
1218,101.58054950000042,9.234375,-41.28125,22.15625,-9.234375,,,,,,,,
1219,101.65927650000049,-15.125,-73.125,90.0,15.125,,,,,,,,
1220,101.74130030000015,-34.5625,-46.5,66.375,34.5625,,,,7.664644241333008,2.128753185272217,4.301299571990967,7.585249900817871,11.260432243347168
1221,101.81836180000028,-43.3125,-40.28125,84.3125,43.3125,,,,,,,,
1222,101.89579210000011,7.265625,-10.578125,32.5625,-7.265625,,,,,,,,
1223,101.97321439999996,49.75,-38.78125,3.240234375,-49.75,,,,,,,,
1224,102.05256640000061,112.75,-16.84375,-61.34375,-112.75,,,,,,,,
1225,102.13000720000036,133.125,-29.5625,-86.4375,-133.125,,,,,,,,
1226,102.20655729999999,157.25,-31.6875,-108.5625,-157.25,,,,,,,,
1227,102.2851913000004,141.375,-26.375,-111.375,-141.375,,,,,,,,
1228,102.36274880000019,130.0,-26.9375,-85.25,-130.0,,,,,,,,
1229,102.43927940000049,95.5625,-44.21875,-52.65625,-95.5625,,,,,,,,
1230,102.5168733999999,41.5625,-47.75,-15.515625,-41.5625,,,,,,,,
1231,102.59480489999987,20.25,-56.53125,32.90625,-20.25,,,,,,,,
1232,102.67261710000002,-8.375,-31.125,40.09375,8.375,,,,,,,,
1233,102.75074469999981,6.68359375,-29.1875,25.0,-6.68359375,,,,,,,,
1234,102.8290194000001,32.9375,-48.625,17.734375,-32.9375,,,,,,,,
1235,102.9053985999999,36.75,-47.875,22.5625,-36.75,,,,,,,,
1236,102.98322720000033,21.21875,-68.0,44.59375,-21.21875,,,,,,,,
1237,103.06122390000019,-17.984375,-44.6875,61.65625,17.984375,,,,,,,,
1238,103.1378850000001,-33.59375,-41.84375,82.75,33.59375,,,,,,,,
1239,103.21472520000043,-96.125,-42.125,121.8125,96.125,,,,,,,,
1240,103.29689520000011,-123.9375,-16.125,150.75,123.9375,,,,7.396845817565918,1.9955729246139526,4.425048351287842,7.295899391174316,11.069344520568848
1241,103.37413360000028,-127.0625,-16.75,144.625,127.0625,,,,,,,,
1242,103.45236970000042,-129.5,-8.375,140.0,129.5,,,,,,,,
1243,103.53187570000046,-56.90625,-10.1875,86.8125,56.90625,,,,,,,,
1244,103.60986039999989,-20.40625,-38.375,49.0625,20.40625,,,,,,,,
1245,103.68851940000059,45.9375,-19.78125,-5.703125,-45.9375,,,,,,,,
1246,103.76614310000059,111.625,-41.75,-44.3125,-111.625,,,,,,,,
1247,103.84985640000014,152.125,-61.5625,-83.5625,-152.125,,,,,,,,
1248,103.9263316000006,231.375,-70.75,-149.75,-231.375,,,,,,,,
1249,104.00322440000036,232.875,-40.5,-176.75,-232.875,,,,,,,,
1250,104.08148919999985,254.0,-48.875,-185.5,-254.0,,,,,,,,
1251,104.1581041999998,233.5,-40.625,-191.75,-233.5,,,,,,,,
1252,104.23574689999987,182.0,-31.375,-161.875,-182.0,,,,,,,,
1253,104.31401780000033,129.0,-13.125,-124.125,-129.0,,,,,,,,
1254,104.39057150000008,113.6875,-12.375,-95.5625,-113.6875,,,,,,,,
1255,104.46601199999986,76.375,-21.1875,-70.0625,-76.375,,,,,,,,
1256,104.54377810000005,53.4375,-34.3125,-25.859375,-53.4375,,,,,,,,
1257,104.62409819999993,30.65625,-51.5,12.1171875,-30.65625,,,,,,,,
1258,104.70179319999988,13.59375,-37.25,27.1875,-13.59375,,,,,,,,
1259,104.77774800000043,-18.8125,-40.96875,71.1875,18.8125,,,,,,,,
1260,104.86015970000062,-84.125,-38.8125,110.75,84.125,,,,6.294535160064697,0.8008366227149963,5.188737869262695,6.1063995361328125,7.788433074951172
1261,104.93799970000055,-104.4375,-58.5,158.75,104.4375,,,,,,,,
1262,105.01521150000008,-127.8125,-70.625,190.75,127.8125,,,,,,,,
1263,105.09107070000027,-131.375,-56.5,179.625,131.375,,,,,,,,
1264,105.16670169999998,-152.75,-60.75,191.875,152.75,,,,,,,,
1265,105.24428750000061,-108.625,-47.875,181.375,108.625,,,,,,,,
1266,105.32089880000058,-83.75,-36.8125,134.0,83.75,,,,,,,,
1267,105.39723659999981,-31.546875,-47.125,100.8125,31.546875,,,,,,,,
1268,105.47559040000033,-35.875,-31.578125,61.75,35.875,,,,,,,,
1269,105.55467690000023,-87.5,-19.6875,102.9375,87.5,,,,,,,,
1270,105.63318369999979,-125.3125,-19.375,147.875,125.3125,,,,,,,,
1271,105.71204050000051,-124.875,-37.0625,149.375,124.875,,,,,,,,
1272,105.78925640000034,-110.0625,-32.6875,145.75,110.0625,,,,,,,,
1273,105.86608440000055,-77.5625,-15.625,109.25,77.5625,,,,,,,,
1274,105.94349909999983,-23.65625,-38.15625,69.75,23.65625,,,,,,,,
1275,106.02032670000062,51.65625,-60.625,29.0,-51.65625,,,,,,,,
1276,106.09699850000015,145.75,-59.0,-49.625,-145.75,,,,,,,,
1277,106.17299290000028,225.0,-68.125,-134.875,-225.0,,,,,,,,
1278,106.25006920000033,267.0,-44.25,-186.875,-267.0,,,,,,,,
1279,106.32689829999981,196.75,-33.5,-156.625,-196.75,,,,,,,,
1280,106.40876290000051,128.0,-22.0,-111.625,-128.0,,,,7.0771565437316895,1.3908250331878662,4.875431537628174,6.799302101135254,9.600632667541504
1281,106.48590270000022,81.1875,-2.4375,-78.6875,-81.1875,,,,,,,,
1282,106.56213339999977,51.96875,-0.34375,-47.0,-51.96875,,,,,,,,
1283,106.63814280000042,42.78125,-13.609375,-26.765625,-42.78125,,,,,,,,
1284,106.71426410000004,61.46875,-31.046875,-22.609375,-61.46875,,,,,,,,
1285,106.79146450000007,37.875,-52.5625,14.015625,-37.875,,,,,,,,
1286,106.86682910000036,40.1875,-41.625,10.671875,-40.1875,,,,,,,,
1287,106.94260290000057,34.46875,-36.6875,14.03125,-34.46875,,,,,,,,
1288,107.01990949999981,26.9375,-35.34375,7.1796875,-26.9375,,,,,,,,
1289,107.09659180000017,90.5625,-45.25,-21.609375,-90.5625,,,,,,,,
1290,107.17444720000003,91.8125,-73.5625,-9.4765625,-91.8125,,,,,,,,
1291,107.25071110000044,36.0625,-43.5625,15.9140625,-36.0625,,,,,,,,
1292,107.33015030000024,-25.75,-47.5,66.1875,25.75,,,,,,,,
1293,107.40623450000021,-87.75,-36.625,118.0,87.75,,,,,,,,
1294,107.48785060000046,-161.625,-43.625,193.125,161.625,,,,,,,,
1295,107.56424450000031,-158.5,5.75,149.375,158.5,,,,,,,,
1296,107.64268059999995,-102.0625,-35.75,149.625,102.0625,,,,,,,,
1297,107.71987170000011,-88.9375,-45.3125,136.25,88.9375,,,,,,,,
1298,107.79749249999986,-118.0,-60.9375,160.75,118.0,,,,,,,,
1299,107.87362339999981,-145.5,-50.625,185.75,145.5,,,,,,,,
1300,107.95517319999999,-163.5,-17.375,202.625,163.5,,,,7.543633460998535,1.8654147386550903,5.099534034729004,7.017063140869141,10.373074531555176
1301,108.03322790000038,-184.375,-12.5,208.375,184.375,,,,,,,,
1302,108.11005750000004,-123.125,-47.375,193.75,123.125,,,,,,,,
1303,108.18896450000011,-91.1875,-30.0625,153.875,91.1875,,,,,,,,
1304,108.26640860000043,-69.9375,-26.375,108.0,69.9375,,,,,,,,
1305,108.34493170000042,36.59375,-71.875,42.46875,-36.59375,,,,,,,,
1306,108.42091919999984,155.625,-35.5,-80.125,-155.625,,,,,,,,
1307,108.49942120000014,316.0,-79.0,-211.0,-316.0,,,,,,,,
1308,108.57745630000045,373.75,-82.375,-254.625,-373.75,,,,,,,,
1309,108.65643929999987,297.5,28.75,-313.5,-297.5,,,,,,,,
1310,108.7345065999998,212.375,34.0,-252.375,-212.375,,,,,,,,
1311,108.81132310000066,136.25,26.875,-183.875,-136.25,,,,,,,,
1312,108.88765370000056,88.25,19.0625,-109.125,-88.25,,,,,,,,
1313,108.96510769999986,33.25,-10.578125,-29.734375,-33.25,,,,,,,,
1314,109.04218709999986,-8.5703125,-27.3125,33.65625,8.5703125,,,,,,,,
1315,109.12330500000007,-95.5625,-83.9375,152.75,95.5625,,,,,,,,
1316,109.20030029999998,-149.625,-86.875,231.625,149.625,,,,,,,,
1317,109.27754170000026,-206.875,-58.625,260.75,206.875,,,,,,,,
1318,109.36100679999981,-197.75,-63.875,272.25,197.75,,,,,,,,
1319,109.43886810000004,-164.375,-42.75,231.75,164.375,,,,,,,,
1320,109.52075430000059,-123.875,-48.625,180.75,123.875,,,,6.990662574768066,0.8621485829353333,5.819186210632324,6.834712028503418,8.579326629638672
1321,109.59659329999977,-101.9375,-56.9375,170.5,101.9375,,,,,,,,
1322,109.67302540000037,-93.875,-21.6875,142.0,93.875,,,,,,,,
1323,109.74918320000052,-111.0,-11.4375,137.625,111.0,,,,,,,,
1324,109.82727010000053,-100.4375,-24.4375,132.375,100.4375,,,,,,,,
1325,109.90237979999984,-83.9375,-29.875,128.875,83.9375,,,,,,,,
1326,109.97943790000045,-78.375,4.3125,83.5,78.375,,,,,,,,
1327,110.05577660000017,-24.8125,-4.25,48.09375,24.8125,,,,,,,,
1328,110.1396494999999,34.5,6.578125,-27.4375,-34.5,,,,,,,,
1329,110.21589180000046,108.5,-28.28125,-57.84375,-108.5,,,,,,,,
1330,110.29524630000014,162.375,-62.3125,-81.1875,-162.375,,,,,,,,
1331,110.37329300000056,212.75,-78.625,-133.125,-212.75,,,,,,,,
1332,110.44912260000001,186.0,-72.5625,-115.4375,-186.0,,,,,,,,
1333,110.52624790000027,123.375,3.375,-131.75,-123.375,,,,,,,,
1334,110.6047894000003,61.5625,-2.09375,-62.09375,-61.5625,,,,,,,,
1335,110.68122970000059,-4.71484375,-4.3125,2.25,4.71484375,,,,,,,,
1336,110.75878890000058,-52.46875,-17.3125,64.375,52.46875,,,,,,,,
1337,110.83651110000028,-86.0,-30.125,95.9375,86.0,,,,,,,,
1338,110.91586989999996,-69.875,-28.0,95.4375,69.875,,,,,,,,
1339,110.9961758999998,-17.296875,-38.96875,58.0,17.296875,,,,,,,,
1340,111.08205110000017,17.09375,-58.78125,46.46875,-17.09375,,,,5.771623611450195,0.7642982006072998,4.624160289764404,5.734793186187744,7.154940128326416
1341,111.1615799000001,41.0,-58.625,24.828125,-41.0,,,,,,,,
1342,111.24235990000034,28.90625,-23.84375,-17.625,-28.90625,,,,,,,,
1343,111.32524680000006,-39.25,15.4453125,9.4140625,39.25,,,,,,,,
1344,111.40329350000047,-70.5625,12.0625,45.65625,70.5625,,,,,,,,
1345,111.48482729999978,-79.4375,6.625,65.125,79.4375,,,,,,,,
1346,111.56934619999993,-78.25,-15.6875,87.9375,78.25,,,,,,,,
1347,111.65338070000053,-45.53125,-30.59375,82.6875,45.53125,,,,,,,,
1348,111.7293565,-50.15625,-90.8125,134.125,50.15625,,,,,,,,
1349,111.80474120000054,-13.375,-74.0,94.375,13.375,,,,,,,,
1350,111.88165500000014,-12.3359375,-84.0625,107.75,12.3359375,,,,,,,,
1351,111.95813410000028,-4.4296875,-95.375,108.375,4.4296875,,,,,,,,
1352,112.03410059999987,15.1328125,-41.6875,50.09375,-15.1328125,,,,,,,,
1353,112.10956660000011,124.75,-42.59375,-58.28125,-124.75,,,,,,,,
1354,112.18639470000016,234.625,-49.625,-153.0,-234.625,,,,,,,,
1355,112.26301380000041,301.5,-36.0,-256.75,-301.5,,,,,,,,
1356,112.34210940000048,223.375,56.375,-278.5,-223.375,,,,,,,,
1357,112.41881230000035,160.25,29.625,-187.5,-160.25,,,,,,,,
1358,112.49678949999998,99.5,18.4375,-124.6875,-99.5,,,,,,,,
1359,112.57521059999999,48.5625,3.125,-58.3125,-48.5625,,,,,,,,
1360,112.6568600999999,-13.4609375,-14.890625,10.8984375,13.4609375,,,,4.467435359954834,0.8810111880302429,3.0871431827545166,4.505008220672607,5.774395942687988
1361,112.73477600000024,-64.5,-28.78125,82.0,64.5,,,,,,,,
1362,112.8134568000005,-111.75,-29.0625,138.75,111.75,,,,,,,,
1363,112.89119579999988,-152.25,-79.0,210.5,152.25,,,,,,,,
1364,112.96501549999994,-165.25,-58.375,228.125,165.25,,,,,,,,
1365,113.04107149999982,-121.5625,-71.75,220.875,121.5625,,,,,,,,
1366,113.11755770000036,-123.3125,-79.25,218.875,123.3125,,,,,,,,
1367,113.19521210000039,-153.5,-57.75,221.5,153.5,,,,,,,,
1368,113.27139609999995,-170.25,-2.625,190.125,170.25,,,,,,,,
1369,113.34787320000032,-173.75,7.25,172.25,173.75,,,,,,,,
1370,113.42422280000028,-144.375,0.5,146.875,144.375,,,,,,,,
1371,113.50318900000002,-131.0,-39.0,159.0,131.0,,,,,,,,
1372,113.58378869999979,-89.5625,-33.8125,127.5,89.5625,,,,,,,,
1373,113.67229990000033,-36.625,-16.625,88.8125,36.625,,,,,,,,
1374,113.74964020000061,-18.96875,-20.125,52.59375,18.96875,,,,,,,,
1375,113.82554510000045,15.046875,-31.65625,16.828125,-15.046875,,,,,,,,
1376,113.90213029999995,78.625,-29.25,-32.6875,-78.625,,,,,,,,
1377,113.97888450000028,162.625,-65.75,-92.125,-162.625,,,,,,,,
1378,114.0560032000003,186.125,-54.875,-111.375,-186.125,,,,,,,,
1379,114.13328830000046,185.875,-70.5,-128.875,-185.875,,,,,,,,
1380,114.21615060000022,142.5,-30.625,-118.25,-142.5,,,,6.464727878570557,1.6565908193588257,4.288880825042725,6.274263858795166,9.312643051147461
1381,114.29182440000022,105.375,-18.9375,-81.5625,-105.375,,,,,,,,
1382,114.37111950000053,51.78125,-16.3125,-49.6875,-51.78125,,,,,,,,
1383,114.44906679999985,10.0078125,-21.796875,11.765625,-10.0078125,,,,,,,,
1384,114.52732699999979,5.29296875,-11.515625,10.0546875,-5.29296875,,,,,,,,
1385,114.60729720000018,32.40625,-21.34375,-9.1796875,-32.40625,,,,,,,,
1386,114.68566640000063,43.875,-25.234375,-27.484375,-43.875,,,,,,,,
1387,114.7624921000006,48.625,-52.03125,-12.3984375,-48.625,,,,,,,,
1388,114.83900090000043,107.875,-41.25,-52.375,-107.875,,,,,,,,
1389,114.91579900000033,155.625,-58.5625,-84.9375,-155.625,,,,,,,,
1390,114.99321770000006,151.625,-42.4375,-97.6875,-151.625,,,,,,,,
1391,115.06970900000033,109.5625,-29.1875,-80.0625,-109.5625,,,,,,,,
1392,115.14832000000024,67.0625,-35.8125,-47.1875,-67.0625,,,,,,,,
1393,115.2252782000005,27.46875,-41.5,9.6953125,-27.46875,,,,,,,,
1394,115.30419979999988,-19.96875,-41.59375,37.53125,19.96875,,,,,,,,
1395,115.38275630000044,-57.1875,-58.0625,113.4375,57.1875,,,,,,,,
1396,115.46222560000024,-78.5625,-59.5,119.25,78.5625,,,,,,,,
1397,115.5403096,-68.5625,-26.625,111.125,68.5625,,,,,,,,
1398,115.61717910000061,-44.40625,-8.75,76.875,44.40625,,,,,,,,
1399,115.69362300000012,-7.71484375,-31.3125,52.65625,7.71484375,,,,,,,,
1400,115.77670730000045,31.0,-18.0625,12.390625,-31.0,,,,7.162396430969238,1.5160154104232788,4.921818733215332,6.978336334228516,9.675777435302734
1401,115.8530695999998,57.8125,-24.453125,-23.453125,-57.8125,,,,,,,,
1402,115.9304772000005,101.1875,5.9375,-81.625,-101.1875,,,,,,,,
1403,116.00655370000004,84.625,-11.9375,-74.25,-84.625,,,,,,,,
1404,116.08437790000062,89.3125,-22.625,-69.1875,-89.3125,,,,,,,,
1405,116.16069229999994,91.0625,-24.125,-65.1875,-91.0625,,,,,,,,
1406,116.23933440000019,64.0,-22.53125,-37.75,-64.0,,,,,,,,
1407,116.31844069999988,33.6875,-28.265625,-0.380126953125,-33.6875,,,,,,,,
1408,116.39662240000052,-26.953125,-39.78125,64.5625,26.953125,,,,,,,,
1409,116.47455309999987,-84.0625,-33.3125,111.375,84.0625,,,,,,,,
1410,116.55382379999992,-124.8125,-23.3125,140.0,124.8125,,,,,,,,
1411,116.63015369999994,-170.125,-15.625,173.75,170.125,,,,,,,,
1412,116.7079617999998,-149.125,-27.875,181.5,149.125,,,,,,,,
1413,116.78509080000003,-135.625,-48.75,188.5,135.625,,,,,,,,
1414,116.86238570000023,-137.375,-37.0,186.625,137.375,,,,,,,,
1415,116.94364680000035,-122.375,-27.75,171.375,122.375,,,,,,,,
1416,117.02197549999983,-129.875,-17.75,160.125,129.875,,,,,,,,
1417,117.10030860000006,-123.375,10.875,117.25,123.375,,,,,,,,
1418,117.18034410000018,-103.1875,4.0625,99.6875,103.1875,,,,,,,,
1419,117.25917410000056,-55.75,-5.375,74.25,55.75,,,,,,,,
1420,117.34615190000022,-16.703125,-14.453125,40.21875,16.703125,,,,3.6058132648468018,0.46078041195869446,2.883164167404175,3.5843605995178223,4.355313301086426
1421,117.42806990000008,28.59375,-24.703125,3.572265625,-28.59375,,,,,,,,
1422,117.50765599999977,73.6875,-41.53125,-20.0,-73.6875,,,,,,,,
1423,117.58722260000013,104.125,-47.21875,-52.65625,-104.125,,,,,,,,
1424,117.66548820000025,137.625,-47.125,-88.25,-137.625,,,,,,,,
1425,117.74319130000003,195.125,-49.875,-132.25,-195.125,,,,,,,,
1426,117.81970600000022,217.5,-40.625,-166.375,-217.5,,,,,,,,
1427,117.89654130000054,238.75,-33.5,-200.125,-238.75,,,,,,,,
1428,117.97378810000009,242.75,-30.25,-200.25,-242.75,,,,,,,,
1429,118.05138369999986,229.625,-16.5,-220.25,-229.625,,,,,,,,
1430,118.13009820000025,195.375,-39.5,-159.125,-195.375,,,,,,,,
1431,118.20704710000064,151.25,-1.375,-141.75,-151.25,,,,,,,,
1432,118.28535920000013,58.1875,-11.96875,-56.03125,-58.1875,,,,,,,,
1433,118.36444550000033,-18.578125,-7.984375,22.125,18.578125,,,,,,,,
1434,118.44242850000046,-89.3125,-10.9375,87.5625,89.3125,,,,,,,,
1435,118.52006119999987,-109.0625,-3.3125,112.8125,109.0625,,,,,,,,
1436,118.59819930000049,-123.375,7.4375,121.9375,123.375,,,,,,,,
1437,118.67888680000033,-123.875,-17.0625,137.25,123.875,,,,,,,,
1438,118.75527109999985,-109.75,-26.4375,134.875,109.75,,,,,,,,
1439,118.83172990000003,-115.375,-57.0625,172.875,115.375,,,,,,,,
1440,118.91407510000045,-118.25,-34.875,155.25,118.25,,,,5.4678802490234375,0.4322037994861603,4.75430965423584,5.450372695922852,6.195507049560547
1441,118.99179129999993,-122.5,-53.25,181.0,122.5,,,,,,,,
1442,119.06806250000045,-96.8125,-37.125,144.0,96.8125,,,,,,,,
1443,119.14467870000044,-116.5,-39.0625,148.0,116.5,,,,,,,,
1444,119.22090990000015,-99.1875,-17.4375,121.4375,99.1875,,,,,,,,
1445,119.29937669999981,-85.5,-0.875,93.625,85.5,,,,,,,,
1446,119.37686320000012,-62.4375,-7.625,69.25,62.4375,,,,,,,,
1447,119.45603269999992,-22.09375,-11.625,42.34375,22.09375,,,,,,,,
1448,119.53384670000014,-16.109375,-18.515625,43.25,16.109375,,,,,,,,
1449,119.61124710000058,-6.1171875,-29.6875,40.4375,6.1171875,,,,,,,,
1450,119.69118919999983,20.03125,-34.78125,36.6875,-20.03125,,,,,,,,
1451,119.76655870000013,60.21875,-43.5625,-14.3359375,-60.21875,,,,,,,,
1452,119.84556030000022,69.8125,-35.0625,-20.734375,-69.8125,,,,,,,,
1453,119.92420070000026,80.25,-34.5625,-41.9375,-80.25,,,,,,,,
1454,120.00346309999986,84.5,-20.1875,-53.5625,-84.5,,,,,,,,
1455,120.0820918999998,96.4375,-5.125,-78.875,-96.4375,,,,,,,,
1456,120.1592840000003,106.0,-24.5,-73.875,-106.0,,,,,,,,
1457,120.23648870000034,98.625,-16.4375,-77.4375,-98.625,,,,,,,,
1458,120.3163940000004,82.8125,-12.5,-69.0,-82.8125,,,,,,,,
1459,120.39445440000054,76.875,-24.0,-52.125,-76.875,,,,,,,,
1460,120.47850350000044,70.8125,-13.34375,-51.90625,-70.8125,,,,4.817929267883301,0.42716965079307556,4.116625785827637,4.761557579040527,5.411223411560059
1461,120.55731879999985,44.625,-18.28125,-31.5,-44.625,,,,,,,,
1462,120.63303950000045,36.75,-10.9375,-36.8125,-36.75,,,,,,,,
1463,120.70955740000045,13.2421875,-13.6875,-2.13671875,-13.2421875,,,,,,,,
1464,120.78611929999988,10.15625,-13.859375,4.99609375,-10.15625,,,,,,,,
1465,120.86203939999996,-24.890625,-27.21875,46.71875,24.890625,,,,,,,,
1466,120.9407755000002,-60.28125,-30.28125,88.9375,60.28125,,,,,,,,
1467,121.01854510000067,-89.6875,-39.0625,130.375,89.6875,,,,,,,,
1468,121.1041494000001,-118.875,-41.5625,161.25,118.875,,,,,,,,
1469,121.19241070000044,-145.5,-24.875,174.375,145.5,,,,,,,,
1470,121.26960469999995,-148.375,-30.125,175.5,148.375,,,,,,,,
1471,121.35790330000054,-124.25,-13.5625,141.25,124.25,,,,,,,,
1472,121.4412382999999,-97.25,-23.9375,121.0625,97.25,,,,,,,,
1473,121.52440730000035,-57.375,-25.9375,96.9375,57.375,,,,,,,,
1474,121.6073365000002,-45.84375,-27.59375,69.375,45.84375,,,,,,,,
1475,121.69480509999994,-13.484375,-23.75,51.4375,13.484375,,,,,,,,
1476,121.77694599999995,26.46875,-22.3125,11.546875,-26.46875,,,,,,,,
1477,121.8566437999998,52.0625,-33.71875,-13.3515625,-52.0625,,,,,,,,
1478,121.93412330000046,55.46875,-27.4375,-32.34375,-55.46875,,,,,,,,
1479,122.0122406999999,15.578125,-20.140625,4.6328125,-15.578125,,,,,,,,
1480,122.09706780000033,18.390625,-23.453125,2.447265625,-18.390625,,,,4.3884382247924805,0.5852774381637573,3.5560333728790283,4.333949565887451,5.536406993865967
1481,122.17713340000046,4.07421875,-24.140625,5.95703125,-4.07421875,,,,,,,,
1482,122.2553641000004,-6.703125,-18.78125,15.71875,6.703125,,,,,,,,
1483,122.33364369999981,-11.3515625,-9.7890625,24.78125,11.3515625,,,,,,,,
1484,122.41270850000001,17.734375,-11.21875,5.90234375,-17.734375,,,,,,,,
1485,122.49286990000019,30.375,-19.203125,-12.65625,-30.375,,,,,,,,
1486,122.57125290000022,56.125,-21.125,-29.21875,-56.125,,,,,,,,
1487,122.64893560000019,59.15625,-29.171875,-28.765625,-59.15625,,,,,,,,
1488,122.7255565000005,50.78125,-19.5,-35.5625,-50.78125,,,,,,,,
1489,122.8043647000004,5.19140625,-35.84375,24.25,-5.19140625,,,,,,,,
1490,122.88362280000001,-47.5,-29.0625,63.96875,47.5,,,,,,,,
1491,122.9655072000005,-75.875,-34.1875,91.0,75.875,,,,,,,,
1492,123.0437879000001,-116.1875,-35.25,143.25,116.1875,,,,,,,,
1493,123.1235385,-124.1875,-16.875,139.125,124.1875,,,,,,,,
1494,123.20350870000038,-134.625,-20.25,166.75,134.625,,,,,,,,
1495,123.28024710000045,-99.0,-25.875,131.25,99.0,,,,,,,,
1496,123.3601935000006,-56.78125,-25.75,99.0,56.78125,,,,,,,,
1497,123.44107900000017,-25.375,-35.3125,73.125,25.375,,,,,,,,
1498,123.5230072000004,28.15625,-21.6875,16.1875,-28.15625,,,,,,,,
1499,123.60620560000007,69.4375,-40.5625,-25.125,-69.4375,,,,,,,,
1500,123.69613480000044,103.8125,-32.9375,-48.875,-103.8125,,,,5.4628190994262695,0.8053911328315735,4.1303534507751465,5.5078535079956055,6.758188724517822
1501,123.7758074000003,95.75,-43.5,-67.0,-95.75,,,,,,,,
1502,123.8537465999998,115.8125,-15.1875,-91.3125,-115.8125,,,,,,,,
1503,123.93106129999978,131.75,-9.9375,-117.0625,-131.75,,,,,,,,
1504,124.00989970000046,131.375,1.5625,-119.875,-131.375,,,,,,,,
1505,124.09240959999988,164.125,-18.8125,-121.9375,-164.125,,,,,,,,
1506,124.17166249999991,118.125,-26.375,-104.75,-118.125,,,,,,,,
1507,124.24860210000043,27.421875,-19.265625,-25.703125,-27.421875,,,,,,,,
1508,124.32678290000058,-26.28125,-19.078125,44.59375,26.28125,,,,,,,,
1509,124.4051257000001,-96.0,-25.25,107.625,96.0,,,,,,,,
1510,124.48620140000003,-112.625,-11.4375,120.8125,112.625,,,,,,,,
1511,124.56223370000043,-116.5,-37.1875,149.125,116.5,,,,,,,,
1512,124.63949529999991,-105.0625,-42.125,130.5,105.0625,,,,,,,,
1513,124.71952760000022,-60.59375,-33.8125,100.625,60.59375,,,,,,,,
1514,124.79790940000021,-59.25,-34.25,103.3125,59.25,,,,,,,,
1515,124.88207820000025,-13.84375,-47.4375,77.5,13.84375,,,,,,,,
1516,124.96135260000028,2.751953125,-39.40625,32.65625,-2.751953125,,,,,,,,
1517,125.03961320000053,20.3125,-32.5,27.09375,-20.3125,,,,,,,,
1518,125.11682149999979,5.0390625,-27.9375,16.859375,-5.0390625,,,,,,,,
1519,125.19598290000067,23.78125,-10.671875,-5.81640625,-23.78125,,,,,,,,
1520,125.28038770000057,22.1875,-6.0,-13.109375,-22.1875,,,,4.359658241271973,1.0656383037567139,3.047414779663086,4.140069484710693,6.181210517883301
1521,125.35596780000014,-9.328125,-19.171875,28.171875,9.328125,,,,,,,,
1522,125.43445299999985,-51.21875,-40.875,83.4375,51.21875,,,,,,,,
1523,125.5147022000001,-72.5625,-42.8125,102.0,72.5625,,,,,,,,
1524,125.59161089999998,-64.5625,-38.75,117.0,64.5625,,,,,,,,
1525,125.66771750000044,-17.265625,-26.0625,63.03125,17.265625,,,,,,,,
1526,125.74541649999992,27.765625,-29.84375,15.5625,-27.765625,,,,,,,,
1527,125.82481590000043,4.0546875,-19.609375,13.9765625,-4.0546875,,,,,,,,
1528,125.90233290000015,-8.8046875,-3.7890625,11.25,8.8046875,,,,,,,,
1529,125.97633940000014,-13.078125,-12.71875,21.53125,13.078125,,,,,,,,
1530,126.0535946,-21.234375,-8.296875,23.0625,21.234375,,,,,,,,
1531,126.13137050000023,-10.7421875,-17.515625,22.890625,10.7421875,,,,,,,,
1532,126.20802439999989,43.1875,-4.671875,-27.796875,-43.1875,,,,,,,,
1533,126.2835810000006,94.3125,-27.46875,-51.71875,-94.3125,,,,,,,,
1534,126.36004940000021,141.125,-38.4375,-91.0625,-141.125,,,,,,,,
1535,126.43859390000034,145.875,-51.4375,-82.3125,-145.875,,,,,,,,
1536,126.5149695,74.25,-9.3125,-71.5,-74.25,,,,,,,,
1537,126.59120970000004,20.421875,-10.09375,-22.53125,-20.421875,,,,,,,,
1538,126.66685120000056,-0.352294921875,-13.9921875,14.734375,0.352294921875,,,,,,,,
1539,126.7435617000001,-7.10546875,-16.984375,17.375,7.10546875,,,,,,,,
1540,126.82930490000035,-55.78125,-31.921875,62.625,55.78125,,,,5.082782745361328,1.3295714855194092,2.5398812294006348,5.250524044036865,6.8140130043029785
1541,126.90673479999987,-42.1875,-16.59375,68.125,42.1875,,,,,,,,
1542,126.98448030000054,4.26953125,-14.671875,34.125,-4.26953125,,,,,,,,
1543,127.0615727000004,27.328125,-21.171875,8.84375,-27.328125,,,,,,,,
1544,127.13798300000053,45.3125,-21.3125,-15.59375,-45.3125,,,,,,,,
1545,127.2148643999999,8.796875,6.3828125,-21.46875,-8.796875,,,,,,,,
1546,127.29225540000061,-22.375,-10.46875,35.75,22.375,,,,,,,,
1547,127.36931199999981,-47.65625,-21.03125,62.125,47.65625,,,,,,,,
1548,127.44652990000031,-62.625,-20.6875,88.9375,62.625,,,,,,,,
1549,127.52336250000008,-84.6875,-49.4375,120.5625,84.6875,,,,,,,,
1550,127.59922439999991,-124.0,-74.4375,181.875,124.0,,,,,,,,
1551,127.6791105000002,-154.375,-85.125,236.25,154.375,,,,,,,,
1552,127.75823450000007,-217.75,-61.875,280.0,217.75,,,,,,,,
1553,127.83569460000035,-164.5,-32.5,196.875,164.5,,,,,,,,
1554,127.91293600000063,-41.5625,-9.125,80.4375,41.5625,,,,,,,,
1555,127.99069920000056,38.71875,-4.265625,-7.1796875,-38.71875,,,,,,,,
1556,128.06750660000034,104.875,-0.625,-82.1875,-104.875,,,,,,,,
1557,128.14735180000025,100.4375,15.6875,-110.125,-100.4375,,,,,,,,
1558,128.22516630000064,83.3125,11.0625,-91.875,-83.3125,,,,,,,,
1559,128.30418840000038,98.3125,-4.3125,-88.4375,-98.3125,,,,,,,,
1560,128.38980790000005,99.875,-34.9375,-63.9375,-99.875,,,,4.138272762298584,0.4736490249633789,3.4246022701263428,4.066460609436035,4.911593437194824
1561,128.46678350000002,82.125,-41.53125,-38.71875,-82.125,,,,,,,,
1562,128.54409410000062,69.0,-48.84375,-13.84375,-69.0,,,,,,,,
1563,128.6217514,27.6875,-10.265625,-17.03125,-27.6875,,,,,,,,
1564,128.70064060000004,24.640625,-9.75,-6.12109375,-24.640625,,,,,,,,
1565,128.7765091000001,32.03125,-3.703125,-21.640625,-32.03125,,,,,,,,
1566,128.85435680000046,46.1875,-10.734375,-28.046875,-46.1875,,,,,,,,
1567,128.93105580000065,34.96875,-11.046875,-18.0625,-34.96875,,,,,,,,
1568,129.00985240000045,15.7890625,10.671875,-22.046875,-15.7890625,,,,,,,,
1569,129.08664659999977,-22.84375,10.265625,7.17578125,22.84375,,,,,,,,
1570,129.16367340000033,-31.78125,4.21875,26.625,31.78125,,,,,,,,
1571,129.24196949999987,-66.5625,-19.90625,78.875,66.5625,,,,,,,,
1572,129.31922910000048,-83.3125,-26.3125,106.0625,83.3125,,,,,,,,
1573,129.39796360000037,-115.0625,-54.5625,147.25,115.0625,,,,,,,,
1574,129.47591280000051,-145.25,-48.75,187.0,145.25,,,,,,,,
1575,129.5549213000004,-179.25,-15.375,205.0,179.25,,,,,,,,
1576,129.63248209999983,-179.25,-3.0,185.0,179.25,,,,,,,,
1577,129.70919570000024,-88.8125,-17.9375,115.6875,88.8125,,,,,,,,
1578,129.7865182000005,-68.8125,-16.125,80.0625,68.8125,,,,,,,,
1579,129.86329250000017,-34.125,-16.78125,57.28125,34.125,,,,,,,,
1580,129.94428550000066,-33.34375,-9.65625,44.9375,33.34375,,,,4.226795196533203,0.5045923590660095,3.3799850940704346,4.236926078796387,4.990268230438232
1581,130.0194078000004,-27.765625,-9.484375,30.75,27.765625,,,,,,,,
1582,130.09586540000055,-25.6875,-25.40625,53.25,25.6875,,,,,,,,
1583,130.17391110000062,-29.546875,-50.25,79.25,29.546875,,,,,,,,
1584,130.25151189999997,-8.3046875,-43.875,58.4375,8.3046875,,,,,,,,
1585,130.32793579999998,-0.71484375,-26.859375,27.546875,0.71484375,,,,,,,,
1586,130.40700130000005,67.125,3.59375,-45.3125,-67.125,,,,,,,,
1587,130.48412030000054,156.75,-11.875,-128.375,-156.75,,,,,,,,
1588,130.56238029999986,262.25,-32.5,-193.25,-262.25,,,,,,,,
1589,130.63911160000043,299.75,-21.0,-267.25,-299.75,,,,,,,,
1590,130.71658770000067,260.25,-11.75,-257.75,-260.25,,,,,,,,
1591,130.79486780000025,206.375,3.375,-210.625,-206.375,,,,,,,,
1592,130.87219170000026,159.875,-20.375,-143.25,-159.875,,,,,,,,
1593,130.95026870000038,94.1875,-19.3125,-87.5625,-94.1875,,,,,,,,
1594,131.02669969999988,18.640625,-31.890625,1.04296875,-18.640625,,,,,,,,
1595,131.1028363000005,-59.9375,-43.125,86.875,59.9375,,,,,,,,
1596,131.1813585,-121.375,-53.625,160.625,121.375,,,,,,,,
1597,131.25839140000062,-112.0,-29.25,137.125,112.0,,,,,,,,
1598,131.3361257000006,-40.4375,-36.1875,93.375,40.4375,,,,,,,,
1599,131.4143506999999,-9.03125,-58.375,88.375,9.03125,,,,,,,,
1600,131.49668740000016,-31.984375,-28.625,68.9375,31.984375,,,,6.717765808105469,0.4700043499469757,5.851735591888428,6.79202938079834,7.351490497589111
1601,131.5740010999998,-75.4375,8.75,73.625,75.4375,,,,,,,,
1602,131.6740123999998,-114.375,20.5,94.3125,114.375,,,,,,,,
1603,131.7490800000005,-126.125,7.75,132.0,126.125,,,,,,,,
1604,131.8253435000006,-116.0,1.3125,110.3125,116.0,,,,,,,,
1605,131.90230000000065,-101.8125,-20.0625,126.75,101.8125,,,,,,,,
1606,131.97832329999983,-79.875,-16.25,108.5625,79.875,,,,,,,,
1607,132.0540805999999,-84.375,-70.375,139.25,84.375,,,,,,,,
1608,132.12957470000038,-28.859375,-52.78125,100.8125,28.859375,,,,,,,,
1609,132.20519299999978,-7.140625,-44.75,61.78125,7.140625,,,,,,,,
1610,132.28226340000037,49.875,-37.46875,-5.40234375,-49.875,,,,,,,,
1611,132.3592402000004,90.3125,-16.5625,-61.625,-90.3125,,,,,,,,
1612,132.4361729000002,161.5,-15.0,-133.0,-161.5,,,,,,,,
1613,132.51506080000036,233.125,-17.875,-200.875,-233.125,,,,,,,,
1614,132.5939999000002,269.75,-16.75,-246.25,-269.75,,,,,,,,
1615,132.67154990000017,279.5,-24.375,-248.875,-279.5,,,,,,,,
1616,132.74657089999982,250.875,-2.5,-251.0,-250.875,,,,,,,,
1617,132.8228751000006,196.625,-11.0,-188.375,-196.625,,,,,,,,
1618,132.89995090000048,133.75,-5.75,-137.125,-133.75,,,,,,,,
1619,132.97634209999978,49.8125,-8.78125,-53.5625,-49.8125,,,,,,,,
1620,133.05933499999992,-38.71875,-27.25,45.9375,38.71875,,,,4.135565280914307,0.5242807865142822,3.3256008625030518,4.08306884765625,4.960361480712891
1621,133.13572680000016,-121.0,-56.875,152.0,121.0,,,,,,,,
1622,133.21369930000037,-202.125,-72.375,270.25,202.125,,,,,,,,
1623,133.28822390000005,-250.875,-54.0,320.5,250.875,,,,,,,,
1624,133.36406690000058,-256.0,-36.25,314.75,256.0,,,,,,,,
1625,133.44207280000046,-269.5,-9.5,300.25,269.5,,,,,,,,
1626,133.51965199999995,-258.0,-14.0,282.0,258.0,,,,,,,,
1627,133.59780390000014,-167.625,-21.0,210.75,167.625,,,,,,,,
1628,133.67381690000002,-83.9375,-26.0625,132.75,83.9375,,,,,,,,
1629,133.74985970000034,5.7734375,16.0,22.4375,-5.7734375,,,,,,,,
1630,133.82462149999992,81.8125,-5.0,-66.125,-81.8125,,,,,,,,
1631,133.90153090000058,179.5,-0.75,-146.5,-179.5,,,,,,,,
1632,133.97651020000012,226.125,-20.375,-190.25,-226.125,,,,,,,,
1633,134.05264549999993,255.875,-27.0,-211.5,-255.875,,,,,,,,
1634,134.12864179999997,253.375,-33.0,-224.75,-253.375,,,,,,,,
1635,134.20530130000043,255.0,-25.25,-233.75,-255.0,,,,,,,,
1636,134.28269869999986,222.0,-35.25,-189.0,-222.0,,,,,,,,
1637,134.3589507000006,148.75,-30.5,-128.125,-148.75,,,,,,,,
1638,134.43558510000003,86.4375,-16.25,-89.0,-86.4375,,,,,,,,
1639,134.51549250000062,37.8125,11.3125,-31.28125,-37.8125,,,,,,,,
1640,134.59836989999985,-14.6015625,-8.25,13.1484375,14.6015625,,,,4.764956474304199,1.1317476034164429,2.884197950363159,5.048954963684082,6.397923469543457
1641,134.67506630000025,-15.8671875,1.53125,32.65625,15.8671875,,,,,,,,
1642,134.7532471000004,-22.015625,-20.203125,40.4375,22.015625,,,,,,,,
1643,134.83155480000005,-23.734375,-15.0390625,19.46875,23.734375,,,,,,,,
1644,134.90911310000047,-80.25,-24.125,92.625,80.25,,,,,,,,
1645,134.98363620000055,-116.6875,-25.0,148.5,116.6875,,,,,,,,
1646,135.06014050000067,-129.875,-40.625,174.75,129.875,,,,,,,,
1647,135.1387067000005,-132.875,-33.5,180.75,132.875,,,,,,,,
1648,135.21515520000048,-150.25,-21.0,177.875,150.25,,,,,,,,
1649,135.29347690000031,-163.75,-11.125,159.125,163.75,,,,,,,,
1650,135.37124010000025,-122.3125,-18.25,155.375,122.3125,,,,,,,,
1651,135.44751859999997,-141.0,-13.125,173.0,141.0,,,,,,,,
1652,135.52469689999998,-128.75,-33.5,147.5,128.75,,,,,,,,
1653,135.6089821000005,-92.4375,-23.5,121.5,92.4375,,,,,,,,
1654,135.6873159000006,-36.84375,-35.625,88.4375,36.84375,,,,,,,,
1655,135.76530319999983,58.3125,-29.1875,5.3984375,-58.3125,,,,,,,,
1656,135.84406970000055,193.375,-51.375,-112.0,-193.375,,,,,,,,
1657,135.92188549999992,270.0,-36.5,-236.5,-270.0,,,,,,,,
1658,135.99891819999993,283.75,-39.875,-219.625,-283.75,,,,,,,,
1659,136.07419410000057,217.125,-18.25,-199.875,-217.125,,,,,,,,
1660,136.1584896000004,158.625,13.625,-167.375,-158.625,,,,5.274649620056152,0.5965385437011719,4.431869983673096,5.148744583129883,6.383419036865234
1661,136.23738820000017,79.5625,-4.3125,-90.25,-79.5625,,,,,,,,
1662,136.3177153000006,30.0625,-10.203125,-23.359375,-30.0625,,,,,,,,
1663,136.39525219999996,1.787109375,-9.1484375,-0.748046875,-1.787109375,,,,,,,,
1664,136.4725696000005,-7.66015625,-21.0,28.359375,7.66015625,,,,,,,,
1665,136.5515301000005,-13.484375,-21.53125,43.25,13.484375,,,,,,,,
1666,136.6276953000006,-60.5625,-30.53125,73.8125,60.5625,,,,,,,,
1667,136.70632300000034,-65.0625,-36.21875,93.5,65.0625,,,,,,,,
1668,136.78387290000046,-71.8125,-45.125,120.8125,71.8125,,,,,,,,
1669,136.86153680000007,-104.0625,-42.25,142.875,104.0625,,,,,,,,
1670,136.93741940000018,-138.25,-36.625,166.25,138.25,,,,,,,,
1671,137.01451700000052,-141.75,-0.875,155.875,141.75,,,,,,,,
1672,137.0915986,-143.5,18.625,141.375,143.5,,,,,,,,
1673,137.1711138999999,-93.875,4.0625,103.875,93.875,,,,,,,,
1674,137.24974079999993,-20.75,-4.5,50.84375,20.75,,,,,,,,
1675,137.33078300000034,1.2890625,-13.28125,24.46875,-1.2890625,,,,,,,,
1676,137.40701929999977,50.4375,-10.859375,-27.890625,-50.4375,,,,,,,,
1677,137.4851421000003,49.3125,-20.640625,-22.671875,-49.3125,,,,,,,,
1678,137.56499220000023,61.4375,-38.90625,-25.78125,-61.4375,,,,,,,,
1679,137.64315830000032,70.9375,-41.28125,-20.5,-70.9375,,,,,,,,
1680,137.73017450000043,94.4375,-59.125,-24.703125,-94.4375,,,,5.162156581878662,0.3762619197368622,4.634562015533447,5.098001480102539,5.783445358276367
1681,137.80760790000022,82.125,-49.125,-21.390625,-82.125,,,,,,,,
1682,137.88563450000038,103.1875,-16.5625,-64.375,-103.1875,,,,,,,,
1683,137.9630791999998,127.75,-17.1875,-91.5625,-127.75,,,,,,,,
1684,138.04200860000037,153.875,-20.75,-121.75,-153.875,,,,,,,,
1685,138.12147470000036,128.75,-31.8125,-73.3125,-128.75,,,,,,,,
1686,138.20234560000063,60.4375,-14.1875,-54.9375,-60.4375,,,,,,,,
1687,138.28075650000028,11.71875,0.15625,-15.78125,-11.71875,,,,,,,,
1688,138.35796960000062,-26.265625,-3.78125,39.34375,26.265625,,,,,,,,
1689,138.43918940000003,-85.1875,-14.0,86.4375,85.1875,,,,,,,,
1690,138.51559799999995,-123.9375,-20.125,156.625,123.9375,,,,,,,,
1691,138.59507050000047,-140.375,-40.625,180.25,140.375,,,,,,,,
1692,138.67233060000035,-134.375,-35.25,176.875,134.375,,,,,,,,
1693,138.75130340000032,-89.375,-24.75,137.25,89.375,,,,,,,,
1694,138.8284617999998,-80.6875,-44.1875,117.25,80.6875,,,,,,,,
1695,138.90629660000013,-96.875,-46.125,149.125,96.875,,,,,,,,
1696,138.9838418999998,-79.625,-27.0625,130.0,79.625,,,,,,,,
1697,139.06116360000033,-92.625,11.375,91.3125,92.625,,,,,,,,
1698,139.13783109999986,-60.34375,-4.8125,64.4375,60.34375,,,,,,,,
1699,139.21595200000047,-94.9375,-15.875,115.8125,94.9375,,,,,,,,
1700,139.29840539999987,-54.28125,-8.375,75.625,54.28125,,,,5.589835166931152,1.0583065748214722,3.663106918334961,5.784294605255127,7.038887977600098
1701,139.37912700000015,-1.6376953125,-7.90625,33.09375,1.6376953125,,,,,,,,
1702,139.45647370000006,73.8125,-16.65625,-45.125,-73.8125,,,,,,,,
1703,139.53379600000062,148.0,-31.5,-93.875,-148.0,,,,,,,,
1704,139.61309560000063,172.5,-42.375,-119.375,-172.5,,,,,,,,
1705,139.69188810000014,163.375,-29.75,-130.875,-163.375,,,,,,,,
1706,139.7755543000003,83.5,-17.75,-87.125,-83.5,,,,,,,,
1707,139.85639439999977,6.2890625,-43.09375,13.1953125,-6.2890625,,,,,,,,
1708,139.93338140000014,-79.125,-10.5,78.9375,79.125,,,,,,,,
1709,140.0109882000006,-135.25,11.3125,123.9375,135.25,,,,,,,,
1710,140.08862090000002,-96.75,-3.6875,114.8125,96.75,,,,,,,,
1711,140.1670322,-28.328125,-6.46875,61.0625,28.328125,,,,,,,,
1712,140.24365089999992,28.625,-31.875,18.15625,-28.625,,,,,,,,
1713,140.32221370000025,24.28125,-15.765625,-5.40625,-24.28125,,,,,,,,
1714,140.40197360000002,11.0390625,-2.53125,8.1171875,-11.0390625,,,,,,,,
1715,140.48218090000046,22.0625,-22.1875,0.1407470703125,-22.0625,,,,,,,,
1716,140.56018190000032,45.25,-45.15625,4.18359375,-45.25,,,,,,,,
1717,140.63906640000005,0.40869140625,-86.4375,73.5,-0.40869140625,,,,,,,,
1718,140.71722330000011,-37.8125,-72.0,100.3125,37.8125,,,,,,,,
1719,140.79932530000042,-37.78125,0.4375,65.5,37.78125,,,,,,,,
1720,140.8821112000005,7.8125,-9.4296875,20.53125,-7.8125,,,,5.493552207946777,0.4847603738307953,4.74216365814209,5.539213180541992,6.37212610244751
1721,140.9596072000004,104.25,-20.09375,-62.78125,-104.25,,,,,,,,
1722,141.03799600000002,115.1875,-14.5,-101.0,-115.1875,,,,,,,,
1723,141.11657280000054,107.875,-9.5,-92.75,-107.875,,,,,,,,
1724,141.19327969999995,85.3125,-18.9375,-69.9375,-85.3125,,,,,,,,
1725,141.26924130000043,80.25,-3.75,-76.375,-80.25,,,,,,,,
1726,141.34614169999986,66.75,-24.09375,-44.84375,-66.75,,,,,,,,
1727,141.42496740000024,14.21875,-20.1875,4.3203125,-14.21875,,,,,,,,
1728,141.50312459999986,-31.125,-42.125,52.09375,31.125,,,,,,,,
1729,141.5800448,-75.375,-16.1875,86.4375,75.375,,,,,,,,
1730,141.6585696000002,-102.25,-13.875,100.5625,102.25,,,,,,,,
1731,141.7374921999999,-130.0,-20.125,148.375,130.0,,,,,,,,
1732,141.81552290000036,-115.9375,14.875,122.375,115.9375,,,,,,,,
1733,141.89339030000065,-96.875,-20.9375,119.625,96.875,,,,,,,,
1734,141.96972880000067,-81.125,-19.1875,108.3125,81.125,,,,,,,,
1735,142.0469761000004,-104.3125,-26.9375,143.375,104.3125,,,,,,,,
1736,142.12391060000027,-111.5,-14.3125,131.25,111.5,,,,,,,,
1737,142.20266919999995,-77.75,-6.5625,94.875,77.75,,,,,,,,
1738,142.2795741,-72.125,-14.9375,80.375,72.125,,,,,,,,
1739,142.35534650000045,-48.125,-11.375,75.0,48.125,,,,,,,,
1740,142.4377316,-21.6875,-25.75,41.46875,21.6875,,,,3.429813861846924,0.2670678198337555,3.0677459239959717,3.3997063636779785,4.007443428039551
1741,142.51955120000002,0.30517578125,-39.125,35.71875,-0.30517578125,,,,,,,,
1742,142.59560539999984,8.2578125,-48.21875,45.09375,-8.2578125,,,,,,,,
1743,142.6737649000006,0.7001953125,-51.96875,47.5625,-0.7001953125,,,,,,,,
1744,142.75234170000022,-3.939453125,-51.5,61.375,3.939453125,,,,,,,,
1745,142.83160210000005,-32.1875,-62.0625,92.3125,32.1875,,,,,,,,
1746,142.90731030000006,-5.35546875,-34.75,51.3125,5.35546875,,,,,,,,
1747,142.98410479999984,29.90625,-24.296875,0.01177978515625,-29.90625,,,,,,,,
1748,143.0603574000006,64.375,-27.515625,-28.953125,-64.375,,,,,,,,
1749,143.13752269999986,92.9375,-38.75,-42.9375,-92.9375,,,,,,,,
1750,143.21482920000017,107.0625,-44.09375,-52.03125,-107.0625,,,,,,,,
1751,143.29191619999983,88.875,-33.3125,-45.0,-88.875,,,,,,,,
1752,143.36735390000013,58.375,-28.78125,-32.15625,-58.375,,,,,,,,
1753,143.44619440000042,31.671875,-13.6953125,-10.9140625,-31.671875,,,,,,,,
1754,143.5237087000005,-23.671875,3.671875,25.25,23.671875,,,,,,,,
1755,143.60222310000063,-71.625,14.09375,53.84375,71.625,,,,,,,,
1756,143.67950980000023,-118.6875,-1.6875,120.4375,118.6875,,,,,,,,
1757,143.75798920000034,-141.375,-24.5625,149.75,141.375,,,,,,,,
1758,143.83603529999982,-166.5,-28.375,184.75,166.5,,,,,,,,
1759,143.91348240000025,-182.0,-32.125,208.875,182.0,,,,,,,,
1760,143.9969731000001,-195.5,-19.625,222.625,195.5,,,,5.440624713897705,0.6540344953536987,4.281016826629639,5.421330451965332,6.61549186706543
1761,144.07318149999992,-133.5,-18.25,157.0,133.5,,,,,,,,
1762,144.15068990000054,-117.625,3.9375,127.0625,117.625,,,,,,,,
1763,144.22928300000058,-71.0625,-0.6875,77.8125,71.0625,,,,,,,,
1764,144.30497509999987,-53.96875,7.4375,49.96875,53.96875,,,,,,,,
1765,144.3815609000003,-2.298828125,-14.2890625,28.359375,2.298828125,,,,,,,,
1766,144.45794800000021,15.90625,-3.951171875,-0.58349609375,-15.90625,,,,,,,,
1767,144.5375783999998,20.65625,-17.9375,-0.1246337890625,-20.65625,,,,,,,,
1768,144.6157076999998,10.34375,-27.46875,16.125,-10.34375,,,,,,,,
1769,144.69483500000024,2.951171875,-49.0,29.9375,-2.951171875,,,,,,,,
1770,144.76983569999993,-3.041015625,-40.71875,52.40625,3.041015625,,,,,,,,
1771,144.84648740000011,11.0625,-44.65625,47.71875,-11.0625,,,,,,,,
1772,144.9229432000002,8.546875,-56.21875,45.15625,-8.546875,,,,,,,,
1773,145.0004931000003,50.09375,-37.40625,10.8203125,-50.09375,,,,,,,,
1774,145.07848530000047,39.90625,-35.59375,-8.9765625,-39.90625,,,,,,,,
1775,145.15528520000043,45.84375,-33.15625,-14.2578125,-45.84375,,,,,,,,
1776,145.23427739999988,55.1875,-37.9375,-28.046875,-55.1875,,,,,,,,
1777,145.3110059999999,82.1875,-14.09375,-48.5625,-82.1875,,,,,,,,
1778,145.3883824000004,99.1875,-23.5625,-69.3125,-99.1875,,,,,,,,
1779,145.4656988000006,108.1875,-25.25,-75.0,-108.1875,,,,,,,,
1780,145.54876710000008,68.25,-12.84375,-57.09375,-68.25,,,,4.902802467346191,0.5360304117202759,4.196029186248779,4.801530838012695,5.859649181365967
1781,145.62517019999996,63.28125,3.375,-72.3125,-63.28125,,,,,,,,
1782,145.70279879999998,15.8984375,10.421875,-27.109375,-15.8984375,,,,,,,,
1783,145.78098820000014,6.48828125,13.453125,-24.84375,-6.48828125,,,,,,,,
1784,145.85788630000025,-16.3125,7.34375,10.921875,16.3125,,,,,,,,
1785,145.93573780000042,-24.546875,1.46875,26.78125,24.546875,,,,,,,,
1786,146.01184759999978,-38.875,-16.25,52.5625,38.875,,,,,,,,
1787,146.08832940000048,-62.46875,-30.5,88.625,62.46875,,,,,,,,
1788,146.16479250000066,-66.5625,-31.25,92.8125,66.5625,,,,,,,,
1789,146.24178440000014,-73.8125,-29.0,111.5,73.8125,,,,,,,,
1790,146.31859390000045,-57.03125,-17.40625,77.25,57.03125,,,,,,,,
1791,146.39901370000007,-21.234375,-16.765625,43.9375,21.234375,,,,,,,,
1792,146.47721480000018,18.8125,-25.65625,19.53125,-18.8125,,,,,,,,
1793,146.55306670000027,63.25,-29.15625,-22.09375,-63.25,,,,,,,,
1794,146.62970140000016,62.1875,-35.0625,-24.109375,-62.1875,,,,,,,,
1795,146.7083689000001,47.9375,-38.28125,-0.77099609375,-47.9375,,,,,,,,
1796,146.7841054999999,18.25,-41.9375,11.921875,-18.25,,,,,,,,
1797,146.86139110000022,-28.921875,-51.4375,69.25,28.921875,,,,,,,,
1798,146.94011580000006,-47.34375,-42.84375,99.5625,47.34375,,,,,,,,
1799,147.01825960000042,-63.71875,-40.78125,93.3125,63.71875,,,,,,,,
1800,147.09977380000055,-60.0,-21.5625,93.875,60.0,,,,5.713868618011475,0.5088168382644653,4.627195835113525,5.7315568923950195,6.464870452880859
1801,147.1784888000002,-53.65625,-2.0625,59.8125,53.65625,,,,,,,,
1802,147.25478770000063,-13.90625,-1.0625,23.265625,13.90625,,,,,,,,
1803,147.3310861,-17.546875,-8.0625,22.671875,17.546875,,,,,,,,
1804,147.4070474,6.72265625,-5.609375,1.859375,-6.72265625,,,,,,,,
1805,147.48340480000024,26.90625,-6.4375,-20.203125,-26.90625,,,,,,,,
1806,147.56034590000036,20.578125,1.609375,-18.125,-20.578125,,,,,,,,
1807,147.63695370000005,1.17578125,-2.234375,4.109375,-1.17578125,,,,,,,,
1808,147.71571399999993,-6.453125,-1.8203125,13.5546875,6.453125,,,,,,,,
1809,147.79076390000046,-5.0234375,3.3046875,14.0234375,5.0234375,,,,,,,,
1810,147.86836700000003,-23.515625,7.90625,17.75,23.515625,,,,,,,,
1811,147.94566230000055,-32.40625,0.46875,35.46875,32.40625,,,,,,,,
1812,148.02344189999985,-52.6875,-7.71875,59.5625,52.6875,,,,,,,,
1813,148.1034768999998,-49.25,-14.28125,63.8125,49.25,,,,,,,,
1814,148.1795757,-23.859375,-20.984375,49.8125,23.859375,,,,,,,,
1815,148.25895560000026,3.98046875,-23.890625,24.796875,-3.98046875,,,,,,,,
1816,148.33739789999981,-2.169921875,-26.375,33.375,2.169921875,,,,,,,,
1817,148.4140722000002,19.453125,-22.875,18.28125,-19.453125,,,,,,,,
1818,148.4911105000001,8.484375,-22.421875,13.3359375,-8.484375,,,,,,,,
1819,148.56888470000013,2.78125,-17.375,12.7734375,-2.78125,,,,,,,,
1820,148.65296949999993,54.84375,-19.4375,-19.5,-54.84375,,,,3.3633298873901367,0.42644625902175903,2.6644086837768555,3.375636577606201,3.9750473499298096
1821,148.73115529999995,65.1875,-16.1875,-46.4375,-65.1875,,,,,,,,
1822,148.80843090000053,65.4375,-21.0,-46.75,-65.4375,,,,,,,,
1823,148.88757930000065,65.8125,-26.25,-38.25,-65.8125,,,,,,,,
1824,148.96334960000058,87.0,-26.59375,-50.59375,-87.0,,,,,,,,
1825,149.04095320000033,111.5,-32.34375,-60.34375,-111.5,,,,,,,,
1826,149.11805809999987,87.1875,-21.6875,-61.1875,-87.1875,,,,,,,,
1827,149.19692550000036,38.28125,-21.4375,-27.8125,-38.28125,,,,,,,,
1828,149.2750369000005,2.189453125,-9.15625,-2.255859375,-2.189453125,,,,,,,,
1829,149.35200299999997,-54.90625,-6.15625,58.0625,54.90625,,,,,,,,
1830,149.42868559999988,-59.28125,-2.3125,63.84375,59.28125,,,,,,,,
1831,149.5071056000006,-80.25,-1.875,86.25,80.25,,,,,,,,
1832,149.58455950000007,-124.3125,-2.25,122.875,124.3125,,,,,,,,
1833,149.66216710000026,-114.5625,6.0,120.4375,114.5625,,,,,,,,
1834,149.7394460000005,-78.9375,4.0,90.5625,78.9375,,,,,,,,
1835,149.8165039000005,-63.28125,-3.5,77.6875,63.28125,,,,,,,,
1836,149.8966500000006,-17.984375,-6.046875,36.5625,17.984375,,,,,,,,
1837,149.97295450000001,4.38671875,-14.7734375,10.890625,-4.38671875,,,,,,,,
1838,150.0504934999999,9.03125,-21.4375,5.390625,-9.03125,,,,,,,,
1839,150.12852470000053,25.234375,-22.0,-0.429443359375,-25.234375,,,,,,,,
1840,150.21213249999983,13.8671875,-16.625,10.7734375,-13.8671875,,,,3.2126305103302,0.47282788157463074,2.34913969039917,3.259504795074463,3.8660292625427246
1841,150.28918930000054,-12.0,-17.40625,32.15625,12.0,,,,,,,,
1842,150.36711920000016,-12.640625,-19.484375,37.21875,12.640625,,,,,,,,
1843,150.44243900000038,-20.046875,-12.359375,41.28125,20.046875,,,,,,,,
1844,150.51935460000004,-26.28125,-3.640625,34.28125,26.28125,,,,,,,,
1845,150.59505679999984,-5.39453125,-15.890625,24.5625,5.39453125,,,,,,,,
1846,150.6708567000005,-0.7412109375,-12.171875,31.390625,0.7412109375,,,,,,,,
1847,150.74805780000042,-34.84375,-30.578125,50.90625,34.84375,,,,,,,,
1848,150.82628790000035,-28.828125,-21.4375,57.25,28.828125,,,,,,,,
1849,150.9026676000003,-16.78125,-30.421875,47.3125,16.78125,,,,,,,,
1850,150.98034199999984,12.9375,-26.1875,28.578125,-12.9375,,,,,,,,
1851,151.05750499999976,28.46875,-24.5625,8.609375,-28.46875,,,,,,,,
1852,151.14262839999992,32.09375,-15.8671875,5.078125,-32.09375,,,,,,,,
1853,151.22571340000013,15.6953125,-19.296875,7.41015625,-15.6953125,,,,,,,,
1854,151.31645389999994,17.03125,-17.171875,-5.20703125,-17.03125,,,,,,,,
1855,151.40977290000046,-3.51953125,-13.890625,0.0902099609375,3.51953125,,,,,,,,
1856,151.49714390000008,34.0625,-15.0859375,-14.4765625,-34.0625,,,,,,,,
1857,151.58136999999988,9.609375,-11.7734375,-13.3828125,-9.609375,,,,,,,,
1858,151.66551590000017,-50.15625,-10.0625,64.1875,50.15625,,,,,,,,
1859,151.7485168000003,-62.84375,-14.0625,78.625,62.84375,,,,,,,,
1860,151.83689180000056,-66.625,-9.1875,80.3125,66.625,,,,4.048318862915039,0.49529266357421875,3.097071647644043,4.116182327270508,4.792181491851807
1861,151.91433469999993,-83.875,-2.3125,94.75,83.875,,,,,,,,
1862,151.9946928999998,-77.9375,-7.6875,97.3125,77.9375,,,,,,,,
1863,152.07384060000004,-76.875,-10.6875,80.375,76.875,,,,,,,,
1864,152.15081030000056,-13.375,-10.875,40.5,13.375,,,,,,,,
1865,152.22996520000015,7.78515625,-19.96875,3.32421875,-7.78515625,,,,,,,,
1866,152.30712099999982,36.03125,-26.4375,3.033203125,-36.03125,,,,,,,,
1867,152.3877753000006,51.09375,-33.8125,-22.03125,-51.09375,,,,,,,,
1868,152.4698427000003,45.21875,-38.6875,-0.60693359375,-45.21875,,,,,,,,
1869,152.54959159999999,76.5,-24.28125,-34.03125,-76.5,,,,,,,,
1870,152.63087240000004,91.5625,-18.1875,-73.25,-91.5625,,,,,,,,
1871,152.7099216000006,102.375,-18.4375,-87.5,-102.375,,,,,,,,
1872,152.79008870000052,71.5625,-21.0625,-55.9375,-71.5625,,,,,,,,
1873,152.8679278999998,45.84375,-20.90625,-16.84375,-45.84375,,,,,,,,
1874,152.94678100000056,55.75,-15.03125,-41.8125,-55.75,,,,,,,,
1875,153.02668360000007,4.8125,-23.078125,1.91015625,-4.8125,,,,,,,,
1876,153.1038411999998,-74.5625,-41.21875,94.75,74.5625,,,,,,,,
1877,153.1835957000003,-155.875,-25.5,156.5,155.875,,,,,,,,
1878,153.26345610000044,-191.75,-22.25,234.5,191.75,,,,,,,,
1879,153.3439014000005,-233.875,-22.625,256.0,233.875,,,,,,,,
1880,153.43331600000056,-213.75,8.625,195.875,213.75,,,,5.62205171585083,0.424575537443161,4.805717468261719,5.6408843994140625,6.218189239501953
1881,153.5174281999998,-132.25,3.5,141.25,132.25,,,,,,,,
1882,153.60437030000048,-68.5,-0.4375,73.3125,68.5,,,,,,,,
1883,153.68641990000015,24.03125,-10.1015625,9.3671875,-24.03125,,,,,,,,
1884,153.76800300000014,42.78125,-2.65625,-27.015625,-42.78125,,,,,,,,
1885,153.84820880000007,60.25,-28.859375,-31.109375,-60.25,,,,,,,,
1886,153.92649880000045,38.1875,-24.546875,-2.34765625,-38.1875,,,,,,,,
1887,154.0065771999998,28.375,-18.265625,2.212890625,-28.375,,,,,,,,
1888,154.08383140000024,-15.4140625,-32.875,42.15625,15.4140625,,,,,,,,
1889,154.1623195000002,42.0,-1.421875,-19.75,-42.0,,,,,,,,
1890,154.24158309999984,81.0625,-6.46875,-45.46875,-81.0625,,,,,,,,
1891,154.32051050000064,64.5625,-8.6875,-58.3125,-64.5625,,,,,,,,
1892,154.4016677999998,74.875,-10.15625,-59.21875,-74.875,,,,,,,,
1893,154.4799463999998,40.5,-28.234375,-23.515625,-40.5,,,,,,,,
1894,154.55868520000058,17.171875,-41.15625,26.8125,-17.171875,,,,,,,,
1895,154.6370050000005,-76.25,-52.0625,104.5625,76.25,,,,,,,,
1896,154.71689740000056,-63.25,-37.125,101.5625,63.25,,,,,,,,
1897,154.79856710000058,-26.609375,-37.375,77.625,26.609375,,,,,,,,
1898,154.87719540000035,-3.95703125,-37.25,44.9375,3.95703125,,,,,,,,
1899,154.95459149999988,-41.8125,-41.78125,80.8125,41.8125,,,,,,,,
1900,155.0443365000001,-88.6875,-4.8125,82.75,88.6875,,,,4.906130790710449,0.3570154011249542,4.428900241851807,4.859842300415039,5.467536926269531
1901,155.12316920000012,-120.125,-20.0625,140.125,120.125,,,,,,,,
1902,155.20074569999997,-119.5,10.0625,127.6875,119.5,,,,,,,,
1903,155.2792438000006,-42.40625,-6.1875,70.375,42.40625,,,,,,,,
1904,155.3576806000001,57.78125,-18.109375,-25.546875,-57.78125,,,,,,,,
1905,155.4375828000002,71.0625,-31.90625,-32.71875,-71.0625,,,,,,,,
1906,155.5167762000001,50.34375,-18.96875,-39.21875,-50.34375,,,,,,,,
1907,155.59479460000057,33.3125,-17.0,-19.53125,-33.3125,,,,,,,,
1908,155.67357859999993,39.28125,-11.046875,-19.6875,-39.28125,,,,,,,,
1909,155.7522196,88.1875,1.0625,-69.625,-88.1875,,,,,,,,
1910,155.82972020000034,95.375,-4.5625,-86.3125,-95.375,,,,,,,,
1911,155.9083056999998,146.75,-12.9375,-120.1875,-146.75,,,,,,,,
1912,156.0125095000003,180.125,-9.25,-168.125,-180.125,,,,,,,,
1913,156.08782070000052,184.875,-42.625,-126.875,-184.875,,,,,,,,
1914,156.16652429999976,188.125,-38.625,-148.25,-188.125,,,,,,,,
1915,156.24586200000067,124.6875,-28.5,-110.75,-124.6875,,,,,,,,
1916,156.32491910000044,25.703125,-35.28125,-4.00390625,-25.703125,,,,,,,,
1917,156.4013700000005,-25.203125,5.765625,25.328125,25.203125,,,,,,,,
1918,156.47909859999982,-67.75,-17.3125,64.125,67.75,,,,,,,,
1919,156.55614789999981,-41.6875,-16.25,56.03125,41.6875,,,,,,,,
1920,156.64020690000052,-61.03125,-45.09375,97.5,61.03125,,,,5.186118125915527,0.36300498247146606,4.6256489753723145,5.1918110847473145,5.822041034698486
1921,156.71715720000066,-88.4375,-27.0,104.1875,88.4375,,,,,,,,
1922,156.7956992999998,-99.125,-30.25,131.375,99.125,,,,,,,,
1923,156.87282330000016,-161.25,-27.5,181.5,161.25,,,,,,,,
1924,156.95028770000044,-98.5625,-3.75,135.875,98.5625,,,,,,,,
1925,157.02677740000036,-65.625,-19.65625,77.6875,65.625,,,,,,,,
1926,157.10310710000067,42.65625,-26.296875,9.5,-42.65625,,,,,,,,
1927,157.17859790000057,92.1875,-44.53125,-38.53125,-92.1875,,,,,,,,
1928,157.25589930000024,156.5,-47.75,-101.875,-156.5,,,,,,,,
1929,157.33139670000037,176.375,-13.625,-153.125,-176.375,,,,,,,,
1930,157.40655770000012,186.625,-7.75,-179.25,-186.625,,,,,,,,
1931,157.48374250000052,173.875,-9.75,-161.375,-173.875,,,,,,,,
1932,157.5605532999998,156.25,6.25,-161.25,-156.25,,,,,,,,
1933,157.6388351000005,160.5,2.125,-152.125,-160.5,,,,,,,,
1934,157.71503570000004,61.65625,9.5,-86.75,-61.65625,,,,,,,,
1935,157.79463980000037,-16.640625,5.6328125,1.4794921875,16.640625,,,,,,,,
1936,157.87223900000026,-105.6875,-12.1875,100.1875,105.6875,,,,,,,,
1937,157.94964789999995,-175.375,-28.875,179.5,175.375,,,,,,,,
1938,158.02616190000026,-222.625,-9.375,241.75,222.625,,,,,,,,
1939,158.10316460000013,-214.5,-4.0,236.875,214.5,,,,,,,,
1940,158.18514790000063,-189.125,-10.375,215.125,189.125,,,,5.005217552185059,0.44420963525772095,4.392847537994385,4.900339603424072,5.811573028564453
1941,158.26175710000007,-135.75,-10.5,165.875,135.75,,,,,,,,
1942,158.33855790000052,-66.8125,-30.6875,123.875,66.8125,,,,,,,,
1943,158.41437150000002,-42.5625,-44.0,81.75,42.5625,,,,,,,,
1944,158.4930003999998,-3.2890625,-39.34375,56.0625,3.2890625,,,,,,,,
1945,158.57124710000062,20.21875,-36.5625,25.921875,-20.21875,,,,,,,,
1946,158.64888669999982,49.90625,-29.515625,-10.109375,-49.90625,,,,,,,,
1947,158.72535630000039,47.125,-26.921875,-17.921875,-47.125,,,,,,,,
1948,158.80403280000064,68.4375,-42.0,-14.328125,-68.4375,,,,,,,,
1949,158.8794723000001,91.625,-51.03125,-36.59375,-91.625,,,,,,,,
1950,158.9561674000006,79.8125,-42.9375,-29.4375,-79.8125,,,,,,,,
1951,159.03229439999996,23.5625,-25.46875,-6.65625,-23.5625,,,,,,,,
1952,159.11027699999977,22.625,-5.25,-20.8125,-22.625,,,,,,,,
1953,159.18770790000053,0.14892578125,-18.28125,32.375,-0.14892578125,,,,,,,,
1954,159.26433009999982,-1.873046875,6.93359375,-8.7890625,1.873046875,,,,,,,,
1955,159.33983050000006,-25.796875,0.6875,28.359375,25.796875,,,,,,,,
1956,159.41662610000003,-50.4375,7.03125,53.8125,50.4375,,,,,,,,
1957,159.49248679999982,-73.75,11.25,54.625,73.75,,,,,,,,
1958,159.56650059999993,-47.5,-4.21875,60.59375,47.5,,,,,,,,
1959,159.64389240000037,-56.5625,8.875,64.6875,56.5625,,,,,,,,
1960,159.72675739999977,-60.09375,-5.03125,54.0625,60.09375,,,,3.4826741218566895,0.255825400352478,3.1005825996398926,3.4653966426849365,3.978649377822876
1961,159.80483800000002,-50.3125,-6.90625,62.84375,50.3125,,,,,,,,
1962,159.88387890000013,-66.0625,-28.1875,78.4375,66.0625,,,,,,,,
1963,159.96073870000055,-63.8125,-21.5,74.0625,63.8125,,,,,,,,
1964,160.03802989999986,18.171875,-0.046875,11.421875,-18.171875,,,,,,,,
1965,160.11547490000066,118.5,-20.3125,-71.25,-118.5,,,,,,,,
1966,160.19315580000057,145.25,-24.5,-116.625,-145.25,,,,,,,,
1967,160.2678403,112.8125,-26.875,-86.4375,-112.8125,,,,,,,,
1968,160.3449588000003,56.65625,-12.0625,-58.375,-56.65625,,,,,,,,
1969,160.42193709999992,-24.859375,-24.78125,39.375,24.859375,,,,,,,,
1970,160.49956980000024,-110.8125,-29.0,137.0,110.8125,,,,,,,,
1971,160.57491840000057,-99.6875,-34.375,139.375,99.6875,,,,,,,,
1972,160.6512690999998,-45.75,-37.03125,92.125,45.75,,,,,,,,
1973,160.72759550000046,0.0924072265625,-36.875,39.0625,-0.0924072265625,,,,,,,,
1974,160.80322119999983,39.375,-25.328125,3.853515625,-39.375,,,,,,,,
1975,160.88002830000005,108.0625,-30.46875,-47.59375,-108.0625,,,,,,,,
1976,160.95655989999977,108.9375,-8.6875,-102.5,-108.9375,,,,,,,,
1977,161.0335659000002,66.3125,-15.46875,-61.71875,-66.3125,,,,,,,,
1978,161.1110163000003,44.3125,-7.375,-39.1875,-44.3125,,,,,,,,
1979,161.1877482,6.62109375,-10.6171875,18.25,-6.62109375,,,,,,,,
1980,161.27198450000014,-6.52734375,-13.6328125,13.734375,6.52734375,,,,3.7218542098999023,0.43172687292099,3.050300121307373,3.7908451557159424,4.438292026519775
1981,161.34820800000034,-21.671875,-16.421875,34.90625,21.671875,,,,,,,,
1982,161.42675380000037,-26.046875,-14.1875,52.71875,26.046875,,,,,,,,
1983,161.5043366,-75.3125,-5.0,71.75,75.3125,,,,,,,,
1984,161.5809024,-122.75,-2.75,112.125,122.75,,,,,,,,
1985,161.65682730000026,-121.1875,10.3125,123.4375,121.1875,,,,,,,,
1986,161.73359729999993,-83.875,-1.4375,101.625,83.875,,,,,,,,
1987,161.80910790000053,-31.6875,-0.4375,40.40625,31.6875,,,,,,,,
1988,161.8874205000002,-11.3828125,-22.75,25.09375,11.3828125,,,,,,,,
1989,161.9650388,54.71875,-18.453125,-7.390625,-54.71875,,,,,,,,
1990,162.04115170000023,74.9375,-12.3125,-65.875,-74.9375,,,,,,,,
1991,162.11806909999996,60.53125,-19.875,-42.8125,-60.53125,,,,,,,,
1992,162.1983747000004,56.8125,-13.15625,-42.125,-56.8125,,,,,,,,
1993,162.27598620000026,22.265625,-4.03125,-32.9375,-22.265625,,,,,,,,
1994,162.35167450000063,38.34375,-15.53125,-6.12890625,-38.34375,,,,,,,,
1995,162.42806149999979,53.375,-15.53125,-29.375,-53.375,,,,,,,,
1996,162.50627590000022,34.375,-24.0,-12.0234375,-34.375,,,,,,,,
1997,162.58434410000064,17.90625,-38.25,12.734375,-17.90625,,,,,,,,
1998,162.6605430999998,75.625,-47.15625,-23.71875,-75.625,,,,,,,,
1999,162.7374808000004,111.625,-52.0,-46.0,-111.625,,,,,,,,
2000,162.81956440000067,104.4375,-43.96875,-59.40625,-104.4375,,,,5.490068435668945,0.7079958915710449,4.476356506347656,5.38856840133667,6.552080154418945
2001,162.89938150000035,9.046875,-24.5625,19.5,-9.046875,,,,,,,,
2002,162.97551310000017,-78.9375,-28.625,89.9375,78.9375,,,,,,,,
2003,163.05232140000044,-80.75,-11.125,98.25,80.75,,,,,,,,
2004,163.13001650000024,-66.4375,-13.5625,80.8125,66.4375,,,,,,,,
2005,163.20728920000056,-17.328125,-13.34375,47.3125,17.328125,,,,,,,,
2006,163.28468489999977,55.375,-11.359375,-30.796875,-55.375,,,,,,,,
2007,163.36074820000067,25.96875,-5.7734375,-8.125,-25.96875,,,,,,,,
2008,163.43713790000038,104.875,0.5625,-84.0,-104.875,,,,,,,,
2009,163.51632960000006,178.75,0.75,-182.625,-178.75,,,,,,,,
2010,163.5931332,164.75,-4.5,-164.125,-164.75,,,,,,,,
2011,163.6691595000002,124.4375,5.125,-140.0,-124.4375,,,,,,,,
2012,163.74609260000034,60.71875,-4.125,-69.4375,-60.71875,,,,,,,,
2013,163.82377780000024,-15.0234375,-9.9375,-6.51953125,15.0234375,,,,,,,,
2014,163.90151539999988,-93.0,-19.25,96.8125,93.0,,,,,,,,
2015,163.9820318000002,-141.125,-31.0625,158.75,141.125,,,,,,,,
2016,164.05975579999995,-130.625,-40.625,170.75,130.625,,,,,,,,
2017,164.13657980000062,-107.3125,-29.5625,146.25,107.3125,,,,,,,,
2018,164.21355589999985,-85.875,-32.9375,144.0,85.875,,,,,,,,
2019,164.29107960000056,18.4375,-38.3125,44.3125,-18.4375,,,,,,,,
2020,164.3730196000006,55.5625,-39.5,-13.6875,-55.5625,,,,3.7776999473571777,0.17284458875656128,3.550743341445923,3.7330408096313477,4.070385932922363
2021,164.4491396000003,83.4375,-36.5,-29.859375,-83.4375,,,,,,,,
2022,164.52586880000035,84.125,-26.40625,-62.09375,-84.125,,,,,,,,
2023,164.60475420000057,105.6875,-12.625,-93.8125,-105.6875,,,,,,,,
2024,164.68466960000023,25.78125,-8.0625,-26.0625,-25.78125,,,,,,,,
2025,164.76097449999997,-13.8515625,-4.140625,6.65625,13.8515625,,,,,,,,
2026,164.83745390000058,-12.0859375,5.17578125,7.55859375,12.0859375,,,,,,,,
2027,164.91731510000045,-47.8125,-9.25,47.8125,47.8125,,,,,,,,
2028,164.99405990000014,-48.28125,-3.3125,59.375,48.28125,,,,,,,,
2029,165.0717865000006,-69.75,-8.96875,65.1875,69.75,,,,,,,,
2030,165.14832130000013,-73.875,-5.0625,69.625,73.875,,,,,,,,
2031,165.2270195000001,-19.328125,-11.03125,36.15625,19.328125,,,,,,,,
2032,165.30492270000013,53.5,-6.875,-16.625,-53.5,,,,,,,,
2033,165.3833998,55.78125,-18.5,-36.5,-55.78125,,,,,,,,
2034,165.46027090000007,54.4375,-22.96875,-41.09375,-54.4375,,,,,,,,
2035,165.53738310000062,53.15625,-32.53125,-12.7890625,-53.15625,,,,,,,,
2036,165.61425800000052,-20.609375,-37.21875,45.15625,20.609375,,,,,,,,
2037,165.6912567999998,-109.1875,-33.1875,149.625,109.1875,,,,,,,,
2038,165.76720360000036,-124.75,-39.75,193.125,124.75,,,,,,,,
2039,165.84545799999978,-79.125,-37.5,112.1875,79.125,,,,,,,,
2040,165.92726720000064,23.546875,-25.359375,34.875,-23.546875,,,,4.946864128112793,0.8102337121963501,3.623599052429199,5.001424789428711,6.050176620483398
2041,166.01986000000034,111.125,-34.3125,-68.625,-111.125,,,,,,,,
2042,166.10139979999985,81.1875,-13.75,-69.6875,-81.1875,,,,,,,,
2043,166.1869953000005,87.125,-6.875,-72.125,-87.125,,,,,,,,
2044,166.26351590000013,69.875,-7.9375,-67.0625,-69.875,,,,,,,,
2045,166.34174630000052,25.859375,-26.0,-15.9921875,-25.859375,,,,,,,,
2046,166.42220530000031,-65.625,-14.09375,56.71875,65.625,,,,,,,,
2047,166.49924640000063,-44.875,14.796875,29.171875,44.875,,,,,,,,
2048,166.58071689999997,-27.703125,-15.03125,48.71875,27.703125,,,,,,,,
2049,166.65768410000055,4.078125,-24.0625,31.875,-4.078125,,,,,,,,
2050,166.7427002000004,58.78125,-14.734375,-24.453125,-58.78125,,,,,,,,
2051,166.8187515999998,2.595703125,-11.5078125,-1.9912109375,-2.595703125,,,,,,,,
2052,166.90025109999988,-31.765625,-15.8125,36.78125,31.765625,,,,,,,,
2053,166.9772122000004,-41.21875,-11.765625,40.03125,41.21875,,,,,,,,
2054,167.0648412999999,-88.625,-20.5625,99.8125,88.625,,,,,,,,
2055,167.15206060000037,-102.6875,0.125,116.0,102.6875,,,,,,,,
2056,167.23158430000058,-55.0,-14.40625,61.5625,55.0,,,,,,,,
2057,167.30928649999987,-10.46875,-27.84375,58.5625,10.46875,,,,,,,,
2058,167.39021540000067,-25.65625,-32.8125,45.09375,25.65625,,,,,,,,
2059,167.4751255000001,34.28125,-1.1875,-23.765625,-34.28125,,,,,,,,
2060,167.56534250000004,40.71875,-18.96875,-25.0625,-40.71875,,,,3.550938606262207,0.38181740045547485,2.975572109222412,3.512878894805908,4.133117198944092
2061,167.65157679999993,45.375,-32.6875,-10.0859375,-45.375,,,,,,,,
2062,167.7323006000006,93.0,-35.21875,-28.75,-93.0,,,,,,,,
2063,167.80882310000015,114.75,-31.71875,-61.84375,-114.75,,,,,,,,
2064,167.88740380000036,84.6875,-21.90625,-60.78125,-84.6875,,,,,,,,
2065,167.96706640000048,95.4375,-19.9375,-70.625,-95.4375,,,,,,,,
2066,168.04658220000056,79.125,-21.625,-53.3125,-79.125,,,,,,,,
2067,168.1277594000003,17.734375,-20.125,-7.8515625,-17.734375,,,,,,,,
2068,168.2074376999999,-24.78125,-11.40625,39.21875,24.78125,,,,,,,,
2069,168.28401120000035,-78.625,-13.6875,78.0625,78.625,,,,,,,,
2070,168.3638037999999,-107.8125,-3.125,108.4375,107.8125,,,,,,,,
2071,168.4440596000004,-73.0625,2.125,91.1875,73.0625,,,,,,,,
2072,168.52372770000056,-42.53125,4.09375,59.3125,42.53125,,,,,,,,
2073,168.6081565000004,6.60546875,-1.125,15.734375,-6.60546875,,,,,,,,
2074,168.68677780000053,72.5625,-13.5625,-43.09375,-72.5625,,,,,,,,
2075,168.76380440000048,83.6875,-8.4375,-78.875,-83.6875,,,,,,,,
2076,168.84300020000046,39.65625,-10.40625,-37.84375,-39.65625,,,,,,,,
2077,168.92513730000064,-9.7421875,-13.375,13.90625,9.7421875,,,,,,,,
2078,169.0035529000006,-55.28125,-19.75,73.375,55.28125,,,,,,,,
2079,169.0890758000005,-134.25,-40.8125,163.25,134.25,,,,,,,,
2080,169.1726761,-165.875,-29.375,204.0,165.875,,,,6.562910079956055,1.5340086221694946,3.972346305847168,6.6727399826049805,8.478302955627441
2081,169.25428600000032,-111.3125,7.75,130.0,111.3125,,,,,,,,
2082,169.3685245000006,44.28125,-27.6875,10.796875,-44.28125,,,,,,,,
2083,169.4629214000006,81.0,-42.4375,-31.1875,-81.0,,,,,,,,
2084,169.55939519999993,126.0,-43.8125,-78.3125,-126.0,,,,,,,,
2085,169.652556,101.0625,-33.6875,-74.25,-101.0625,,,,,,,,
2086,169.7450533000001,90.625,-41.25,-51.1875,-90.625,,,,,,,,
2087,169.84318130000065,3.845703125,-39.0625,18.953125,-3.845703125,,,,,,,,
2088,169.9440921000005,-46.53125,-17.40625,45.25,46.53125,,,,,,,,
2089,170.03714350000064,-72.75,-6.0625,72.375,72.75,,,,,,,,
2090,170.14210060000005,-79.125,-16.125,102.5625,79.125,,,,,,,,
2091,170.2467889999998,-63.59375,-13.0,84.25,63.59375,,,,,,,,
2092,170.3575092000001,-65.4375,-3.4375,75.0625,65.4375,,,,,,,,
2093,170.45126739999978,-53.09375,12.5625,47.3125,53.09375,,,,,,,,
2094,170.5442761000004,-44.40625,-9.78125,57.3125,44.40625,,,,,,,,
2095,170.6372878000002,-11.609375,-24.53125,34.5,11.609375,,,,,,,,
2096,170.7300376000003,20.78125,-18.9375,7.1328125,-20.78125,,,,,,,,
2097,170.8340702000005,28.171875,-9.859375,-7.703125,-28.171875,,,,,,,,
2098,170.9374972000005,42.84375,-1.375,-32.34375,-42.84375,,,,,,,,
2099,171.03392910000002,75.9375,-14.6875,-51.625,-75.9375,,,,,,,,
2100,171.12296440000046,90.9375,-35.3125,-44.8125,-90.9375,,,,3.4479124546051025,0.35379916429519653,2.874102830886841,3.4886817932128906,3.9777426719665527
2101,171.21788730000026,73.75,-33.71875,-51.09375,-73.75,,,,,,,,
2102,171.33456149999984,47.65625,-42.125,5.640625,-47.65625,,,,,,,,
2103,171.41426769999998,71.25,-48.59375,-11.4140625,-71.25,,,,,,,,
2104,171.49672270000065,-32.21875,-49.8125,54.9375,32.21875,,,,,,,,
2105,171.57660810000016,-96.5625,-29.625,123.0625,96.5625,,,,,,,,
2106,171.65406560000065,-1.3203125,-24.328125,49.03125,1.3203125,,,,,,,,
2107,171.73810700000013,33.03125,-38.34375,12.6484375,-33.03125,,,,,,,,
2108,171.81740200000058,51.71875,-33.71875,2.4765625,-51.71875,,,,,,,,
2109,171.8936435000005,54.9375,-18.21875,-15.4296875,-54.9375,,,,,,,,
2110,171.9702803,29.046875,-0.484375,-26.578125,-29.046875,,,,,,,,
2111,172.05380830000013,6.25390625,-8.390625,1.1416015625,-6.25390625,,,,,,,,
2112,172.13558590000048,-35.09375,-29.4375,53.65625,35.09375,,,,,,,,
2113,172.22134970000025,-67.3125,-49.59375,101.5625,67.3125,,,,,,,,
2114,172.3040385000004,-91.75,-53.875,153.5,91.75,,,,,,,,
2115,172.38327190000018,-64.75,-42.53125,105.125,64.75,,,,,,,,
2116,172.46041370000057,11.75,-19.84375,19.21875,-11.75,,,,,,,,
2117,172.54234749999978,102.5625,-11.375,-72.875,-102.5625,,,,,,,,
2118,172.61957750000056,193.875,-17.25,-155.375,-193.875,,,,,,,,
2119,172.69890180000039,184.75,-11.375,-156.25,-184.75,,,,,,,,
2120,172.78642330000002,111.375,4.5,-129.25,-111.375,,,,4.255663871765137,0.6599098443984985,3.255786418914795,4.179453372955322,5.378466606140137
2121,172.86500930000057,22.546875,-6.40625,-38.40625,-22.546875,,,,,,,,
2122,172.94608760000028,-14.59375,-4.90234375,10.390625,14.59375,,,,,,,,
2123,173.02334410000003,-56.75,-3.90625,55.15625,56.75,,,,,,,,
2124,173.10247419999996,-99.0,-19.9375,114.125,99.0,,,,,,,,
2125,173.17870560000028,-136.875,-38.1875,158.875,136.875,,,,,,,,
2126,173.25588460000017,-182.25,-55.375,223.5,182.25,,,,,,,,
2127,173.33276980000028,-190.75,-40.375,224.5,190.75,,,,,,,,
2128,173.41185490000044,-156.25,-43.5,189.125,156.25,,,,,,,,
2129,173.48857700000008,-111.1875,-33.25,165.125,111.1875,,,,,,,,
2130,173.56760810000014,-63.25,-24.1875,120.125,63.25,,,,,,,,
2131,173.6434988000001,39.375,-31.890625,12.390625,-39.375,,,,,,,,
2132,173.72216170000047,75.8125,-22.59375,-40.78125,-75.8125,,,,,,,,
2133,173.79834960000062,88.375,-11.0625,-68.625,-88.375,,,,,,,,
2134,173.87604350000038,95.6875,-9.1875,-90.0625,-95.6875,,,,,,,,
2135,173.95527130000028,124.1875,-20.3125,-100.0625,-124.1875,,,,,,,,
2136,174.03292580000016,123.3125,-24.25,-106.875,-123.3125,,,,,,,,
2137,174.11232930000006,96.75,-26.4375,-69.8125,-96.75,,,,,,,,
2138,174.1883654000003,31.765625,-19.5,-16.84375,-31.765625,,,,,,,,
2139,174.26462230000016,-26.28125,-11.28125,22.328125,26.28125,,,,,,,,
2140,174.35077910000018,-83.9375,-1.6875,75.5625,83.9375,,,,4.935564041137695,0.3083248436450958,4.476797580718994,4.915867805480957,5.429743766784668
2141,174.42714070000056,-54.71875,-2.0,69.1875,54.71875,,,,,,,,
2142,174.50391620000028,-20.515625,0.8515625,13.109375,20.515625,,,,,,,,
2143,174.5836747000003,20.390625,-11.5625,-5.328125,-20.390625,,,,,,,,
2144,174.66216739999982,17.78125,-22.65625,4.19921875,-17.78125,,,,,,,,
2145,174.7402318000004,38.53125,-22.96875,-14.4296875,-38.53125,,,,,,,,
2146,174.81987300000037,44.34375,-8.5,-31.46875,-44.34375,,,,,,,,
2147,174.89818110000033,6.28515625,-8.21875,1.7578125,-6.28515625,,,,,,,,
2148,174.97616749999997,-32.75,-9.8125,32.1875,32.75,,,,,,,,
2149,175.0529133,-76.375,3.9375,83.625,76.375,,,,,,,,
2150,175.13149500000054,-68.875,-6.96875,65.5,68.875,,,,,,,,
2151,175.20793349999985,-32.84375,-12.53125,50.40625,32.84375,,,,,,,,
2152,175.28474910000023,-63.59375,-19.0625,86.0625,63.59375,,,,,,,,
2153,175.36114129999987,-98.3125,-10.5,119.5,98.3125,,,,,,,,
2154,175.44003000000066,-87.8125,-7.625,91.125,87.8125,,,,,,,,
2155,175.5182494999999,-87.25,-13.625,102.9375,87.25,,,,,,,,
2156,175.59560039999997,-18.734375,-11.5625,45.3125,18.734375,,,,,,,,
2157,175.67340909999984,23.671875,-9.9375,0.5888671875,-23.671875,,,,,,,,
2158,175.7521311999999,85.625,-11.5625,-74.375,-85.625,,,,,,,,
2159,175.8287280000004,115.9375,-16.0625,-83.875,-115.9375,,,,,,,,
2160,175.91311529999984,163.0,-14.875,-148.0,-163.0,,,,4.640759468078613,0.4044983685016632,3.9632158279418945,4.646514892578125,5.2974724769592285
2161,175.99263690000043,142.0,-17.375,-137.875,-142.0,,,,,,,,
2162,176.06868960000065,98.6875,-24.3125,-95.625,-98.6875,,,,,,,,
2163,176.14471800000047,39.9375,-41.40625,-8.90625,-39.9375,,,,,,,,
2164,176.22351849999995,3.21484375,-27.625,25.625,-3.21484375,,,,,,,,
2165,176.30087450000065,-19.359375,-37.1875,68.0,19.359375,,,,,,,,
2166,176.37960680000015,-42.3125,-23.90625,67.6875,42.3125,,,,,,,,
2167,176.45598599999994,-25.96875,-19.03125,49.8125,25.96875,,,,,,,,
2168,176.53286930000013,-8.3828125,-19.109375,41.9375,8.3828125,,,,,,,,
2169,176.60973869999998,3.439453125,-15.40625,20.0625,-3.439453125,,,,,,,,
2170,176.68818370000008,15.0078125,-9.2890625,2.041015625,-15.0078125,,,,,,,,
2171,176.76551010000003,-8.875,-9.421875,26.359375,8.875,,,,,,,,
2172,176.84318640000038,-67.3125,-4.5,47.21875,67.3125,,,,,,,,
2173,176.9215189000006,-46.03125,-11.84375,63.625,46.03125,,,,,,,,
2174,176.9990244999999,-37.5625,-15.3125,51.71875,37.5625,,,,,,,,
2175,177.07500859999982,-5.37109375,-8.1875,26.609375,5.37109375,,,,,,,,
2176,177.15374359999987,-15.625,-10.09375,24.25,15.625,,,,,,,,
2177,177.23314240000036,13.6328125,-10.015625,-17.46875,-13.6328125,,,,,,,,
2178,177.30897390000064,33.4375,-13.296875,-17.046875,-33.4375,,,,,,,,
2179,177.38736880000033,5.85546875,-12.09375,-0.6416015625,-5.85546875,,,,,,,,
2180,177.46931219999988,6.44140625,-16.859375,9.1328125,-6.44140625,,,,3.410757541656494,0.41540807485580444,2.7620208263397217,3.426036834716797,4.1262526512146
2181,177.5463963000002,11.828125,-30.1875,24.109375,-11.828125,,,,,,,,
2182,177.6239618999998,66.375,-39.5,-14.9609375,-66.375,,,,,,,,
2183,177.7008397999998,104.125,-44.34375,-58.28125,-104.125,,,,,,,,
2184,177.77948660000038,136.625,-52.96875,-55.28125,-136.625,,,,,,,,
2185,177.85642270000062,48.6875,-32.4375,-31.390625,-48.6875,,,,,,,,
2186,177.9331817000002,-35.875,-20.8125,43.46875,35.875,,,,,,,,
2187,178.00973990000057,-52.78125,-9.625,77.3125,52.78125,,,,,,,,
2188,178.0873277999999,-77.5625,-8.9375,80.3125,77.5625,,,,,,,,
2189,178.16310299999986,-100.0625,-7.25,108.5625,100.0625,,,,,,,,
2190,178.24115650000022,-117.375,-2.625,131.75,117.375,,,,,,,,
2191,178.3175779000003,-76.75,-14.75,94.3125,76.75,,,,,,,,
2192,178.39342660000057,-69.8125,-0.1875,78.625,69.8125,,,,,,,,
2193,178.46882129999995,-46.5,-2.375,50.5,46.5,,,,,,,,
2194,178.54566740000064,-10.4140625,-5.71875,37.0,10.4140625,,,,,,,,
2195,178.6222886000005,11.015625,-2.58984375,-5.41796875,-11.015625,,,,,,,,
2196,178.70070720000058,19.359375,-3.734375,-20.046875,-19.359375,,,,,,,,
2197,178.78029289999995,55.15625,-6.4375,-32.4375,-55.15625,,,,,,,,
2198,178.8583574000004,96.125,-22.53125,-61.96875,-96.125,,,,,,,,
2199,178.93439240000043,119.125,-28.8125,-88.3125,-119.125,,,,,,,,
2200,179.0181115000005,114.375,-29.0625,-81.5625,-114.375,,,,3.6398797035217285,0.39304274320602417,3.127819776535034,3.5917792320251465,4.308896541595459
2201,179.09449649999988,64.3125,-32.8125,-45.625,-64.3125,,,,,,,,
2202,179.17192299999988,15.0546875,-30.75,13.9921875,-15.0546875,,,,,,,,
2203,179.25007610000011,-33.78125,-43.09375,54.3125,33.78125,,,,,,,,
2204,179.32617370000025,-25.21875,-36.25,74.9375,25.21875,,,,,,,,
2205,179.4063554000004,-1.25,-41.0,52.75,1.25,,,,,,,,
2206,179.48448559999997,5.15234375,-39.875,34.28125,-5.15234375,,,,,,,,
2207,179.5605400000004,1.5888671875,-34.03125,42.15625,-1.5888671875,,,,,,,,
2208,179.63800869999977,6.4765625,-12.625,15.15625,-6.4765625,,,,,,,,
2209,179.71673350000037,5.60546875,-5.9921875,-2.005859375,-5.60546875,,,,,,,,
2210,179.79461210000045,34.75,9.421875,-32.0,-34.75,,,,,,,,
2211,179.87094969999998,35.65625,9.5625,-41.4375,-35.65625,,,,,,,,
2212,179.94735800000035,1.8466796875,7.71875,-10.0390625,-1.8466796875,,,,,,,,
2213,180.02614410000024,-13.859375,3.8671875,-6.41796875,13.859375,,,,,,,,
2214,180.10395440000048,2.5390625,2.17578125,-5.4609375,-2.5390625,,,,,,,,
2215,180.18579659999978,2.359375,0.96875,12.890625,-2.359375,,,,,,,,
2216,180.26364560000002,3.796875,-8.890625,-5.11328125,-3.796875,,,,,,,,
2217,180.34296650000033,-27.609375,-15.3828125,27.890625,27.609375,,,,,,,,
2218,180.42394400000012,-69.6875,-19.5,87.25,69.6875,,,,,,,,
2219,180.5007344000005,-40.03125,-20.5,72.375,40.03125,,,,,,,,
2220,180.58707719999984,-28.640625,-24.59375,63.78125,28.640625,,,,3.27948260307312,0.1984102427959442,2.9210562705993652,3.2798855304718018,3.5745487213134766
2221,180.66321330000028,-5.33984375,-38.3125,38.5,5.33984375,,,,,,,,
2222,180.7406861999998,23.6875,-43.25,26.6875,-23.6875,,,,,,,,
2223,180.81754069999988,30.25,-59.9375,32.40625,-30.25,,,,,,,,
2224,180.8952261000004,11.625,-36.6875,19.921875,-11.625,,,,,,,,
2225,180.9722268000005,-46.25,-28.75,70.8125,46.25,,,,,,,,
2226,181.0501847000005,-75.0,-14.0,85.9375,75.0,,,,,,,,
2227,181.1304700999999,-49.84375,-14.96875,76.1875,49.84375,,,,,,,,
2228,181.22172649999993,-71.9375,-11.25,79.875,71.9375,,,,,,,,
2229,181.31002460000036,19.796875,-9.0,-9.265625,-19.796875,,,,,,,,
2230,181.41474860000017,42.84375,-0.65625,-40.34375,-42.84375,,,,,,,,
2231,181.49969930000043,55.53125,-2.28125,-48.8125,-55.53125,,,,,,,,
2232,181.5835373,16.265625,8.71875,-19.921875,-16.265625,,,,,,,,
2233,181.66709979999996,6.7265625,8.5078125,-8.0234375,-6.7265625,,,,,,,,
2234,181.75203800000054,-8.15625,-5.42578125,9.4375,8.15625,,,,,,,,
2235,181.84085090000008,4.08203125,11.96875,0.07818603515625,-4.08203125,,,,,,,,
2236,181.91909430000032,34.875,-1.53125,-27.6875,-34.875,,,,,,,,
2237,181.99899150000056,58.71875,-13.46875,-30.78125,-58.71875,,,,,,,,
2238,182.08019990000048,84.25,-25.5625,-61.3125,-84.25,,,,,,,,
2239,182.15912370000024,58.78125,-23.84375,-36.0625,-58.78125,,,,,,,,
2240,182.2453019000004,61.09375,-35.375,-19.140625,-61.09375,,,,3.5602006912231445,0.5443844199180603,2.6821508407592773,3.5186800956726074,4.701554298400879
2241,182.32622040000024,-10.296875,-39.34375,34.15625,10.296875,,,,,,,,
2242,182.40482990000055,-68.75,-37.8125,114.25,68.75,,,,,,,,
2243,182.48239590000048,-33.25,-32.3125,83.4375,33.25,,,,,,,,
2244,182.5609142000003,9.4296875,-36.0625,42.53125,-9.4296875,,,,,,,,
2245,182.63998059999994,41.59375,-31.5625,-18.1875,-41.59375,,,,,,,,
2246,182.7172070000006,41.03125,-27.6875,-18.75,-41.03125,,,,,,,,
2247,182.79533179999999,34.8125,-21.6875,-35.96875,-34.8125,,,,,,,,
2248,182.87243649999982,33.59375,-11.15625,-38.59375,-33.59375,,,,,,,,
2249,182.95083520000026,70.875,0.75,-76.5625,-70.875,,,,,,,,
2250,183.02806640000017,135.0,7.4375,-121.4375,-135.0,,,,,,,,
2251,183.10566019999987,142.375,-0.5,-129.25,-142.375,,,,,,,,
2252,183.1838475000004,123.8125,0.625,-119.5625,-123.8125,,,,,,,,
2253,183.2619826,88.125,-5.375,-84.125,-88.125,,,,,,,,
2254,183.3407189999998,35.1875,-24.234375,-19.796875,-35.1875,,,,,,,,
2255,183.42249470000024,-27.5,-7.59375,37.6875,27.5,,,,,,,,
2256,183.50626939999984,-82.25,-34.75,92.0,82.25,,,,,,,,
2257,183.58852530000058,-52.75,-29.3125,88.5625,52.75,,,,,,,,
2258,183.6693946000005,-40.84375,-37.0625,82.4375,40.84375,,,,,,,,
2259,183.7481146,-68.4375,-18.3125,81.4375,68.4375,,,,,,,,
2260,183.83232709999993,-71.75,-17.5625,92.0,71.75,,,,6.059725761413574,0.2072269767522812,5.698099136352539,6.055171012878418,6.37391996383667
2261,183.91136110000025,8.71875,-23.984375,41.34375,-8.71875,,,,,,,,
2262,183.98853920000056,12.2421875,-23.453125,15.6328125,-12.2421875,,,,,,,,
2263,184.07104739999977,21.625,-22.78125,4.9375,-21.625,,,,,,,,
2264,184.1496745000004,-1.8271484375,-16.03125,15.671875,1.8271484375,,,,,,,,
2265,184.2299395,-25.234375,-2.828125,29.953125,25.234375,,,,,,,,
2266,184.30788699999994,-76.75,-0.75,63.34375,76.75,,,,,,,,
2267,184.38630040000044,-68.0625,2.3125,66.5625,68.0625,,,,,,,,
2268,184.46381590000055,-20.359375,-1.125,26.5625,20.359375,,,,,,,,
2269,184.54272880000008,-29.859375,-10.875,47.25,29.859375,,,,,,,,
2270,184.61989970000013,-16.359375,-15.421875,44.15625,16.359375,,,,,,,,
2271,184.6988609,1.708984375,-12.859375,26.296875,-1.708984375,,,,,,,,
2272,184.77814800000033,13.4453125,-20.625,11.0703125,-13.4453125,,,,,,,,
2273,184.8560477000001,32.53125,-35.5625,5.19921875,-32.53125,,,,,,,,
2274,184.93442120000054,10.3671875,-41.09375,33.1875,-10.3671875,,,,,,,,
2275,185.01121820000026,4.91796875,-53.28125,49.6875,-4.91796875,,,,,,,,
2276,185.09005720000005,-29.40625,-46.5,67.1875,29.40625,,,,,,,,
2277,185.1683675000004,-43.75,-43.15625,78.9375,43.75,,,,,,,,
2278,185.2466787000003,-9.515625,-18.734375,36.53125,9.515625,,,,,,,,
2279,185.32401149999987,12.046875,-6.65625,-6.9609375,-12.046875,,,,,,,,
2280,185.40638959999978,17.765625,-4.671875,-15.828125,-17.765625,,,,5.191199779510498,0.3789917230606079,4.559499740600586,5.137235641479492,5.771374702453613
2281,185.4841621000005,6.6328125,1.0546875,-10.1484375,-6.6328125,,,,,,,,
2282,185.56083190000027,9.546875,-9.015625,13.3046875,-9.546875,,,,,,,,
2283,185.6391867000002,18.546875,-5.0546875,-7.6796875,-18.546875,,,,,,,,
2284,185.71729870000036,28.625,-7.984375,-8.875,-28.625,,,,,,,,
2285,185.79426150000018,45.59375,-9.65625,-35.84375,-45.59375,,,,,,,,
2286,185.87144520000038,52.6875,-7.15625,-56.4375,-52.6875,,,,,,,,
2287,185.94699469999978,23.078125,-7.421875,-27.078125,-23.078125,,,,,,,,
2288,186.02466530000038,-28.46875,-1.25,51.625,28.46875,,,,,,,,
2289,186.1030510999999,-47.3125,-5.96875,63.4375,47.3125,,,,,,,,
2290,186.18026370000007,-40.0625,-8.75,68.0625,40.0625,,,,,,,,
2291,186.25810640000054,35.9375,-30.671875,11.5,-35.9375,,,,,,,,
2292,186.33774730000005,53.34375,-46.21875,-6.5234375,-53.34375,,,,,,,,
2293,186.41342840000016,74.3125,-47.0625,-18.0625,-74.3125,,,,,,,,
2294,186.4894316,70.8125,-37.09375,-17.6875,-70.8125,,,,,,,,
2295,186.5656327000006,48.25,-44.46875,1.8515625,-48.25,,,,,,,,
2296,186.64447240000027,41.1875,-40.75,-13.6640625,-41.1875,,,,,,,,
2297,186.7231270000002,51.5,-22.5,-19.28125,-51.5,,,,,,,,
2298,186.79919900000004,-5.359375,-21.78125,21.484375,5.359375,,,,,,,,
2299,186.8763356999998,-80.875,-10.1875,87.3125,80.875,,,,,,,,
2300,186.9586089000004,-114.75,9.0,115.5625,114.75,,,,5.816843032836914,0.21179614961147308,5.492769241333008,5.82967472076416,6.142069339752197
2301,187.0387569000004,-92.4375,19.6875,66.75,92.4375,,,,,,,,
2302,187.1466873999998,-51.96875,20.9375,41.9375,51.96875,,,,,,,,
2303,187.22398500000054,-4.05859375,15.171875,0.012359619140625,4.05859375,,,,,,,,
2304,187.30262230000062,37.25,11.765625,-36.4375,-37.25,,,,,,,,
2305,187.3830327000005,39.25,-6.3125,-30.0625,-39.25,,,,,,,,
2306,187.46248770000057,40.84375,-13.671875,-21.796875,-40.84375,,,,,,,,
2307,187.53862769999978,-2.341796875,-25.375,10.03125,2.341796875,,,,,,,,
2308,187.61563430000024,-9.8984375,-17.90625,19.5625,9.8984375,,,,,,,,
2309,187.69216870000037,-12.296875,-24.171875,29.21875,12.296875,,,,,,,,
2310,187.76907540000047,46.0625,-40.1875,-2.40625,-46.0625,,,,,,,,
2311,187.84813269999995,54.71875,-50.40625,-6.40625,-54.71875,,,,,,,,
2312,187.92500280000058,54.09375,-35.15625,-8.3671875,-54.09375,,,,,,,,
2313,188.0033596000003,56.5,-41.375,-4.67578125,-56.5,,,,,,,,
2314,188.0817132000002,65.0625,-48.71875,-9.0390625,-65.0625,,,,,,,,
2315,188.16194739999992,37.4375,-45.75,10.203125,-37.4375,,,,,,,,
2316,188.23852010000064,83.25,-42.8125,-11.6875,-83.25,,,,,,,,
2317,188.31624530000045,107.5,-27.5,-64.375,-107.5,,,,,,,,
2318,188.3929466999998,103.6875,-20.125,-88.5625,-103.6875,,,,,,,,
2319,188.46873070000038,-48.28125,-37.0625,59.875,48.28125,,,,,,,,
2320,188.55115490000026,-145.375,8.75,145.625,145.375,,,,5.485772132873535,0.3139626979827881,5.056179523468018,5.4329023361206055,6.00178337097168
2321,188.6276912000003,-170.875,-24.5,214.25,170.875,,,,,,,,
2322,188.70490979999977,-221.5,-11.625,244.25,221.5,,,,,,,,
2323,188.7824485000001,-146.25,33.375,136.875,146.25,,,,,,,,
2324,188.85857900000065,-19.671875,12.09375,27.96875,19.671875,,,,,,,,
2325,188.93573070000002,155.5,-17.5,-104.5625,-155.5,,,,,,,,
2326,189.01337460000013,263.25,-52.0,-206.25,-263.25,,,,,,,,
2327,189.0957683000006,235.375,-8.0,-230.0,-235.375,,,,,,,,
2328,189.17044090000036,125.375,18.125,-165.375,-125.375,,,,,,,,
2329,189.24685020000015,57.28125,-16.6875,-54.1875,-57.28125,,,,,,,,
2330,189.32260399999996,-35.21875,-32.34375,53.21875,35.21875,,,,,,,,
2331,189.39926079999987,-110.1875,-44.5625,138.75,110.1875,,,,,,,,
2332,189.47545510000054,-182.25,-11.375,205.375,182.25,,,,,,,,
2333,189.5530507000003,-151.875,-19.875,203.25,151.875,,,,,,,,
2334,189.62851110000065,-86.375,-26.875,135.0,86.375,,,,,,,,
2335,189.70611439999993,-3.76171875,-21.84375,65.0625,3.76171875,,,,,,,,
2336,189.78354630000013,73.625,-23.03125,-33.15625,-73.625,,,,,,,,
2337,189.85992410000017,156.5,-47.9375,-79.875,-156.5,,,,,,,,
2338,189.93704049999997,157.5,-37.625,-128.125,-157.5,,,,,,,,
2339,190.0168706000004,122.3125,-19.3125,-103.375,-122.3125,,,,,,,,
2340,190.11056499999995,67.0625,-14.25,-53.875,-67.0625,,,,4.971564292907715,0.41888928413391113,4.225419521331787,4.942220687866211,5.551279544830322
2341,190.18623910000042,16.28125,-9.546875,5.1484375,-16.28125,,,,,,,,
2342,190.26291630000014,-45.40625,-10.8125,51.25,45.40625,,,,,,,,
2343,190.3380229000004,-114.4375,-15.875,120.625,114.4375,,,,,,,,
2344,190.41497789999994,-152.75,-22.75,164.375,152.75,,,,,,,,
2345,190.4928458000004,-167.25,-17.375,171.0,167.25,,,,,,,,
2346,190.56992320000063,-114.875,-22.0,138.125,114.875,,,,,,,,
2347,190.64608409999983,-91.0,1.875,92.5625,91.0,,,,,,,,
2348,190.72512910000023,7.5625,-15.0703125,18.5625,-7.5625,,,,,,,,
2349,190.80286290000004,80.0,-11.15625,-62.90625,-80.0,,,,,,,,
2350,190.88026619999982,104.3125,-21.0,-82.0,-104.3125,,,,,,,,
2351,190.95742920000066,132.25,-10.1875,-123.6875,-132.25,,,,,,,,
2352,191.0358594999998,84.6875,-12.8125,-79.9375,-84.6875,,,,,,,,
2353,191.11501670000052,86.625,-9.0625,-75.25,-86.625,,,,,,,,
2354,191.19204929999978,69.0,-9.75,-61.25,-69.0,,,,,,,,
2355,191.26741250000032,88.8125,-14.5,-56.25,-88.8125,,,,,,,,
2356,191.3440701999998,70.25,-11.9375,-62.25,-70.25,,,,,,,,
2357,191.4216852999998,48.0,-11.3125,-31.25,-48.0,,,,,,,,
2358,191.4983173999999,-29.421875,-13.78125,34.46875,29.421875,,,,,,,,
2359,191.5757764,-66.9375,-28.53125,83.875,66.9375,,,,,,,,
2360,191.65905660000044,-101.8125,-32.5625,121.5625,101.8125,,,,4.702038764953613,0.6428840756416321,3.6982336044311523,4.71666145324707,5.582494735717773
2361,191.73666719999983,-147.75,-32.5,167.875,147.75,,,,,,,,
2362,191.81623510000009,-132.25,-32.25,174.875,132.25,,,,,,,,
2363,191.89309370000046,-121.25,-29.9375,150.625,121.25,,,,,,,,
2364,191.96848300000056,-43.65625,-35.28125,84.8125,43.65625,,,,,,,,
2365,192.04730870000003,81.9375,-44.65625,5.3984375,-81.9375,,,,,,,,
2366,192.12544740000067,62.5625,-25.84375,-53.46875,-62.5625,,,,,,,,
2367,192.20342400000027,93.375,-27.90625,-52.46875,-93.375,,,,,,,,
2368,192.28118770000037,75.0625,-22.53125,-62.96875,-75.0625,,,,,,,,
2369,192.35914649999995,32.53125,-17.8125,-18.0,-32.53125,,,,,,,,
2370,192.43609560000004,-17.921875,-23.9375,42.6875,17.921875,,,,,,,,
2371,192.5132078000006,3.09765625,12.5234375,-0.06048583984375,-3.09765625,,,,,,,,
2372,192.5890874000006,56.75,-10.40625,-21.75,-56.75,,,,,,,,
2373,192.66595320000033,73.5,-11.59375,-44.25,-73.5,,,,,,,,
2374,192.74476839999988,27.0,15.4296875,-18.484375,-27.0,,,,,,,,
2375,192.82155839999996,2.3125,15.203125,-17.5,-2.3125,,,,,,,,
2376,192.89826850000009,13.7109375,8.65625,-18.421875,-13.7109375,,,,,,,,
2377,192.9747051000004,25.171875,-15.765625,-10.90625,-25.171875,,,,,,,,
2378,193.05290560000049,25.328125,3.546875,-30.921875,-25.328125,,,,,,,,
2379,193.13069989999985,6.45703125,-16.5625,7.671875,-6.45703125,,,,,,,,
2380,193.21212939999987,9.359375,-31.34375,16.828125,-9.359375,,,,2.732123851776123,0.37023502588272095,2.182859182357788,2.7120468616485596,3.3526625633239746
2381,193.28896410000016,7.30859375,-43.9375,34.0,-7.30859375,,,,,,,,
2382,193.36783860000014,0.83154296875,-40.53125,52.84375,-0.83154296875,,,,,,,,
2383,193.44318440000006,-63.90625,-47.34375,96.25,63.90625,,,,,,,,
2384,193.5209321000002,-103.3125,-48.25,132.25,103.3125,,,,,,,,
2385,193.59758200000033,-89.4375,-39.875,126.25,89.4375,,,,,,,,
2386,193.6742347999998,-130.375,-51.5625,166.875,130.375,,,,,,,,
2387,193.75141799999983,-105.9375,-28.875,165.0,105.9375,,,,,,,,
2388,193.82909250000012,1.0654296875,-34.78125,50.28125,-1.0654296875,,,,,,,,
2389,193.90531120000014,49.09375,-27.234375,-2.19921875,-49.09375,,,,,,,,
2390,193.98304259999986,83.875,-35.875,-58.3125,-83.875,,,,,,,,
2391,194.0603396000006,146.75,-34.5,-95.25,-146.75,,,,,,,,
2392,194.1374880000003,158.25,-29.5625,-110.4375,-158.25,,,,,,,,
2393,194.2143431000004,116.6875,-6.4375,-123.1875,-116.6875,,,,,,,,
2394,194.29288570000062,134.25,3.25,-145.5,-134.25,,,,,,,,
2395,194.36749190000046,164.875,12.375,-180.375,-164.875,,,,,,,,
2396,194.44393170000058,196.125,9.75,-200.75,-196.125,,,,,,,,
2397,194.52101870000024,148.375,36.875,-215.0,-148.375,,,,,,,,
2398,194.59809850000056,127.5,16.875,-145.375,-127.5,,,,,,,,
2399,194.67529420000028,71.625,12.8125,-89.25,-71.625,,,,,,,,
2400,194.75796450000053,-3.26171875,-1.0546875,-9.3828125,3.26171875,,,,2.535024404525757,0.4443433880805969,1.8428441286087036,2.680459976196289,3.1305339336395264
2401,194.84024750000026,-80.125,-23.125,82.9375,80.125,,,,,,,,
2402,194.9183395,-115.8125,-9.1875,132.625,115.8125,,,,,,,,
2403,194.9940647000003,-154.5,-36.0,191.125,154.5,,,,,,,,
2404,195.07229110000026,-158.875,-67.75,217.875,158.875,,,,,,,,
2405,195.14940770000067,-124.125,-53.25,188.625,124.125,,,,,,,,
2406,195.22643049999988,-135.625,-47.25,215.875,135.625,,,,,,,,
2407,195.30169190000015,-144.0,-61.5,194.375,144.0,,,,,,,,
2408,195.37957840000036,-79.1875,-28.25,133.125,79.1875,,,,,,,,
2409,195.45781970000007,-32.3125,4.9375,81.625,32.3125,,,,,,,,
2410,195.53447880000022,-25.640625,3.0,38.0,25.640625,,,,,,,,
2411,195.6133576000002,10.5859375,-5.80078125,3.046875,-10.5859375,,,,,,,,
2412,195.69133930000044,34.9375,-9.3125,-26.125,-34.9375,,,,,,,,
2413,195.76916390000042,23.0625,-15.6015625,-6.5234375,-23.0625,,,,,,,,
2414,195.84738910000033,13.4140625,-23.5625,2.9296875,-13.4140625,,,,,,,,
2415,195.92792460000055,7.58203125,-24.03125,15.6484375,-7.58203125,,,,,,,,
2416,196.0051997999999,-14.6640625,-10.625,41.65625,14.6640625,,,,,,,,
2417,196.08099159999983,38.65625,-6.078125,-10.125,-38.65625,,,,,,,,
2418,196.16440109999985,63.15625,0.5,-69.875,-63.15625,,,,,,,,
2419,196.24015039999995,110.0625,17.5,-117.875,-110.0625,,,,,,,,
2420,196.32531389999986,122.875,12.4375,-124.6875,-122.875,,,,3.968130588531494,0.3947344124317169,3.2389047145843506,3.976444721221924,4.614312648773193
2421,196.40422940000008,129.875,9.875,-152.625,-129.875,,,,,,,,
2422,196.48170889999983,101.1875,-11.5,-93.9375,-101.1875,,,,,,,,
2423,196.55930489999992,80.375,6.5625,-91.5625,-80.375,,,,,,,,
2424,196.63507260000006,70.75,0.9375,-74.5625,-70.75,,,,,,,,
2425,196.71386190000067,78.6875,-7.1875,-73.875,-78.6875,,,,,,,,
2426,196.79088010000032,21.0625,-21.390625,-11.578125,-21.0625,,,,,,,,
2427,196.86655190000056,-81.0,-32.09375,91.3125,81.0,,,,,,,,
2428,196.9485891000004,-154.375,-36.75,190.0,154.375,,,,,,,,
2429,197.02466360000017,-135.0,-36.625,190.5,135.0,,,,,,,,
2430,197.10118190000048,-138.0,-34.75,186.875,138.0,,,,,,,,
2431,197.18141800000012,-122.5,-33.5,161.0,122.5,,,,,,,,
2432,197.2588506000002,-136.625,-33.125,170.125,136.625,,,,,,,,
2433,197.33533030000035,-102.3125,-23.6875,127.9375,102.3125,,,,,,,,
2434,197.41607010000007,-42.0625,-22.5,81.625,42.0625,,,,,,,,
2435,197.49527430000035,88.0625,-30.96875,-49.53125,-88.0625,,,,,,,,
2436,197.57344569999987,108.875,-39.875,-26.1875,-108.875,,,,,,,,
2437,197.65058020000015,115.5,-21.0625,-84.25,-115.5,,,,,,,,
2438,197.72815679999985,110.625,-13.4375,-114.1875,-110.625,,,,,,,,
2439,197.8044561000006,85.75,-35.78125,-43.96875,-85.75,,,,,,,,
2440,197.88890979999996,99.125,-25.0625,-57.4375,-99.125,,,,6.338933944702148,0.42330342531204224,5.802387714385986,6.334001541137695,6.943604469299316
2441,197.9675414000003,137.0,-3.4375,-108.25,-137.0,,,,,,,,
2442,198.04503380000006,124.4375,-0.5,-115.0,-124.4375,,,,,,,,
2443,198.12365490000047,132.875,0.125,-117.875,-132.875,,,,,,,,
2444,198.20262410000032,97.25,13.3125,-115.8125,-97.25,,,,,,,,
2445,198.27932220000002,30.578125,18.21875,-44.59375,-30.578125,,,,,,,,
2446,198.35652420000042,-19.3125,5.5703125,10.6640625,19.3125,,,,,,,,
2447,198.43831430000046,-44.0,1.15625,37.09375,44.0,,,,,,,,
2448,198.51456360000066,-47.09375,-9.53125,42.59375,47.09375,,,,,,,,
2449,198.59248449999996,-7.3203125,-6.609375,30.765625,7.3203125,,,,,,,,
2450,198.66947810000056,29.578125,-22.875,17.15625,-29.578125,,,,,,,,
2451,198.74777080000058,16.4375,-33.4375,13.6640625,-16.4375,,,,,,,,
2452,198.82438510000065,-13.078125,-29.34375,50.625,13.078125,,,,,,,,
2453,198.9016456999998,-114.5625,-42.9375,137.625,114.5625,,,,,,,,
2454,198.97897210000065,-142.25,-44.375,177.875,142.25,,,,,,,,
2455,199.0584786999998,-173.0,-22.75,220.875,173.0,,,,,,,,
2456,199.13487460000033,-121.75,-14.125,177.875,121.75,,,,,,,,
2457,199.2163461,-118.75,-43.6875,144.75,118.75,,,,,,,,
2458,199.29381490000014,-23.21875,-20.25,73.25,23.21875,,,,,,,,
2459,199.37359509999987,83.4375,-7.625,-55.3125,-83.4375,,,,,,,,
2460,199.45860429999993,156.125,-39.0,-92.125,-156.125,,,,5.8775200843811035,0.779080867767334,4.623452186584473,5.855650901794434,7.098934650421143
2461,199.53712730000007,189.375,-28.5,-163.875,-189.375,,,,,,,,
2462,199.61294249999992,163.5,-16.5,-142.625,-163.5,,,,,,,,
2463,199.69150590000027,89.875,-16.6875,-80.8125,-89.875,,,,,,,,
2464,199.76818749999984,4.17578125,-34.5625,13.6640625,-4.17578125,,,,,,,,
2465,199.84574969999994,-68.4375,3.0,48.25,68.4375,,,,,,,,
2466,199.92247099999986,-45.21875,11.6875,49.96875,45.21875,,,,,,,,
2467,200.00001580000026,0.984375,16.1875,-21.390625,-0.984375,,,,,,,,
2468,200.07599120000032,36.90625,3.9921875,-13.5078125,-36.90625,,,,,,,,
2469,200.1548426999998,49.6875,3.40625,-51.90625,-49.6875,,,,,,,,
2470,200.23301489999994,82.3125,-18.53125,-62.78125,-82.3125,,,,,,,,
2471,200.31067100000018,59.03125,-6.5625,-63.625,-59.03125,,,,,,,,
2472,200.38595260000056,4.6171875,-36.1875,31.484375,-4.6171875,,,,,,,,
2473,200.46333490000052,-86.125,-49.0625,126.0625,86.125,,,,,,,,
2474,200.5393168999999,-93.5,-17.5,122.1875,93.5,,,,,,,,
2475,200.61652219999996,-134.875,-40.6875,163.625,134.875,,,,,,,,
2476,200.69612479999978,-134.0,-50.75,174.125,134.0,,,,,,,,
2477,200.77900099999988,-83.5,-14.4375,94.9375,83.5,,,,,,,,
2478,200.85338570000022,-16.859375,-5.59375,46.75,16.859375,,,,,,,,
2479,200.93204270000024,25.265625,-20.703125,24.390625,-25.265625,,,,,,,,
2480,201.01508530000046,23.921875,-19.78125,-2.49609375,-23.921875,,,,4.601446628570557,0.46918028593063354,3.661189317703247,4.657846450805664,5.169508457183838
2481,201.0923087000001,25.8125,-28.65625,-9.4375,-25.8125,,,,,,,,
2482,201.16923230000066,28.8125,-16.265625,-11.28125,-28.8125,,,,,,,,
2483,201.24695950000023,52.0,-21.484375,-22.640625,-52.0,,,,,,,,
2484,201.32259220000014,65.5,-34.65625,-41.03125,-65.5,,,,,,,,
2485,201.39939510000022,72.625,-21.109375,-31.890625,-72.625,,,,,,,,
2486,201.4781511000001,64.9375,-7.9375,-50.28125,-64.9375,,,,,,,,
2487,201.5553789000005,19.65625,-4.0625,-39.625,-19.65625,,,,,,,,
2488,201.63284629999998,-17.921875,-8.171875,-2.21484375,17.921875,,,,,,,,
2489,201.71154500000011,-47.09375,7.15625,35.03125,47.09375,,,,,,,,
2490,201.78915420000067,70.75,8.8125,-56.03125,-70.75,,,,,,,,
2491,201.86470420000023,168.0,-16.125,-129.625,-168.0,,,,,,,,
2492,201.9413222000003,194.75,-9.875,-177.375,-194.75,,,,,,,,
2493,202.01898700000038,137.375,-16.6875,-118.8125,-137.375,,,,,,,,
2494,202.09635640000033,59.4375,-16.78125,-55.09375,-59.4375,,,,,,,,
2495,202.1729064000001,-44.78125,-30.796875,59.09375,44.78125,,,,,,,,
2496,202.25154600000042,-117.4375,-41.9375,124.5,117.4375,,,,,,,,
2497,202.32949710000048,-179.125,-41.75,195.75,179.125,,,,,,,,
2498,202.40467249999983,-169.75,-20.625,204.625,169.75,,,,,,,,
2499,202.48157710000032,-121.0,-26.0625,147.125,121.0,,,,,,,,
2500,202.7382677000005,-41.21875,-22.5,90.3125,41.21875,,296.18560791015625,,4.194685935974121,0.1887531280517578,3.9132792949676514,4.1746015548706055,4.493096828460693
2501,202.82560320000084,8.515625,-26.75,40.21875,-8.515625,,296.18560791015625,,,,,,
2502,202.9115354000005,63.0625,-15.375,-49.875,-63.0625,,296.18560791015625,,,,,,
2503,202.98989350000102,104.4375,-25.25,-70.0,-104.4375,,296.18560791015625,,,,,,
2504,203.06685160000052,64.625,-17.65625,-43.1875,-64.625,,296.18560791015625,,,,,,
2505,203.14202060000025,17.40625,-19.5,-4.0390625,-17.40625,,296.18560791015625,,,,,,
2506,203.21946560000106,45.28125,-10.6015625,-15.5546875,-45.28125,,296.18560791015625,,,,,,
2507,203.29595450000033,82.4375,-11.46875,-51.625,-82.4375,,296.18560791015625,,,,,,
2508,203.3714787000008,83.25,5.25,-78.625,-83.25,,296.18560791015625,,,,,,
2509,203.44773780000105,74.8125,3.625,-70.5625,-74.8125,,296.18560791015625,,,,,,
2510,203.52566020000086,72.3125,-7.65625,-39.53125,-72.3125,,296.18560791015625,,,,,,
2511,203.605233700001,70.0,-16.125,-59.9375,-70.0,,296.18560791015625,,,,,,
2512,203.68170110000028,60.84375,-17.1875,-59.5625,-60.84375,,296.18560791015625,,,,,,
2513,203.7615069000003,86.3125,-12.5,-75.0,-86.3125,,296.18560791015625,,,,,,
2514,203.8384117000005,16.921875,-26.25,3.97265625,-16.921875,,296.18560791015625,,,,,,
2515,203.9170412000003,-123.8125,-39.3125,132.5,123.8125,,296.18560791015625,,,,,,
2516,203.99404060000052,-203.625,-45.375,230.75,203.625,,296.18560791015625,,,,,,
2517,204.06957560000046,-186.75,-26.375,226.625,186.75,,296.18560791015625,,,,,,
2518,204.14499950000027,-130.5,-23.75,172.0,130.5,,296.18560791015625,,,,,,
2519,204.22356310000032,-26.0625,-16.09375,70.375,26.0625,,296.18560791015625,,,,,,
2520,204.3036155000009,27.984375,-20.859375,17.90625,-27.984375,,296.18560791015625,,4.485270023345947,0.4417121112346649,3.8847787380218506,4.451568603515625,5.2495622634887695
2521,204.3816706000007,91.375,-34.625,-45.1875,-91.375,,296.18560791015625,,,,,,
2522,204.4574330000005,84.0625,-8.25,-75.5,-84.0625,,296.18560791015625,,,,,,
2523,204.5347496000004,73.4375,-28.90625,-26.25,-73.4375,,296.18560791015625,,,,,,
2524,204.61394550000114,23.21875,-35.0625,2.9765625,-23.21875,,296.18560791015625,,,,,,
2525,204.688458300001,4.359375,-29.984375,27.59375,-4.359375,,296.18560791015625,,,,,,
2526,204.76632530000097,20.796875,-4.4296875,-8.59375,-20.796875,,296.18560791015625,,,,,,
2527,204.84317460000057,131.25,-23.8125,-90.4375,-131.25,,296.18560791015625,,,,,,
2528,204.91963110000052,144.125,-15.5,-114.5,-144.125,,296.18560791015625,,,,,,
2529,204.997748400001,105.875,-12.125,-100.8125,-105.875,,296.18560791015625,,,,,,
2530,205.075629500001,93.75,-11.25,-85.75,-93.75,,296.18560791015625,,,,,,
2531,205.1516614000011,59.28125,-0.9375,-69.5625,-59.28125,,296.18560791015625,,,,,,
2532,205.22929530000056,29.921875,-17.296875,-16.078125,-29.921875,,296.18560791015625,,,,,,
2533,205.30554620000112,-37.28125,-8.2890625,-3.21875,37.28125,,296.18560791015625,,,,,,
2534,205.38070810000045,-98.0,-4.8125,105.3125,98.0,,296.18560791015625,,,,,,
2535,205.45791280000049,-108.125,-17.5,124.9375,108.125,,296.18560791015625,,,,,,
2536,205.53471200000058,-129.0,-23.25,144.75,129.0,,296.18560791015625,,,,,,
2537,205.61159520000092,-79.8125,-10.875,112.4375,79.8125,,296.18560791015625,,,,,,
2538,205.68656080000073,-63.75,-20.25,83.4375,63.75,,296.18560791015625,,,,,,
2539,205.76359860000048,3.8359375,-29.796875,53.65625,-3.8359375,,296.18560791015625,,,,,,
2540,205.8459201000005,-11.515625,-32.5,25.984375,11.515625,,296.18560791015625,,4.503795623779297,0.5466587543487549,3.381401777267456,4.621360778808594,5.188080310821533
2541,205.92326560000038,72.0,-20.6875,-50.5,-72.0,,296.18560791015625,,,,,,
2542,205.99994050000078,74.5625,-18.0,-52.125,-74.5625,,296.18560791015625,,,,,,
2543,206.07641860000058,39.46875,-24.25,1.5244140625,-39.46875,,296.18560791015625,,,,,,
2544,206.152460100001,57.0,-22.765625,-31.796875,-57.0,,296.18560791015625,,,,,,
2545,206.22834150000108,46.71875,-10.875,-45.25,-46.71875,,296.18560791015625,,,,,,
2546,206.30498610000086,29.390625,-13.171875,-20.140625,-29.390625,,296.18560791015625,,,,,,
2547,206.3826327000006,20.109375,-12.421875,-29.953125,-20.109375,,296.18560791015625,,,,,,
2548,206.45862510000097,15.109375,-12.0,-16.078125,-15.109375,,296.18560791015625,,,,,,
2549,206.53692180000053,16.046875,-15.9140625,14.3125,-16.046875,,296.18560791015625,,,,,,
2550,206.61261240000113,-47.34375,-5.8984375,18.078125,47.34375,,296.18560791015625,,,,,,
2551,206.68921970000065,-48.125,-3.65625,49.46875,48.125,,296.18560791015625,,,,,,
2552,206.76460020000104,-10.1796875,1.671875,31.203125,10.1796875,,296.18560791015625,,,,,,
2553,206.84093610000036,-13.640625,-16.25,24.28125,13.640625,,296.18560791015625,,,,,,
2554,206.92616680000083,6.22265625,6.375,4.1640625,-6.22265625,,296.18560791015625,,,,,,
2555,207.0055970000003,25.9375,-22.90625,0.5087890625,-25.9375,,296.18560791015625,,,,,,
2556,207.09021140000095,-2.80078125,-40.3125,16.859375,2.80078125,,296.18560791015625,,,,,,
2557,207.1788654000011,-101.8125,-36.71875,98.125,101.8125,,296.18560791015625,,,,,,
2558,207.26151980000031,-140.5,-15.9375,137.375,140.5,,296.18560791015625,,,,,,
2559,207.3466242000004,-193.75,-25.25,222.375,193.75,,296.18560791015625,,,,,,
2560,207.43294330000026,-142.75,-1.25,171.25,142.75,,296.18560791015625,,5.379300117492676,0.40515923500061035,4.676687717437744,5.3734025955200195,5.934869766235352
2561,207.51556270000037,-38.90625,-20.9375,58.59375,38.90625,,296.18560791015625,,,,,,
2562,207.59434860000056,76.125,-10.4375,-56.4375,-76.125,,296.18560791015625,,,,,,
2563,207.67357800000082,158.5,-16.875,-138.5,-158.5,,296.18560791015625,,,,,,
2564,207.75050960000044,139.625,0.25,-157.625,-139.625,,296.18560791015625,,,,,,
2565,207.82852980000098,96.3125,-5.0625,-80.0,-96.3125,,296.18560791015625,,,,,,
2566,207.90577180000037,53.6875,-5.46875,-51.5625,-53.6875,,296.18560791015625,,,,,,
2567,207.98183580000114,-7.89453125,-9.1484375,-1.046875,7.89453125,,296.18560791015625,,,,,,
2568,208.06636020000042,-12.625,-4.171875,35.03125,12.625,,296.18560791015625,,,,,,
2569,208.1434203000008,-50.4375,-12.53125,58.46875,50.4375,,296.18560791015625,,,,,,
2570,208.220552400001,9.4296875,-4.8984375,8.1640625,-9.4296875,,296.18560791015625,,,,,,
2571,208.2990548000007,-2.576171875,-13.8203125,6.33203125,2.576171875,,296.18560791015625,,,,,,
2572,208.37700060000043,62.8125,-17.53125,-34.5,-62.8125,,296.18560791015625,,,,,,
2573,208.45667400000093,69.0625,-16.9375,-78.9375,-69.0625,,296.18560791015625,,,,,,
2574,208.53690840000036,114.3125,-22.1875,-90.1875,-114.3125,,296.18560791015625,,,,,,
2575,208.61464090000027,52.09375,-26.1875,-46.75,-52.09375,,296.18560791015625,,,,,,
2576,208.69247340000038,23.25,-37.71875,11.171875,-23.25,,296.18560791015625,,,,,,
2577,208.77241740000045,-12.3828125,-12.375,22.796875,12.3828125,,296.18560791015625,,,,,,
2578,208.8499221000011,3.18359375,-11.09375,16.546875,-3.18359375,,296.18560791015625,,,,,,
2579,208.92796060000092,-8.4765625,-10.859375,13.0078125,8.4765625,,296.18560791015625,,,,,,
2580,209.0113364000008,-87.3125,-29.3125,104.0625,87.3125,,296.18560791015625,,5.9094061851501465,0.31307661533355713,5.347642421722412,5.949762344360352,6.360926628112793
2581,209.09057530000064,-88.0625,-5.0625,92.3125,88.0625,,296.18560791015625,,,,,,
2582,209.17096570000103,-30.796875,-14.46875,58.84375,30.796875,,296.18560791015625,,,,,,
2583,209.25699390000045,14.0625,-28.109375,4.140625,-14.0625,,296.18560791015625,,,,,,
2584,209.3412788000005,72.75,-9.59375,-30.65625,-72.75,,296.18560791015625,,,,,,
2585,209.4246361000005,151.875,-34.3125,-114.0625,-151.875,,296.18560791015625,,,,,,
2586,209.504365400001,176.375,-1.875,-158.875,-176.375,,296.18560791015625,,,,,,
2587,209.58352080000077,222.625,-23.0,-189.375,-222.625,,296.18560791015625,,,,,,
2588,209.66320860000087,118.125,-25.4375,-97.1875,-118.125,,296.18560791015625,,,,,,
2589,209.73922680000032,13.2734375,-18.203125,-7.08203125,-13.2734375,,296.18560791015625,,,,,,
2590,209.8192936000005,-38.03125,-20.109375,38.5625,38.03125,,296.18560791015625,,,,,,
2591,209.89907500000027,-114.625,-39.875,136.75,114.625,,296.18560791015625,,,,,,
2592,209.97877850000077,-227.125,-9.25,254.25,227.125,,296.18560791015625,,,,,,
2593,210.05631200000062,-177.875,-6.75,207.625,177.875,,296.18560791015625,,,,,,
2594,210.13590340000064,-12.703125,-19.625,73.75,12.703125,,296.18560791015625,,,,,,
2595,210.21678130000055,109.3125,-46.5,-32.6875,-109.3125,,296.18560791015625,,,,,,
2596,210.29533320000064,136.75,-100.875,-21.65625,-136.75,,296.18560791015625,,,,,,
2597,210.3734514000007,86.6875,-29.78125,-55.90625,-86.6875,,296.18560791015625,,,,,,
2598,210.453115100001,10.734375,16.03125,-20.125,-10.734375,,296.18560791015625,,,,,,
2599,210.53129220000028,-16.625,-33.28125,32.46875,16.625,,296.18560791015625,,,,,,
2600,210.61639540000033,-86.0625,-23.125,109.4375,86.0625,,296.18560791015625,,8.073787689208984,1.4297726154327393,5.545018672943115,8.430314064025879,10.09976863861084
2601,210.69852430000083,-170.625,-27.5,169.625,170.625,,296.18560791015625,,,,,,
2602,210.77799530000084,-133.75,1.0,167.375,133.75,,296.18560791015625,,,,,,
2603,210.85945900000024,-3.580078125,-35.6875,69.0,3.580078125,,296.18560791015625,,,,,,
2604,210.93691690000105,150.25,-65.0625,-74.8125,-150.25,,296.18560791015625,,,,,,
2605,211.01402230000076,132.125,-14.125,-132.0,-132.125,,296.18560791015625,,,,,,
2606,211.09184330000062,89.25,33.4375,-115.625,-89.25,,296.18560791015625,,,,,,
2607,211.16861140000037,93.1875,18.625,-110.25,-93.1875,,296.18560791015625,,,,,,
2608,211.247671000001,84.8125,-21.5625,-66.9375,-84.8125,,296.18560791015625,,,,,,
2609,211.3250560000006,23.984375,-45.84375,2.982421875,-23.984375,,296.18560791015625,,,,,,
2610,211.40255350000098,-25.765625,-33.21875,45.9375,25.765625,,296.18560791015625,,,,,,
2611,211.47994480000034,-30.3125,-52.625,83.5,30.3125,,296.18560791015625,,,,,,
2612,211.55429380000078,34.1875,-29.984375,30.328125,-34.1875,,296.18560791015625,,,,,,
2613,211.63205460000063,104.8125,-31.4375,-55.625,-104.8125,,296.18560791015625,,,,,,
2614,211.70926730000065,108.125,-9.9375,-106.125,-108.125,,296.18560791015625,,,,,,
2615,211.7880096000008,104.375,15.5,-103.3125,-104.375,,296.18560791015625,,,,,,
2616,211.86410630000046,102.75,8.75,-119.5,-102.75,,296.18560791015625,,,,,,
2617,211.9399181000008,90.625,-14.6875,-83.1875,-90.625,,296.18560791015625,,,,,,
2618,212.0162074000009,52.09375,-25.328125,-19.984375,-52.09375,,296.18560791015625,,,,,,
2619,212.09418910000113,-5.6015625,-43.9375,43.0625,5.6015625,,296.18560791015625,,,,,,
2620,212.1778772000007,-95.6875,-51.8125,116.9375,95.6875,,296.18560791015625,,5.808675765991211,0.8378711938858032,4.378861427307129,5.965364456176758,7.13773250579834
2621,212.25389240000095,-168.75,-48.625,196.625,168.75,,296.18560791015625,,,,,,
2622,212.32947280000099,-221.25,-39.0,267.25,221.25,,296.18560791015625,,,,,,
2623,212.40639180000107,-267.75,-13.75,285.75,267.75,,296.18560791015625,,,,,,
2624,212.48261000000093,-258.0,-6.625,247.5,258.0,,296.18560791015625,,,,,,
2625,212.56117130000075,-135.0,16.75,148.75,135.0,,296.18560791015625,,,,,,
2626,212.6373805000003,-7.76953125,-8.71875,33.84375,7.76953125,,296.18560791015625,,,,,,
2627,212.71573900000112,88.0625,-33.75,-20.0,-88.0625,,296.18560791015625,,,,,,
2628,212.79338980000102,158.5,-42.875,-90.875,-158.5,,296.18560791015625,,,,,,
2629,212.87126980000085,183.75,-48.5,-125.125,-183.75,,296.18560791015625,,,,,,
2630,212.94879260000107,182.25,-26.75,-169.0,-182.25,,296.18560791015625,,,,,,
2631,213.02754180000102,136.875,-9.875,-131.25,-136.875,,296.18560791015625,,,,,,
2632,213.10546110000087,173.125,-2.125,-155.875,-173.125,,296.18560791015625,,,,,,
2633,213.1827189000005,89.0,11.5,-108.5625,-89.0,,296.18560791015625,,,,,,
2634,213.25854850000087,69.25,4.25,-76.75,-69.25,,296.18560791015625,,,,,,
2635,213.33858130000044,35.15625,0.75,-34.84375,-35.15625,,296.18560791015625,,,,,,
2636,213.4148610000011,15.9375,-22.984375,7.25390625,-15.9375,,296.18560791015625,,,,,,
2637,213.49361910000061,-66.3125,-23.71875,68.8125,66.3125,,296.18560791015625,,,,,,
2638,213.56877740000073,-102.0,-15.1875,104.375,102.0,,296.18560791015625,,,,,,
2639,213.64710360000026,-109.5625,-44.1875,145.75,109.5625,,296.18560791015625,,,,,,
2640,213.729247700001,-192.125,-48.625,209.875,192.125,,296.18560791015625,,7.183903217315674,1.259562611579895,5.159539222717285,7.254051208496094,9.282805442810059
2641,213.80489380000108,-184.0,-26.625,211.25,184.0,,296.18560791015625,,,,,,
2642,213.88486600000033,-165.25,-29.625,199.375,165.25,,296.18560791015625,,,,,,
2643,213.9631328000005,-119.9375,-51.875,165.375,119.9375,,296.18560791015625,,,,,,
2644,214.0393126000008,-7.0078125,-15.640625,44.78125,7.0078125,,296.18560791015625,,,,,,
2645,214.11438330000055,51.15625,12.9765625,-20.171875,-51.15625,,296.18560791015625,,,,,,
2646,214.1946091000009,79.25,-33.9375,-12.53125,-79.25,,296.18560791015625,,,,,,
2647,214.27254960000027,46.46875,-23.109375,-21.765625,-46.46875,,296.18560791015625,,,,,,
2648,214.34868630000074,54.5625,-45.0625,-8.7734375,-54.5625,,296.18560791015625,,,,,,
2649,214.42527220000102,1.16796875,-43.0,42.875,-1.16796875,,296.18560791015625,,,,,,
2650,214.5025828000007,10.0703125,-8.796875,-18.0625,-10.0703125,,296.18560791015625,,,,,,
2651,214.58114280000063,72.0625,2.40625,-51.3125,-72.0625,,296.18560791015625,,,,,,
2652,214.66110240000035,103.375,-2.0625,-99.0,-103.375,,296.18560791015625,,,,,,
2653,214.73776810000072,152.0,-13.25,-118.5,-152.0,,296.18560791015625,,,,,,
2654,214.8154594000007,141.375,-6.5,-131.875,-141.375,,296.18560791015625,,,,,,
2655,214.89412400000037,121.4375,1.375,-139.25,-121.4375,,296.18560791015625,,,,,,
2656,214.97135500000059,97.8125,-3.3125,-98.0,-97.8125,,296.18560791015625,,,,,,
2657,215.04828100000032,39.8125,-4.9375,-51.8125,-39.8125,,296.18560791015625,,,,,,
2658,215.12626350000028,-79.75,-13.625,58.59375,79.75,,296.18560791015625,,,,,,
2659,215.20637330000045,-142.375,-19.9375,142.125,142.375,,296.18560791015625,,,,,,
2660,215.2908737000007,-195.25,-20.0,206.75,195.25,,296.18560791015625,,5.535486698150635,0.3510849177837372,5.017759799957275,5.524290084838867,6.2205986976623535
2661,215.3685933000006,-141.25,-7.125,166.625,141.25,,296.18560791015625,,,,,,
2662,215.44445340000038,-83.875,-25.125,101.1875,83.875,,296.18560791015625,,,,,,
2663,215.52334520000113,-28.546875,-23.125,68.875,28.546875,,296.18560791015625,,,,,,
2664,215.60179990000051,-1.1005859375,-16.0,11.734375,1.1005859375,,296.18560791015625,,,,,,
2665,215.678134400001,18.265625,-18.46875,28.40625,-18.265625,,296.18560791015625,,,,,,
2666,215.75353560000076,48.21875,-23.921875,-21.390625,-48.21875,,296.18560791015625,,,,,,
2667,215.83158930000081,47.84375,-17.5625,-11.8359375,-47.84375,,296.18560791015625,,,,,,
2668,215.90912650000064,38.8125,-18.375,-12.0625,-38.8125,,296.18560791015625,,,,,,
2669,215.98669960000097,34.03125,-24.546875,1.0810546875,-34.03125,,296.18560791015625,,,,,,
2670,216.06920000000082,23.40625,-19.90625,-18.875,-23.40625,,296.18560791015625,,,,,,
2671,216.14715760000036,46.5625,-15.40625,-51.71875,-46.5625,,296.18560791015625,,,,,,
2672,216.2245485000003,27.40625,-7.0625,-16.921875,-27.40625,,296.18560791015625,,,,,,
2673,216.30143240000052,22.21875,-19.78125,-0.95751953125,-22.21875,,296.18560791015625,,,,,,
2674,216.37864100000024,12.40625,-16.6875,10.28125,-12.40625,,296.18560791015625,,,,,,
2675,216.45941480000056,-38.03125,-11.53125,51.25,38.03125,,296.18560791015625,,,,,,
2676,216.53736690000096,-29.421875,-9.53125,47.4375,29.421875,,296.18560791015625,,,,,,
2677,216.6156361000003,-34.96875,-20.34375,56.375,34.96875,,296.18560791015625,,,,,,
2678,216.6927721000011,21.234375,-8.15625,19.15625,-21.234375,,296.18560791015625,,,,,,
2679,216.77277370000047,57.0,-12.78125,-41.0,-57.0,,296.18560791015625,,,,,,
2680,216.85668650000025,114.0625,-6.6875,-99.4375,-114.0625,,296.18560791015625,,5.725415229797363,0.7717520594596863,4.335061550140381,5.62014627456665,7.094655990600586
2681,216.93391320000046,84.375,-23.875,-50.625,-84.375,,296.18560791015625,,,,,,
2682,217.01256570000078,22.828125,-6.078125,-31.984375,-22.828125,,296.18560791015625,,,,,,
2683,217.0881184000009,-86.125,-21.25,90.4375,86.125,,296.18560791015625,,,,,,
2684,217.16491100000076,-169.0,-38.75,186.75,169.0,,296.18560791015625,,,,,,
2685,217.24254960000053,-167.875,-8.75,162.25,167.875,,296.18560791015625,,,,,,
2686,217.31893700000091,-77.8125,-10.875,95.0625,77.8125,,296.18560791015625,,,,,,
2687,217.39677950000078,12.234375,-23.28125,25.40625,-12.234375,,296.18560791015625,,,,,,
2688,217.47479230000044,87.75,-45.53125,-19.59375,-87.75,,296.18560791015625,,,,,,
2689,217.55086330000086,62.71875,-21.90625,-42.21875,-62.71875,,296.18560791015625,,,,,,
2690,217.62769610000032,7.5703125,-12.6015625,13.8203125,-7.5703125,,296.18560791015625,,,,,,
2691,217.7050717000011,-16.125,-18.4375,16.0625,16.125,,296.18560791015625,,,,,,
2692,217.78433310000037,14.453125,-29.796875,22.8125,-14.453125,,296.18560791015625,,,,,,
2693,217.86137810000037,35.875,-18.6875,6.7109375,-35.875,,296.18560791015625,,,,,,
2694,217.9389680000004,78.9375,-26.375,-51.8125,-78.9375,,296.18560791015625,,,,,,
2695,218.01433160000033,40.59375,-23.78125,-6.27734375,-40.59375,,296.18560791015625,,,,,,
2696,218.0916330000009,45.65625,-17.484375,-18.390625,-45.65625,,296.18560791015625,,,,,,
2697,218.16886630000045,-23.4375,-16.40625,18.171875,23.4375,,296.18560791015625,,,,,,
2698,218.24330950000058,0.37646484375,-13.03125,21.765625,-0.37646484375,,296.18560791015625,,,,,,
2699,218.3216766000005,14.4296875,-11.78125,16.03125,-14.4296875,,296.18560791015625,,,,,,
2700,218.4041554000005,41.65625,-18.25,-16.25,-41.65625,,296.18560791015625,,4.405329704284668,0.24917814135551453,4.012638568878174,4.404828071594238,4.84438943862915
2701,218.48291620000055,78.9375,-6.25,-88.0625,-78.9375,,296.18560791015625,,,,,,
2702,218.5612667000005,67.5,-6.875,-64.9375,-67.5,,296.18560791015625,,,,,,
2703,218.63951850000103,81.6875,-1.25,-66.6875,-81.6875,,296.18560791015625,,,,,,
2704,218.71491210000113,93.3125,-7.6875,-75.5625,-93.3125,,296.18560791015625,,,,,,
2705,218.79413990000103,14.5625,-12.1953125,-14.6484375,-14.5625,,296.18560791015625,,,,,,
2706,218.87103640000078,1.21484375,-10.8359375,1.2138671875,-1.21484375,,296.18560791015625,,,,,,
2707,218.9483603000008,-36.375,-3.140625,2.583984375,36.375,,296.18560791015625,,,,,,
2708,219.02632150000045,-102.125,-28.125,98.9375,102.125,,296.18560791015625,,,,,,
2709,219.10291340000094,-108.8125,-20.6875,141.75,108.8125,,296.18560791015625,,,,,,
2710,219.18097770000077,-55.78125,-38.375,76.125,55.78125,,296.18560791015625,,,,,,
2711,219.25997520000055,45.71875,-39.59375,11.9765625,-45.71875,,296.18560791015625,,,,,,
2712,219.33648660000108,89.5625,-36.25,-60.375,-89.5625,,296.18560791015625,,,,,,
2713,219.4137664000009,72.0,-24.6875,-45.125,-72.0,,296.18560791015625,,,,,,
2714,219.49124180000035,85.6875,-25.3125,-55.625,-85.6875,,296.18560791015625,,,,,,
2715,219.5732149000005,98.5,-13.5,-59.6875,-98.5,,296.18560791015625,,,,,,
2716,219.65375570000106,71.0625,-3.34375,-36.84375,-71.0625,,296.18560791015625,,,,,,
2717,219.72977830000036,59.5625,5.4375,-77.8125,-59.5625,,296.18560791015625,,,,,,
2718,219.80716050000046,7.625,-0.015625,-31.21875,-7.625,,296.18560791015625,,,,,,
2719,219.88565670000025,-29.71875,-9.6015625,21.671875,29.71875,,296.18560791015625,,,,,,
2720,219.9705668000006,-71.625,-9.0625,82.3125,71.625,,296.18560791015625,,4.576515197753906,0.4434741735458374,3.8106675148010254,4.6497039794921875,5.171931743621826
2721,220.04795560000093,-103.4375,-21.3125,119.5625,103.4375,,296.18560791015625,,,,,,
2722,220.1296555000008,-73.375,-21.8125,118.375,73.375,,296.18560791015625,,,,,,
2723,220.21344820000104,39.625,-16.15625,-20.9375,-39.625,,296.18560791015625,,,,,,
2724,220.29158390000066,11.671875,-16.671875,0.833984375,-11.671875,,296.18560791015625,,,,,,
2725,220.36792800000057,45.15625,-29.84375,-7.21875,-45.15625,,296.18560791015625,,,,,,
2726,220.4450835000007,-26.25,-27.546875,35.65625,26.25,,296.18560791015625,,,,,,
2727,220.52089130000059,42.4375,-10.34375,-9.53125,-42.4375,,296.18560791015625,,,,,,
2728,220.59761400000025,143.375,-25.125,-103.375,-143.375,,296.18560791015625,,,,,,
2729,220.67322810000041,107.5,-29.3125,-73.75,-107.5,,296.18560791015625,,,,,,
2730,220.75119220000033,58.71875,-23.15625,-61.03125,-58.71875,,296.18560791015625,,,,,,
2731,220.8272663000007,15.6328125,-19.4375,-7.984375,-15.6328125,,296.18560791015625,,,,,,
2732,220.9028171000009,-90.0,-11.875,82.6875,90.0,,296.18560791015625,,,,,,
2733,220.9811735000003,-117.5625,-14.875,128.375,117.5625,,296.18560791015625,,,,,,
2734,221.05600240000058,-95.5,19.3125,90.6875,95.5,,296.18560791015625,,,,,,
2735,221.13286640000024,24.546875,-17.484375,27.34375,-24.546875,,296.18560791015625,,,,,,
2736,221.21017110000048,70.8125,-24.09375,-44.90625,-70.8125,,296.18560791015625,,,,,,
2737,221.28592330000083,84.0,-37.3125,-43.5625,-84.0,,296.18560791015625,,,,,,
2738,221.36136350000106,67.625,-26.53125,-37.375,-67.625,,296.18560791015625,,,,,,
2739,221.43746190000093,39.28125,-40.21875,-9.5703125,-39.28125,,296.18560791015625,,,,,,
2740,221.5210074000006,-82.5625,-89.25,139.0,82.5625,,296.18560791015625,,9.070205688476562,1.5071731805801392,6.024256706237793,9.32171630859375,11.328085899353027
2741,221.5965356000006,-40.40625,-2.0625,73.9375,40.40625,,296.18560791015625,,,,,,
2742,221.67357970000103,17.125,-0.72265625,8.1015625,-17.125,,296.18560791015625,,,,,,
2743,221.75117880000107,173.625,-26.6875,-104.1875,-173.625,,296.18560791015625,,,,,,
2744,221.8276773000007,262.25,-37.75,-206.375,-262.25,,296.18560791015625,,,,,,
2745,221.90443960000084,244.75,0.5,-233.625,-244.75,,296.18560791015625,,,,,,
2746,221.98047250000036,142.625,15.125,-163.125,-142.625,,296.18560791015625,,,,,,
2747,222.0582028000008,47.375,10.875,-74.25,-47.375,,296.18560791015625,,,,,,
2748,222.13353930000085,-28.25,5.3359375,13.6328125,28.25,,296.18560791015625,,,,,,
2749,222.21196670000063,-139.5,-28.8125,148.125,139.5,,296.18560791015625,,,,,,
2750,222.28934050000043,-207.25,19.5,195.875,207.25,,296.18560791015625,,,,,,
2751,222.36716550000074,-150.5,47.625,127.875,150.5,,296.18560791015625,,,,,,
2752,222.44364310000037,-70.1875,20.9375,82.875,70.1875,,296.18560791015625,,,,,,
2753,222.52131740000095,-6.3359375,-37.8125,56.5,6.3359375,,296.18560791015625,,,,,,
2754,222.59748520000085,36.65625,-46.1875,31.015625,-36.65625,,296.18560791015625,,,,,,
2755,222.67438850000053,21.609375,-29.28125,11.515625,-21.609375,,296.18560791015625,,,,,,
2756,222.75148270000045,16.421875,-14.5703125,-8.8828125,-16.421875,,296.18560791015625,,,,,,
2757,222.82780110000112,-16.84375,2.515625,1.6640625,16.84375,,296.18560791015625,,,,,,
2758,222.90635270000075,-27.015625,-31.484375,54.0625,27.015625,,296.18560791015625,,,,,,
2759,222.98460120000072,-11.3125,-44.03125,50.875,11.3125,,296.18560791015625,,,,,,
2760,223.066732700001,-13.4375,-53.9375,86.0625,13.4375,,296.18560791015625,,5.455384731292725,0.4942898452281952,4.746886730194092,5.407742500305176,6.185304164886475
2761,223.14424450000024,-44.375,-43.84375,104.25,44.375,,296.18560791015625,,,,,,
2762,223.222296500001,-65.75,-41.9375,126.25,65.75,,296.18560791015625,,,,,,
2763,223.298445800001,-102.9375,-19.875,118.75,102.9375,,296.18560791015625,,,,,,
2764,223.37448370000038,-21.6875,-24.859375,43.625,21.6875,,296.18560791015625,,,,,,
2765,223.45149560000027,38.875,-36.4375,25.5,-38.875,,296.18560791015625,,,,,,
2766,223.52857530000074,25.875,-25.859375,4.14453125,-25.875,,296.18560791015625,,,,,,
2767,223.60604800000056,74.6875,3.59375,-61.09375,-74.6875,,296.18560791015625,,,,,,
2768,223.68223730000045,54.21875,24.4375,-66.0,-54.21875,,296.18560791015625,,,,,,
2769,223.75781280000047,104.125,0.0,-87.625,-104.125,,296.18560791015625,,,,,,
2770,223.83341270000074,109.3125,4.125,-118.6875,-109.3125,,296.18560791015625,,,,,,
2771,223.91126860000077,96.9375,6.1875,-94.0625,-96.9375,,296.18560791015625,,,,,,
2772,223.98909840000033,29.515625,-8.78125,-33.90625,-29.515625,,296.18560791015625,,,,,,
2773,224.06631760000073,-51.8125,-5.8125,44.1875,51.8125,,296.18560791015625,,,,,,
2774,224.1464872000006,-85.1875,47.25,53.0,85.1875,,296.18560791015625,,,,,,
2775,224.23669620000055,-92.6875,15.125,86.25,92.6875,,296.18560791015625,,,,,,
2776,224.31484620000083,-64.875,-10.75,84.5,64.875,,296.18560791015625,,,,,,
2777,224.3930323000004,-80.5625,-23.8125,92.0625,80.5625,,296.18560791015625,,,,,,
2778,224.47057600000062,-119.6875,-87.875,197.75,119.6875,,296.18560791015625,,,,,,
2779,224.5488845000009,-147.0,-43.5,172.0,147.0,,296.18560791015625,,,,,,
2780,224.63317030000053,-25.59375,0.0,38.90625,25.59375,,296.18560791015625,,6.279140949249268,0.6209596395492554,5.220279693603516,6.329187393188477,7.12426233291626
2781,224.713219700001,71.4375,-4.09375,-60.21875,-71.4375,,296.18560791015625,,,,,,
2782,224.79110450000098,76.0625,-20.375,-41.25,-76.0625,,296.18560791015625,,,,,,
2783,224.868599800001,66.375,-37.875,-24.84375,-66.375,,296.18560791015625,,,,,,
2784,224.94700790000024,9.296875,-52.15625,24.125,-9.296875,,296.18560791015625,,,,,,
2785,225.02607470000112,-21.859375,-55.5625,96.1875,21.859375,,296.18560791015625,,,,,,
2786,225.10538720000113,-141.625,-36.75,160.625,141.625,,296.18560791015625,,,,,,
2787,225.1826329000005,-139.875,8.75,149.25,139.875,,296.18560791015625,,,,,,
2788,225.26071990000037,-96.0625,-22.1875,133.875,96.0625,,296.18560791015625,,,,,,
2789,225.33928650000053,-67.25,-53.25,121.8125,67.25,,296.18560791015625,,,,,,
2790,225.41840370000045,35.75,-65.8125,44.28125,-35.75,,296.18560791015625,,,,,,
2791,225.49530760000107,31.90625,-44.5625,18.84375,-31.90625,,296.18560791015625,,,,,,
2792,225.5725183000004,76.1875,-2.125,-65.5,-76.1875,,296.18560791015625,,,,,,
2793,225.6502214000011,210.5,-8.125,-176.75,-210.5,,296.18560791015625,,,,,,
2794,225.72731620000104,213.625,-3.25,-216.0,-213.625,,296.18560791015625,,,,,,
2795,225.80491680000068,223.125,-22.125,-187.375,-223.125,,296.18560791015625,,,,,,
2796,225.88372120000076,150.25,-12.875,-137.5,-150.25,,296.18560791015625,,,,,,
2797,225.9620969000007,95.875,-9.125,-105.3125,-95.875,,296.18560791015625,,,,,,
2798,226.0387419000008,7.4609375,40.75,-70.25,-7.4609375,,296.18560791015625,,,,,,
2799,226.11581040000056,-54.875,34.21875,25.59375,54.875,,296.18560791015625,,,,,,
2800,226.20309370000086,-75.1875,4.0625,81.0,75.1875,,296.18560791015625,,3.5556416511535645,0.3285141885280609,3.084199905395508,3.5304791927337646,3.9323713779449463
2801,226.28211030000057,-111.0,0.5,120.875,111.0,,296.18560791015625,,,,,,
2802,226.35832260000097,-202.75,-49.5,233.0,202.75,,296.18560791015625,,,,,,
2803,226.43548590000046,-226.0,-15.625,240.0,226.0,,296.18560791015625,,,,,,
2804,226.51339570000073,-153.875,20.875,164.125,153.875,,296.18560791015625,,,,,,
2805,226.59212150000076,18.25,1.1953125,14.3359375,-18.25,,296.18560791015625,,,,,,
2806,226.67172740000115,97.9375,-20.8125,-69.75,-97.9375,,296.18560791015625,,,,,,
2807,226.75013500000114,109.3125,-30.5,-51.5625,-109.3125,,296.18560791015625,,,,,,
2808,226.8267035000008,102.75,-46.5625,-77.125,-102.75,,296.18560791015625,,,,,,
2809,226.90335490000052,73.5625,-28.375,-48.25,-73.5625,,296.18560791015625,,,,,,
2810,226.98130700000092,30.671875,-28.0625,-20.59375,-30.671875,,296.18560791015625,,,,,,
2811,227.05993520000084,39.25,-35.90625,-0.361083984375,-39.25,,296.18560791015625,,,,,,
2812,227.13667200000054,7.66015625,-46.1875,37.78125,-7.66015625,,296.18560791015625,,,,,,
2813,227.21469050000087,-0.98828125,-56.25,54.3125,0.98828125,,296.18560791015625,,,,,,
2814,227.29194720000032,-64.5,-39.09375,94.125,64.5,,296.18560791015625,,,,,,
2815,227.37218010000106,-75.875,-9.9375,80.75,75.875,,296.18560791015625,,,,,,
2816,227.45042850000027,-2.869140625,-14.546875,36.90625,2.869140625,,296.18560791015625,,,,,,
2817,227.52796390000094,140.75,-29.0625,-92.375,-140.75,,296.18560791015625,,,,,,
2818,227.60452800000076,162.0,-56.125,-131.25,-162.0,,296.18560791015625,,,,,,
2819,227.708822900001,185.875,-11.75,-179.125,-185.875,,296.18560791015625,,,,,,
2820,227.79012740000053,262.5,-3.25,-253.25,-262.5,,296.18560791015625,,6.817171096801758,0.3996986448764801,6.10026216506958,6.786154747009277,7.41855001449585
2821,227.8673045000005,239.5,-5.75,-226.125,-239.5,,296.18560791015625,,,,,,
2822,227.94451610000033,145.875,0.125,-161.875,-145.875,,296.18560791015625,,,,,,
2823,228.02231070000107,34.59375,16.8125,-85.4375,-34.59375,,296.18560791015625,,,,,,
2824,228.10149000000092,-104.0,-0.25,84.4375,104.0,,296.18560791015625,,,,,,
2825,228.17876030000025,-238.375,-11.75,222.75,238.375,,296.18560791015625,,,,,,
2826,228.25930920000064,-321.25,-32.0,319.0,321.25,,296.18560791015625,,,,,,
2827,228.33508730000085,-320.75,-14.25,348.75,320.75,,296.18560791015625,,,,,,
2828,228.41091940000024,-270.5,13.0,308.75,270.5,,296.18560791015625,,,,,,
2829,228.4907501000007,-133.125,-6.625,188.5,133.125,,296.18560791015625,,,,,,
2830,228.569183900001,11.359375,-16.859375,42.125,-11.359375,,296.18560791015625,,,,,,
2831,228.64608100000078,203.0,-39.625,-119.75,-203.0,,296.18560791015625,,,,,,
2832,228.72335610000027,304.5,-47.75,-256.75,-304.5,,296.18560791015625,,,,,,
2833,228.80068000000028,329.5,-22.5,-299.25,-329.5,,296.18560791015625,,,,,,
2834,228.8797084000007,290.0,-19.5,-266.75,-290.0,,296.18560791015625,,,,,,
2835,228.95619390000047,143.25,-16.25,-150.125,-143.25,,296.18560791015625,,,,,,
2836,229.03409880000072,-13.5546875,-36.25,13.6015625,13.5546875,,296.18560791015625,,,,,,
2837,229.1089817000011,-145.0,-55.25,184.625,145.0,,296.18560791015625,,,,,,
2838,229.1881699000005,-197.625,-18.5,231.875,197.625,,296.18560791015625,,,,,,
2839,229.2654177000004,-167.75,-44.75,222.625,167.75,,296.18560791015625,,,,,,
2840,229.34815960000105,-57.03125,-32.375,107.5625,57.03125,,296.18560791015625,,7.69231653213501,0.3687972128391266,7.072020053863525,7.7184834480285645,8.257675170898438
2841,229.42382200000065,-0.8173828125,-88.6875,74.875,0.8173828125,,296.18560791015625,,,,,,
2842,229.50303820000045,72.6875,-28.84375,-35.71875,-72.6875,,296.18560791015625,,,,,,
2843,229.58128470000065,65.6875,-12.5,-65.125,-65.6875,,296.18560791015625,,,,,,
2844,229.65905830000065,85.8125,-2.375,-94.5625,-85.8125,,296.18560791015625,,,,,,
2845,229.73530030000074,61.78125,-11.5,-61.875,-61.78125,,296.18560791015625,,,,,,
2846,229.81088720000025,27.078125,-2.546875,-28.328125,-27.078125,,296.18560791015625,,,,,,
2847,229.88918640000065,-2.796875,-11.5078125,-10.0390625,2.796875,,296.18560791015625,,,,,,
2848,229.9656231000008,57.09375,-14.9375,-45.375,-57.09375,,296.18560791015625,,,,,,
2849,230.0431507000003,152.75,11.25,-142.375,-152.75,,296.18560791015625,,,,,,
2850,230.1203226000007,209.0,0.125,-199.5,-209.0,,296.18560791015625,,,,,,
2851,230.19690360000095,179.0,-4.125,-175.5,-179.0,,296.18560791015625,,,,,,
2852,230.27370880000035,140.25,7.625,-163.25,-140.25,,296.18560791015625,,,,,,
2853,230.35063760000048,96.4375,3.625,-118.0,-96.4375,,296.18560791015625,,,,,,
2854,230.4285929000007,25.59375,-15.125,-24.15625,-25.59375,,296.18560791015625,,,,,,
2855,230.50570440000047,-62.84375,-27.6875,67.1875,62.84375,,296.18560791015625,,,,,,
2856,230.5822700000008,-153.625,-47.875,178.0,153.625,,296.18560791015625,,,,,,
2857,230.66073180000058,-234.625,-59.375,271.0,234.625,,296.18560791015625,,,,,,
2858,230.7353262000006,-211.125,-42.125,269.0,211.125,,296.18560791015625,,,,,,
2859,230.81093800000053,-141.125,-30.75,195.125,141.125,,296.18560791015625,,,,,,
2860,230.89361830000053,-102.9375,-36.375,130.75,102.9375,,296.18560791015625,,5.970137596130371,0.20822200179100037,5.621354579925537,5.950067520141602,6.343579292297363
2861,230.97135030000027,6.93359375,-30.125,64.0625,-6.93359375,,296.18560791015625,,,,,,
2862,231.04986130000088,54.4375,-24.8125,-52.4375,-54.4375,,296.18560791015625,,,,,,
2863,231.12637520000044,91.8125,-21.9375,-66.8125,-91.8125,,296.18560791015625,,,,,,
2864,231.20237010000073,148.125,-17.375,-113.125,-148.125,,296.18560791015625,,,,,,
2865,231.27975980000065,128.375,-6.5,-119.9375,-128.375,,296.18560791015625,,,,,,
2866,231.35659450000094,139.0,-18.0,-105.5,-139.0,,296.18560791015625,,,,,,
2867,231.43112980000114,121.3125,1.6875,-122.5,-121.3125,,296.18560791015625,,,,,,
2868,231.50689370000055,84.0,2.5625,-86.0625,-84.0,,296.18560791015625,,,,,,
2869,231.58412130000033,65.75,-4.25,-60.125,-65.75,,296.18560791015625,,,,,,
2870,231.65986670000075,-36.4375,-5.4375,34.375,36.4375,,296.18560791015625,,,,,,
2871,231.73596810000072,-117.9375,-23.6875,124.375,117.9375,,296.18560791015625,,,,,,
2872,231.81328620000113,-165.625,-32.25,179.875,165.625,,296.18560791015625,,,,,,
2873,231.88990420000027,-139.75,10.25,139.625,139.75,,296.18560791015625,,,,,,
2874,231.96757570000045,-90.875,-9.0,111.0,90.875,,296.18560791015625,,,,,,
2875,232.04409270000087,-36.6875,-29.96875,76.625,36.6875,,296.18560791015625,,,,,,
2876,232.1194202000006,43.65625,17.640625,-19.3125,-43.65625,,296.18560791015625,,,,,,
2877,232.19398210000054,33.25,-53.71875,15.75,-33.25,,296.18560791015625,,,,,,
2878,232.2719089000011,72.125,-0.46875,-59.1875,-72.125,,296.18560791015625,,,,,,
2879,232.3490849000009,97.625,-6.8125,-66.5625,-97.625,,296.18560791015625,,,,,,
2880,232.43065520000073,62.9375,-22.84375,-21.96875,-62.9375,,296.18560791015625,,5.057339668273926,0.3020189702510834,4.483200550079346,5.10604190826416,5.434357643127441
2881,232.50697130000026,-44.34375,-34.4375,38.71875,44.34375,,296.18560791015625,,,,,,
2882,232.58367960000032,-118.9375,-22.0,114.0,118.9375,,296.18560791015625,,,,,,
2883,232.65995890000067,-147.125,-23.625,163.125,147.125,,296.18560791015625,,,,,,
2884,232.73776570000064,-187.0,-6.375,206.5,187.0,,296.18560791015625,,,,,,
2885,232.8152770000006,-146.0,-21.875,165.125,146.0,,296.18560791015625,,,,,,
2886,232.89168960000097,-60.84375,-17.65625,81.5,60.84375,,296.18560791015625,,,,,,
2887,232.9699096000004,18.21875,5.1796875,-6.46484375,-18.21875,,296.18560791015625,,,,,,
2888,233.04757880000034,40.78125,-13.640625,-16.265625,-40.78125,,296.18560791015625,,,,,,
2889,233.1255071000005,45.09375,13.078125,-39.46875,-45.09375,,296.18560791015625,,,,,,
2890,233.20254920000025,90.6875,-13.5,-79.3125,-90.6875,,296.18560791015625,,,,,,
2891,233.27900370000043,101.5,-22.5625,-66.125,-101.5,,296.18560791015625,,,,,,
2892,233.35485360000075,9.0546875,4.5,-53.96875,-9.0546875,,296.18560791015625,,,,,,
2893,233.43124550000084,-45.375,-12.046875,38.34375,45.375,,296.18560791015625,,,,,,
2894,233.50925840000036,-94.8125,-3.75,93.75,94.8125,,296.18560791015625,,,,,,
2895,233.58842220000042,-147.0,-13.5,144.25,147.0,,296.18560791015625,,,,,,
2896,233.66809340000054,-175.25,-28.375,167.375,175.25,,296.18560791015625,,,,,,
2897,233.74523900000077,-152.375,-22.875,173.75,152.375,,296.18560791015625,,,,,,
2898,233.82268180000028,-99.3125,-12.75,127.75,99.3125,,296.18560791015625,,,,,,
2899,233.90167360000032,-24.140625,-12.40625,47.59375,24.140625,,296.18560791015625,,,,,,
2900,233.98437060000106,36.1875,-11.0,-33.71875,-36.1875,,296.18560791015625,,4.382134437561035,0.1725197583436966,4.121720314025879,4.360558986663818,4.645691871643066
2901,234.06359950000024,79.125,-24.65625,-41.46875,-79.125,,296.18560791015625,,,,,,
2902,234.14074230000097,151.0,-15.9375,-114.1875,-151.0,,296.18560791015625,,,,,,
2903,234.2179268000009,132.125,-1.375,-134.5,-132.125,,296.18560791015625,,,,,,
2904,234.29719250000107,137.75,-6.5,-119.625,-137.75,,296.18560791015625,,,,,,
2905,234.3743858000007,130.0,-20.375,-108.625,-130.0,,296.18560791015625,,,,,,
2906,234.4538422000005,74.5,-13.9375,-83.25,-74.5,,296.18560791015625,,,,,,
2907,234.53082670000094,-64.0,-31.171875,60.625,64.0,,296.18560791015625,,,,,,
2908,234.60855400000037,-118.0,-34.625,115.375,118.0,,296.18560791015625,,,,,,
2909,234.68628980000085,-103.0625,-27.125,143.0,103.0625,,296.18560791015625,,,,,,
2910,234.76404920000095,-24.015625,-19.34375,70.8125,24.015625,,296.18560791015625,,,,,,
2911,234.84005160000106,-6.15234375,-26.28125,65.625,6.15234375,,296.18560791015625,,,,,,
2912,234.91578430000027,24.953125,-25.09375,29.453125,-24.953125,,296.18560791015625,,,,,,
2913,234.99430700000084,38.875,-17.75,-11.078125,-38.875,,296.18560791015625,,,,,,
2914,235.07179050000104,-1.4169921875,-6.69921875,0.7958984375,1.4169921875,,296.18560791015625,,,,,,
2915,235.15235980000034,39.46875,-6.6875,-28.96875,-39.46875,,296.18560791015625,,,,,,
2916,235.22882070000105,34.5,-6.71875,-23.671875,-34.5,,296.18560791015625,,,,,,
2917,235.30781450000086,30.625,-2.8515625,-11.546875,-30.625,,296.18560791015625,,,,,,
2918,235.38397580000037,-1.4658203125,4.19921875,-3.787109375,1.4658203125,,296.18560791015625,,,,,,
2919,235.4604528000009,-42.125,7.171875,28.703125,42.125,,296.18560791015625,,,,,,
2920,235.54312930000106,-74.0,-2.34375,60.9375,74.0,,296.18560791015625,,3.863658905029297,0.6074769496917725,2.742997646331787,4.006977081298828,4.598891258239746
2921,235.62243640000088,-46.75,-9.421875,33.78125,46.75,,296.18560791015625,,,,,,
2922,235.70081050000044,-12.8203125,-4.015625,21.609375,12.8203125,,296.18560791015625,,,,,,
2923,235.77784610000072,6.4765625,-19.8125,8.9921875,-6.4765625,,296.18560791015625,,,,,,
2924,235.8562079000003,37.53125,-27.4375,-23.375,-37.53125,,296.18560791015625,,,,,,
2925,235.93376460000036,8.3359375,-32.28125,0.4609375,-8.3359375,,296.18560791015625,,,,,,
2926,236.01160720000098,-3.529296875,-37.5,21.59375,3.529296875,,296.18560791015625,,,,,,
2927,236.09012260000054,23.515625,-37.8125,17.140625,-23.515625,,296.18560791015625,,,,,,
2928,236.16773250000097,19.671875,-30.046875,13.9375,-19.671875,,296.18560791015625,,,,,,
2929,236.24601770000027,71.75,-25.28125,-30.28125,-71.75,,296.18560791015625,,,,,,
2930,236.33009440000114,75.9375,-24.90625,-61.09375,-75.9375,,296.18560791015625,,,,,,
2931,236.40863680000075,74.1875,-23.5,-51.875,-74.1875,,296.18560791015625,,,,,,
2932,236.48623710000084,80.25,-17.90625,-58.28125,-80.25,,296.18560791015625,,,,,,
2933,236.56306620000032,90.875,-1.3125,-75.5625,-90.875,,296.18560791015625,,,,,,
2934,236.63996380000026,-0.003978729248046875,0.1171875,-14.8515625,0.003978729248046875,,296.18560791015625,,,,,,
2935,236.71618390000094,-77.5625,-5.875,76.6875,77.5625,,296.18560791015625,,,,,,
2936,236.7923752000006,-165.875,-9.5,178.625,165.875,,296.18560791015625,,,,,,
2937,236.87229080000088,-227.125,-14.25,227.125,227.125,,296.18560791015625,,,,,,
2938,236.95335180000075,-256.5,-4.25,253.375,256.5,,296.18560791015625,,,,,,
2939,237.0365214000003,-108.25,5.625,153.5,108.25,,296.18560791015625,,,,,,
2940,237.12852980000025,0.5810546875,-16.09375,45.25,-0.5810546875,,296.18560791015625,,4.281390190124512,0.2535742521286011,3.9244205951690674,4.260900974273682,4.645768642425537
2941,237.22085510000034,102.25,-16.1875,-50.9375,-102.25,,296.18560791015625,,,,,,
2942,237.3018004000005,150.75,-17.8125,-127.5625,-150.75,,296.18560791015625,,,,,,
2943,237.38357800000085,129.0,-18.1875,-125.9375,-129.0,,296.18560791015625,,,,,,
2944,237.46394540000074,112.375,-33.25,-76.8125,-112.375,,296.18560791015625,,,,,,
2945,237.5496759000007,60.46875,-36.84375,-50.71875,-60.46875,,296.18560791015625,,,,,,
2946,237.63476380000066,-42.8125,-43.09375,65.4375,42.8125,,296.18560791015625,,,,,,
2947,237.71319740000035,-20.265625,-24.40625,56.5,20.265625,,296.18560791015625,,,,,,
2948,237.79441250000036,-81.4375,-23.875,84.8125,81.4375,,296.18560791015625,,,,,,
2949,237.873956800001,-36.0,-16.890625,39.40625,36.0,,296.18560791015625,,,,,,
2950,237.9532721000005,-20.5,-12.90625,48.8125,20.5,,296.18560791015625,,,,,,
2951,238.03396490000068,51.5625,-11.6875,12.703125,-51.5625,,296.18560791015625,,,,,,
2952,238.11443570000029,124.8125,-12.8125,-105.1875,-124.8125,,296.18560791015625,,,,,,
2953,238.19445670000096,97.0,-7.75,-79.9375,-97.0,,296.18560791015625,,,,,,
2954,238.27377890000025,24.75,-11.296875,-11.984375,-24.75,,296.18560791015625,,,,,,
2955,238.3542378000011,46.28125,-12.296875,-13.953125,-46.28125,,296.18560791015625,,,,,,
2956,238.43345840000075,-29.34375,-23.921875,54.15625,29.34375,,296.18560791015625,,,,,,
2957,238.50956840000072,-83.8125,-17.96875,70.4375,83.8125,,296.18560791015625,,,,,,
2958,238.58787400000074,-70.1875,-10.4375,125.5,70.1875,,296.18560791015625,,,,,,
2959,238.66974330000085,-92.3125,-17.4375,85.3125,92.3125,,296.18560791015625,,,,,,
2960,238.75365970000075,-48.0625,-25.125,72.3125,48.0625,,296.18560791015625,,4.897516250610352,0.15491190552711487,4.6746697425842285,4.892448425292969,5.066788673400879
2961,238.8350029000003,-67.875,-44.0,119.8125,67.875,,296.18560791015625,,,,,,
2962,238.91457290000108,8.171875,-20.125,52.28125,-8.171875,,296.18560791015625,,,,,,
2963,238.9954017000009,75.5,-14.875,-43.21875,-75.5,,296.18560791015625,,,,,,
2964,239.07575450000058,91.6875,-22.0625,-68.125,-91.6875,,296.18560791015625,,,,,,
2965,239.1602386000004,104.75,-24.3125,-69.3125,-104.75,,296.18560791015625,,,,,,
2966,239.2416899000009,73.9375,-3.5,-76.875,-73.9375,,296.18560791015625,,,,,,
2967,239.32436020000114,67.875,0.5625,-43.375,-67.875,,296.18560791015625,,,,,,
2968,239.40628740000102,26.46875,-7.8125,-8.9375,-26.46875,,296.18560791015625,,,,,,
2969,239.4902542000009,6.6875,0.9296875,-15.0078125,-6.6875,,296.18560791015625,,,,,,
2970,239.5719480000007,-13.1484375,-3.7734375,15.3125,13.1484375,,296.18560791015625,,,,,,
2971,239.64987950000068,-56.625,-11.84375,52.6875,56.625,,296.18560791015625,,,,,,
2972,239.72925870000108,-147.375,-14.25,151.875,147.375,,296.18560791015625,,,,,,
2973,239.80770050000046,-108.0,-2.5,125.625,108.0,,296.18560791015625,,,,,,
2974,239.88663290000113,-118.8125,-10.25,122.4375,118.8125,,296.18560791015625,,,,,,
2975,239.96469700000034,-99.5,-16.6875,96.0,99.5,,296.18560791015625,,,,,,
2976,240.04258020000088,-65.625,-34.875,91.625,65.625,,296.18560791015625,,,,,,
2977,240.11954160000096,-47.84375,-22.15625,70.5,47.84375,,296.18560791015625,,,,,,
2978,240.20073460000094,0.876953125,-12.0078125,18.140625,-0.876953125,,296.18560791015625,,,,,,
2979,240.28075510000053,51.09375,-12.90625,-27.59375,-51.09375,,296.18560791015625,,,,,,
2980,240.36751840000034,89.25,-16.5625,-79.9375,-89.25,,296.18560791015625,,3.974376678466797,0.16552872955799103,3.683692455291748,3.979595899581909,4.200682640075684
2981,240.4465407000007,90.375,-31.375,-65.5625,-90.375,,296.18560791015625,,,,,,
2982,240.52425890000086,74.75,-29.28125,-42.84375,-74.75,,296.18560791015625,,,,,,
2983,240.602885100001,46.875,-23.265625,-24.765625,-46.875,,296.18560791015625,,,,,,
2984,240.68129710000085,38.5,-9.09375,-31.0,-38.5,,296.18560791015625,,,,,,
2985,240.76025220000065,31.796875,-8.453125,-16.671875,-31.796875,,296.18560791015625,,,,,,
2986,240.83780520000073,-37.21875,-9.65625,62.3125,37.21875,,296.18560791015625,,,,,,
2987,240.91649010000037,-91.4375,-12.0,90.375,91.4375,,296.18560791015625,,,,,,
2988,240.99759650000033,-152.125,-17.625,164.875,152.125,,296.18560791015625,,,,,,
2989,241.0751893000006,-179.625,4.625,199.375,179.625,,296.18560791015625,,,,,,
2990,241.1523442000007,-73.8125,-3.5,84.1875,73.8125,,296.18560791015625,,,,,,
2991,241.23162430000048,-7.421875,-11.453125,30.953125,7.421875,,296.18560791015625,,,,,,
2992,241.3100400000003,76.0,-17.3125,-43.5625,-76.0,,296.18560791015625,,,,,,
2993,241.39082010000038,71.0,-14.53125,-57.15625,-71.0,,296.18560791015625,,,,,,
2994,241.46541350000098,74.3125,-16.59375,-60.53125,-74.3125,,296.18560791015625,,,,,,
2995,241.54163490000064,51.84375,-16.71875,-38.0,-51.84375,,296.18560791015625,,,,,,
2996,241.61990520000109,11.0078125,-16.546875,9.625,-11.0078125,,296.18560791015625,,,,,,
2997,241.6976652000003,-53.9375,-5.375,63.75,53.9375,,296.18560791015625,,,,,,
2998,241.77410730000065,-102.75,-29.5625,114.3125,102.75,,296.18560791015625,,,,,,
2999,241.85190280000097,-111.375,-7.875,140.5,111.375,,296.18560791015625,,,,,,
3000,241.9362114000005,-8.8203125,-8.25,42.375,8.8203125,,296.18560791015625,,3.6713733673095703,0.34424692392349243,3.1425626277923584,3.670703887939453,4.278099536895752
3001,242.0129865000008,-9.1875,-28.1875,32.53125,9.1875,,296.18560791015625,,,,,,
3002,242.08959310000046,-6.2890625,-26.390625,17.375,6.2890625,,296.18560791015625,,,,,,
3003,242.1670509000005,-4.1875,-28.078125,30.6875,4.1875,,296.18560791015625,,,,,,
3004,242.24339600000076,-10.5703125,-31.0625,38.6875,10.5703125,,296.18560791015625,,,,,,
3005,242.32049880000068,-33.21875,-13.8125,48.1875,33.21875,,296.18560791015625,,,,,,
3006,242.39824660000068,-77.8125,-25.4375,99.5625,77.8125,,296.18560791015625,,,,,,
3007,242.47512580000057,-81.4375,-30.5625,98.1875,81.4375,,296.18560791015625,,,,,,
3008,242.5526830000008,-92.8125,-31.78125,87.75,92.8125,,296.18560791015625,,,,,,
3009,242.62973470000088,-31.40625,-17.40625,60.5,31.40625,,296.18560791015625,,,,,,
3010,242.7072863000003,26.546875,-17.5,-0.99072265625,-26.546875,,296.18560791015625,,,,,,
3011,242.78434390000075,30.78125,-13.65625,-42.75,-30.78125,,296.18560791015625,,,,,,
3012,242.86154910000096,-7.578125,-19.28125,22.15625,7.578125,,296.18560791015625,,,,,,
3013,242.93707910000103,-2.98828125,-10.609375,30.515625,2.98828125,,296.18560791015625,,,,,,
3014,243.01368590000038,6.37109375,-17.25,31.0,-6.37109375,,296.18560791015625,,,,,,
3015,243.09270560000095,12.03125,-20.84375,12.15625,-12.03125,,296.18560791015625,,,,,,
3016,243.17079260000082,8.4609375,-19.03125,29.78125,-8.4609375,,296.18560791015625,,,,,,
3017,243.24702520000028,1.9892578125,-24.46875,24.140625,-1.9892578125,,296.18560791015625,,,,,,
3018,243.32457200000044,19.9375,-21.265625,-1.3603515625,-19.9375,,296.18560791015625,,,,,,
3019,243.40259120000064,18.65625,-22.703125,6.07421875,-18.65625,,296.18560791015625,,,,,,
3020,243.48462800000107,12.4296875,-40.0,33.1875,-12.4296875,,296.18560791015625,,5.798907279968262,1.22926664352417,3.570122718811035,5.64988374710083,7.739197254180908
3021,243.5622417000004,-16.734375,-14.5,49.78125,16.734375,,296.18560791015625,,,,,,
3022,243.63769540000067,-28.296875,-21.84375,58.8125,28.296875,,296.18560791015625,,,,,,
3023,243.71382480000102,-63.875,-29.34375,79.3125,63.875,,296.18560791015625,,,,,,
3024,243.79061750000074,-7.62109375,-15.125,33.5625,7.62109375,,296.18560791015625,,,,,,
3025,243.86765810000088,28.4375,-25.59375,1.95703125,-28.4375,,296.18560791015625,,,,,,
3026,243.94367110000076,67.625,-30.1875,-33.6875,-67.625,,296.18560791015625,,,,,,
3027,244.02080210000076,71.375,-24.5625,-48.9375,-71.375,,296.18560791015625,,,,,,
3028,244.09768640000038,80.9375,-40.0625,-24.875,-80.9375,,296.18560791015625,,,,,,
3029,244.17492140000104,42.75,-24.53125,-34.34375,-42.75,,296.18560791015625,,,,,,
3030,244.25105860000076,31.875,-33.25,-2.494140625,-31.875,,296.18560791015625,,,,,,
3031,244.32612920000065,34.5625,-33.875,1.8525390625,-34.5625,,296.18560791015625,,,,,,
3032,244.4053227000004,48.75,-37.0625,-9.515625,-48.75,,296.18560791015625,,,,,,
3033,244.48222860000078,41.03125,-41.8125,-4.7578125,-41.03125,,296.18560791015625,,,,,,
3034,244.55880010000055,45.5625,-39.09375,-5.9140625,-45.5625,,296.18560791015625,,,,,,
3035,244.63563880000038,59.28125,-24.984375,-31.203125,-59.28125,,296.18560791015625,,,,,,
3036,244.7132229000008,76.875,-35.71875,-36.65625,-76.875,,296.18560791015625,,,,,,
3037,244.78917880000063,66.125,-45.875,-29.546875,-66.125,,296.18560791015625,,,,,,
3038,244.866954000001,67.3125,-31.140625,-30.765625,-67.3125,,296.18560791015625,,,,,,
3039,244.943532100001,70.375,-40.3125,-23.515625,-70.375,,296.18560791015625,,,,,,
3040,245.02806950000104,81.375,-31.90625,-44.40625,-81.375,,296.18560791015625,,7.59932804107666,3.932948589324951,3.268815755844116,6.595993995666504,16.066831588745117
3041,245.10523560000092,76.875,-31.6875,-48.5,-76.875,,296.18560791015625,,,,,,
3042,245.18132500000047,93.0625,-13.25,-77.5625,-93.0625,,296.18560791015625,,,,,,
3043,245.25722050000059,99.5625,-21.3125,-72.3125,-99.5625,,296.18560791015625,,,,,,
3044,245.33362260000104,110.5625,-23.6875,-84.4375,-110.5625,,296.18560791015625,,,,,,
3045,245.41165920000094,118.5,-29.5,-87.125,-118.5,,296.18560791015625,,,,,,
3046,245.490355500001,128.0,-24.6875,-107.6875,-128.0,,296.18560791015625,,,,,,
3047,245.56722830000035,106.0625,-30.6875,-74.0625,-106.0625,,296.18560791015625,,,,,,
3048,245.64420920000066,83.5,-17.84375,-60.46875,-83.5,,296.18560791015625,,,,,,
3049,245.72332730000107,68.8125,-31.34375,-39.40625,-68.8125,,296.18560791015625,,,,,,
3050,245.798300200001,70.25,-15.0625,-62.375,-70.25,,296.18560791015625,,,,,,
3051,245.87572310000087,71.0625,-13.875,-54.875,-71.0625,,296.18560791015625,,,,,,
3052,245.95020260000092,68.0,-17.90625,-55.34375,-68.0,,296.18560791015625,,,,,,
3053,246.02735620000112,71.5625,-16.6875,-50.5625,-71.5625,,296.18560791015625,,,,,,
3054,246.1038578000007,84.375,-26.75,-56.1875,-84.375,,296.18560791015625,,,,,,
3055,246.18083900000056,66.4375,-16.59375,-46.46875,-66.4375,,296.18560791015625,,,,,,
3056,246.25689020000027,66.125,-24.9375,-40.1875,-66.125,,296.18560791015625,,,,,,
3057,246.33320040000035,54.46875,-33.40625,-26.53125,-54.46875,,296.18560791015625,,,,,,
3058,246.40922690000025,65.5625,-17.15625,-45.46875,-65.5625,,296.18560791015625,,,,,,
3059,246.48662830000103,65.25,-23.03125,-43.21875,-65.25,,296.18560791015625,,,,,,
3060,246.56997700000102,79.4375,-27.75,-44.5625,-79.4375,,296.18560791015625,,8.073051452636719,2.4087233543395996,3.6627349853515625,7.967554092407227,12.545999526977539
3061,246.6489956000005,59.65625,-17.65625,-42.21875,-59.65625,,296.18560791015625,,,,,,
3062,246.72827490000054,47.40625,-23.828125,-21.515625,-47.40625,,296.18560791015625,,,,,,
3063,246.80454060000102,39.0625,-29.375,-12.5546875,-39.0625,,296.18560791015625,,,,,,
3064,246.88072860000102,26.890625,-41.25,12.34375,-26.890625,,296.18560791015625,,,,,,
3065,246.95806000000084,29.609375,-21.484375,-6.02734375,-29.609375,,296.18560791015625,,,,,,
3066,247.03415760000098,33.03125,-20.625,-9.8515625,-33.03125,,296.18560791015625,,,,,,
3067,247.1115606000003,31.546875,-23.90625,-2.55859375,-31.546875,,296.18560791015625,,,,,,
3068,247.1897654000004,29.421875,-14.6953125,-10.1953125,-29.421875,,296.18560791015625,,,,,,
3069,247.26603200000045,37.3125,-28.890625,-6.79296875,-37.3125,,296.18560791015625,,,,,,
3070,247.34269070000028,38.625,-25.34375,-19.84375,-38.625,,296.18560791015625,,,,,,
3071,247.42164710000088,35.0625,-33.53125,-8.96875,-35.0625,,296.18560791015625,,,,,,
3072,247.49860680000074,38.03125,-19.34375,-20.59375,-38.03125,,296.18560791015625,,,,,,
3073,247.5753379000007,32.03125,-3.71875,-28.6875,-32.03125,,296.18560791015625,,,,,,
3074,247.65368600000056,36.53125,-10.25,-23.625,-36.53125,,296.18560791015625,,,,,,
3075,247.72936540000046,36.4375,-15.34375,-19.34375,-36.4375,,296.18560791015625,,,,,,
3076,247.80547370000113,43.78125,-17.8125,-23.8125,-43.78125,,296.18560791015625,,,,,,
3077,247.88189000000057,45.3125,-23.109375,-21.671875,-45.3125,,296.18560791015625,,,,,,
3078,247.95883230000072,45.1875,-24.8125,-20.4375,-45.1875,,296.18560791015625,,,,,,
3079,248.03593100000035,44.75,-30.703125,-15.453125,-44.75,,296.18560791015625,,,,,,
3080,248.11983300000065,30.46875,-28.453125,-6.76171875,-30.46875,,296.18560791015625,,6.562114715576172,3.90277361869812,2.8083810806274414,5.603375434875488,14.154809951782227
3081,248.1957979000008,18.65625,-40.46875,21.046875,-18.65625,,296.18560791015625,,,,,,
3082,248.27156640000067,2.306640625,-56.6875,52.9375,-2.306640625,,296.18560791015625,,,,,,
3083,248.34920320000037,-4.20703125,-48.5625,53.3125,4.20703125,,296.18560791015625,,,,,,
3084,248.42591360000097,11.4453125,-42.125,37.5,-11.4453125,,296.18560791015625,,,,,,
3085,248.50529630000074,50.0625,-26.421875,-8.890625,-50.0625,,296.18560791015625,,,,,,
3086,248.58244510000077,83.5,-38.9375,-31.546875,-83.5,,296.18560791015625,,,,,,
3087,248.6606601000003,90.75,-31.15625,-45.96875,-90.75,,296.18560791015625,,,,,,
3088,248.73555290000058,64.25,-20.875,-44.4375,-64.25,,296.18560791015625,,,,,,
3089,248.8129600000011,33.34375,-11.203125,-24.796875,-33.34375,,296.18560791015625,,,,,,
3090,248.88977800000066,4.69140625,-26.59375,15.6875,-4.69140625,,296.18560791015625,,,,,,
3091,248.96468540000114,3.587890625,-7.734375,6.5859375,-3.587890625,,296.18560791015625,,,,,,
3092,249.04226850000032,16.984375,-5.0,-6.40625,-16.984375,,296.18560791015625,,,,,,
3093,249.1197856000008,49.875,-16.78125,-24.03125,-49.875,,296.18560791015625,,,,,,
3094,249.1948594000005,72.3125,-27.5,-41.5,-72.3125,,296.18560791015625,,,,,,
3095,249.27128710000034,53.8125,-19.125,-36.0625,-53.8125,,296.18560791015625,,,,,,
3096,249.3466412000007,32.5,-23.125,-14.21875,-32.5,,296.18560791015625,,,,,,
3097,249.42506500000036,17.265625,-25.140625,5.34765625,-17.265625,,296.18560791015625,,,,,,
3098,249.50200640000094,-2.3828125,-26.25,26.6875,2.3828125,,296.18560791015625,,,,,,
3099,249.5800620000009,-17.46875,-35.09375,52.25,17.46875,,296.18560791015625,,,,,,
3100,249.66301420000036,1.810546875,-16.875,25.734375,-1.810546875,,296.18560791015625,,9.417227745056152,3.7450649738311768,4.1425909996032715,8.863027572631836,16.257505416870117
3101,249.74219630000061,21.09375,-19.28125,3.130859375,-21.09375,,296.18560791015625,,,,,,
3102,249.82053560000077,45.5,-27.65625,-14.2578125,-45.5,,296.18560791015625,,,,,,
3103,249.89698800000042,56.75,-33.6875,-26.1875,-56.75,,296.18560791015625,,,,,,
3104,249.9742266000003,49.28125,-35.0,-15.0859375,-49.28125,,296.18560791015625,,,,,,
3105,250.05391650000092,26.734375,-39.75,10.3359375,-26.734375,,296.18560791015625,,,,,,
3106,250.13070210000114,12.1328125,-45.71875,30.703125,-12.1328125,,296.18560791015625,,,,,,
3107,250.2069515000003,-5.80078125,-62.5625,65.875,5.80078125,,296.18560791015625,,,,,,
3108,250.2851242000006,-19.265625,-61.78125,78.0,19.265625,,296.18560791015625,,,,,,
3109,250.36364230000072,-29.640625,-44.75,73.1875,29.640625,,296.18560791015625,,,,,,
3110,250.44368140000097,-1.3701171875,2.3125,22.328125,1.3701171875,,296.18560791015625,,,,,,
3111,250.5274324000011,36.90625,-10.6875,-12.0625,-36.90625,,296.18560791015625,,,,,,
3112,250.6042234000006,95.0625,-32.40625,-41.28125,-95.0625,,296.18560791015625,,,,,,
3113,250.68248920000042,102.875,-19.125,-77.25,-102.875,,296.18560791015625,,,,,,
3114,250.7604465000004,99.125,-31.375,-58.0625,-99.125,,296.18560791015625,,,,,,
3115,250.8416371000003,90.25,-26.8125,-70.9375,-90.25,,296.18560791015625,,,,,,
3116,250.92081690000032,68.5,-38.625,-37.4375,-68.5,,296.18560791015625,,,,,,
3117,250.99780040000041,29.640625,-53.59375,9.1953125,-29.640625,,296.18560791015625,,,,,,
3118,251.07423180000114,2.716796875,-50.78125,39.6875,-2.716796875,,296.18560791015625,,,,,,
3119,251.15237470000102,-19.78125,-27.84375,56.0625,19.78125,,296.18560791015625,,,,,,
3120,251.23722350000025,28.96875,-25.984375,10.640625,-28.96875,,296.18560791015625,,10.437335014343262,3.135241746902466,4.2419538497924805,10.303620338439941,16.226871490478516
3121,251.31495240000095,67.6875,-38.0,-16.203125,-67.6875,,296.18560791015625,,,,,,
3122,251.39315720000104,48.03125,-27.109375,-7.203125,-48.03125,,296.18560791015625,,,,,,
3123,251.472189600001,61.5,-29.859375,-23.328125,-61.5,,296.18560791015625,,,,,,
3124,251.54942780000056,46.375,-30.234375,-7.890625,-46.375,,296.18560791015625,,,,,,
3125,251.6251125000008,68.4375,-18.0,-47.625,-68.4375,,296.18560791015625,,,,,,
3126,251.70304770000075,63.96875,-15.71875,-37.1875,-63.96875,,296.18560791015625,,,,,,
3127,251.78200430000106,75.5,-28.65625,-32.46875,-75.5,,296.18560791015625,,,,,,
3128,251.86149230000046,46.65625,-43.15625,-16.6875,-46.65625,,296.18560791015625,,,,,,
3129,251.93846320000102,73.6875,-33.6875,-31.375,-73.6875,,296.18560791015625,,,,,,
3130,252.01449090000096,139.5,-49.0625,-72.375,-139.5,,296.18560791015625,,,,,,
3131,252.09201450000091,130.125,-50.0625,-76.6875,-130.125,,296.18560791015625,,,,,,
3132,252.16951540000082,73.6875,-38.25,-48.25,-73.6875,,296.18560791015625,,,,,,
3133,252.24878320000062,31.125,-42.375,22.8125,-31.125,,296.18560791015625,,,,,,
3134,252.32691110000087,1.8642578125,-23.6875,36.5625,-1.8642578125,,296.18560791015625,,,,,,
3135,252.40403870000046,23.859375,-48.75,33.125,-23.859375,,296.18560791015625,,,,,,
3136,252.48195450000094,148.0,-40.5625,-60.0625,-148.0,,296.18560791015625,,,,,,
3137,252.56159500000103,159.875,-45.25,-108.75,-159.875,,296.18560791015625,,,,,,
3138,252.64023550000093,114.8125,-27.5625,-92.375,-114.8125,,296.18560791015625,,,,,,
3139,252.7163597000008,73.5625,-35.6875,-41.6875,-73.5625,,296.18560791015625,,,,,,
3140,252.79956160000074,63.59375,-24.03125,-42.59375,-63.59375,,296.18560791015625,,9.325307846069336,2.9765212535858154,5.556718826293945,8.746614456176758,15.384116172790527
3141,252.87833620000038,41.65625,-52.34375,0.2432861328125,-41.65625,,296.18560791015625,,,,,,
3142,252.95693290000054,55.78125,-14.65625,-38.21875,-55.78125,,296.18560791015625,,,,,,
3143,253.03411900000083,72.125,-27.015625,-27.046875,-72.125,,296.18560791015625,,,,,,
3144,253.11413090000042,119.875,-31.125,-76.8125,-119.875,,296.18560791015625,,,,,,
3145,253.22631660000025,129.625,-46.3125,-79.625,-129.625,,296.18560791015625,,,,,,
3146,253.3040372000005,107.0,-37.0,-74.125,-107.0,,296.18560791015625,,,,,,
3147,253.40328970000064,97.5,-26.75,-72.6875,-97.5,,296.18560791015625,,,,,,
3148,253.48468680000042,65.6875,-42.5,-27.078125,-65.6875,,296.18560791015625,,,,,,
3149,253.56342100000074,36.0625,-31.0,-9.3125,-36.0625,,296.18560791015625,,,,,,
3150,253.64101420000043,17.6875,-63.5,36.4375,-17.6875,,296.18560791015625,,,,,,
3151,253.71912340000108,26.921875,-33.0625,9.0,-26.921875,,296.18560791015625,,,,,,
3152,253.79559540000082,59.1875,-23.265625,-24.328125,-59.1875,,296.18560791015625,,,,,,
3153,253.87330650000058,62.34375,-53.03125,-1.876953125,-62.34375,,296.18560791015625,,,,,,
3154,253.94919590000063,62.09375,-43.0,-12.546875,-62.09375,,296.18560791015625,,,,,,
3155,254.02703670000028,75.375,-31.03125,-35.90625,-75.375,,296.18560791015625,,,,,,
3156,254.10559870000088,78.3125,-39.34375,-31.59375,-78.3125,,296.18560791015625,,,,,,
3157,254.18295410000064,66.875,-37.9375,-30.140625,-66.875,,296.18560791015625,,,,,,
3158,254.26059540000097,32.3125,-29.984375,-0.46923828125,-32.3125,,296.18560791015625,,,,,,
3159,254.33809500000098,33.21875,-22.859375,-2.05859375,-33.21875,,296.18560791015625,,,,,,
3160,254.42205980000108,39.6875,-40.78125,10.4609375,-39.6875,,296.18560791015625,,11.139394760131836,4.946374893188477,5.910757064819336,9.837196350097656,21.9322452545166
3161,254.50001470000097,80.5,-41.25,-24.234375,-80.5,,296.18560791015625,,,,,,
3162,254.57815000000028,107.1875,-62.1875,-51.1875,-107.1875,,296.18560791015625,,,,,,
3163,254.6559758000003,83.5625,-71.3125,-29.109375,-83.5625,,296.18560791015625,,,,,,
3164,254.73356590000094,104.5,-65.5,-31.078125,-104.5,,296.18560791015625,,,,,,
3165,254.8119695000005,98.25,-34.625,-71.625,-98.25,,296.18560791015625,,,,,,
3166,254.8906293000009,58.90625,-53.125,-18.921875,-58.90625,,296.18560791015625,,,,,,
3167,254.96892030000072,50.25,-17.75,-10.9609375,-50.25,,296.18560791015625,,,,,,
3168,255.04658700000073,92.375,-28.1875,-48.1875,-92.375,,296.18560791015625,,,,,,
3169,255.12452870000106,109.1875,-25.8125,-64.6875,-109.1875,,296.18560791015625,,,,,,
3170,255.20440580000104,122.6875,-33.6875,-95.3125,-122.6875,,296.18560791015625,,,,,,
3171,255.28253210000094,70.375,-39.53125,-34.15625,-70.375,,296.18560791015625,,,,,,
3172,255.3601204000006,56.3125,-17.03125,-45.90625,-56.3125,,296.18560791015625,,,,,,
3173,255.43757320000077,106.625,-14.375,-82.6875,-106.625,,296.18560791015625,,,,,,
3174,255.5129734000011,174.375,-41.9375,-122.5625,-174.375,,296.18560791015625,,,,,,
3175,255.58947090000038,162.75,-32.25,-123.625,-162.75,,296.18560791015625,,,,,,
3176,255.66732050000064,91.6875,-32.1875,-67.125,-91.6875,,296.18560791015625,,,,,,
3177,255.74290390000078,41.375,-50.71875,0.5205078125,-41.375,,296.18560791015625,,,,,,
3178,255.8187252000007,42.625,-37.96875,1.6669921875,-42.625,,296.18560791015625,,,,,,
3179,255.893807800001,120.0,-41.71875,-47.71875,-120.0,,296.18560791015625,,,,,,
3180,255.9763055000003,107.1875,-60.6875,-53.5625,-107.1875,,296.18560791015625,,10.857084274291992,4.566605567932129,5.965779781341553,9.252923011779785,22.125530242919922
3181,256.05241410000053,97.9375,-69.5625,-24.921875,-97.9375,,296.18560791015625,,,,,,
3182,256.129557700001,37.96875,-53.6875,2.89453125,-37.96875,,296.18560791015625,,,,,,
3183,256.20518990000073,-19.265625,-87.1875,103.1875,19.265625,,296.18560791015625,,,,,,
3184,256.2819612000003,1.037109375,-45.21875,51.375,-1.037109375,,296.18560791015625,,,,,,
3185,256.35863880000034,96.0625,-41.5,-35.375,-96.0625,,296.18560791015625,,,,,,
3186,256.43240030000106,159.625,-54.625,-87.875,-159.625,,296.18560791015625,,,,,,
3187,256.5090287000003,127.8125,-26.375,-92.75,-127.8125,,296.18560791015625,,,,,,
3188,256.5871842000006,78.8125,-30.28125,-52.28125,-78.8125,,296.18560791015625,,,,,,
3189,256.66507490000095,66.4375,-13.40625,-52.59375,-66.4375,,296.18560791015625,,,,,,
3190,256.7409099000006,40.21875,-32.8125,-2.8359375,-40.21875,,296.18560791015625,,,,,,
3191,256.81824420000066,22.765625,-10.1640625,-14.2578125,-22.765625,,296.18560791015625,,,,,,
3192,256.8953268000005,44.53125,-23.640625,-7.32421875,-44.53125,,296.18560791015625,,,,,,
3193,256.9715388000004,83.6875,-56.59375,-26.53125,-83.6875,,296.18560791015625,,,,,,
3194,257.04790440000033,84.1875,-51.1875,-37.6875,-84.1875,,296.18560791015625,,,,,,
3195,257.1247443000011,83.0,-60.0625,-28.484375,-83.0,,296.18560791015625,,,,,,
3196,257.2011676000011,82.75,-38.84375,-49.21875,-82.75,,296.18560791015625,,,,,,
3197,257.27855850000105,43.625,-40.0625,-18.046875,-43.625,,296.18560791015625,,,,,,
3198,257.35380480000094,6.8828125,-22.421875,22.96875,-6.8828125,,296.18560791015625,,,,,,
3199,257.4300948000009,-9.125,-19.59375,26.109375,9.125,,296.18560791015625,,,,,,
3200,257.51416430000063,-20.453125,-47.40625,60.15625,20.453125,,296.18560791015625,,13.006900787353516,7.328952789306641,4.073526382446289,11.269360542297363,26.0430908203125
3201,257.5929197000005,36.15625,-6.796875,-12.125,-36.15625,,296.18560791015625,,,,,,
3202,257.6716731000006,126.375,-45.59375,-59.40625,-126.375,,296.18560791015625,,,,,,
3203,257.74780400000054,149.125,-58.9375,-75.0625,-149.125,,296.18560791015625,,,,,,
3204,257.8237764000005,110.125,-37.0,-70.5625,-110.125,,296.18560791015625,,,,,,
3205,257.900278000001,98.5625,-22.8125,-75.25,-98.5625,,296.18560791015625,,,,,,
3206,257.9778307000006,60.90625,-41.8125,-23.546875,-60.90625,,296.18560791015625,,,,,,
3207,258.0538047000009,33.5,-52.4375,7.578125,-33.5,,296.18560791015625,,,,,,
3208,258.1302538000009,18.0625,-58.0,39.0625,-18.0625,,296.18560791015625,,,,,,
3209,258.20575270000063,7.1328125,-61.5,53.8125,-7.1328125,,296.18560791015625,,,,,,
3210,258.28185960000064,6.38671875,-47.09375,46.375,-6.38671875,,296.18560791015625,,,,,,
3211,258.3592684000005,59.25,-23.859375,-18.546875,-59.25,,296.18560791015625,,,,,,
3212,258.43627070000093,113.5,-54.75,-51.875,-113.5,,296.18560791015625,,,,,,
3213,258.5127274000006,150.5,-67.125,-70.625,-150.5,,296.18560791015625,,,,,,
3214,258.59147810000104,127.1875,-82.8125,-51.5625,-127.1875,,296.18560791015625,,,,,,
3215,258.672468400001,103.75,-76.75,-29.53125,-103.75,,296.18560791015625,,,,,,
3216,258.7509062000008,65.875,-80.125,18.21875,-65.875,,296.18560791015625,,,,,,
3217,258.8260880000007,17.828125,-72.75,39.84375,-17.828125,,296.18560791015625,,,,,,
3218,258.9046363000007,-17.1875,-46.9375,67.5625,17.1875,,296.18560791015625,,,,,,
3219,258.97916990000067,-12.625,-18.53125,51.78125,12.625,,296.18560791015625,,,,,,
3220,259.06162870000026,-20.734375,-11.59375,53.875,20.734375,,296.18560791015625,,16.82599449157715,4.47325325012207,8.909699440002441,17.032291412353516,23.245630264282227
3221,259.138047800001,21.53125,26.1875,-41.375,-21.53125,,296.18560791015625,,,,,,
3222,259.21722150000096,77.5,39.0,-118.3125,-77.5,,296.18560791015625,,,,,,
3223,259.29438140000093,113.8125,23.6875,-134.75,-113.8125,,296.18560791015625,,,,,,
3224,259.3713217000004,125.125,-2.5,-122.4375,-125.125,,296.18560791015625,,,,,,
3225,259.44883520000076,154.5,15.0,-170.875,-154.5,,296.18560791015625,,,,,,
3226,259.5257242000007,140.875,-15.0625,-124.5625,-140.875,,296.18560791015625,,,,,,
3227,259.602812600001,101.9375,-21.8125,-76.75,-101.9375,,296.18560791015625,,,,,,
3228,259.681095500001,67.625,2.65625,-60.65625,-67.625,,296.18560791015625,,,,,,
3229,259.75800420000087,48.90625,21.0625,-75.0,-48.90625,,296.18560791015625,,,,,,
3230,259.83358360000057,62.46875,0.03125,-58.84375,-62.46875,,296.18560791015625,,,,,,
3231,259.91056050000043,73.9375,4.3125,-72.75,-73.9375,,296.18560791015625,,,,,,
3232,259.987309600001,77.875,25.125,-102.375,-77.875,,296.18560791015625,,,,,,
3233,260.06385200000113,96.25,24.8125,-113.9375,-96.25,,296.18560791015625,,,,,,
3234,260.14148810000097,147.125,-19.8125,-116.3125,-147.125,,296.18560791015625,,,,,,
3235,260.221050000001,204.125,-43.375,-150.75,-204.125,,296.18560791015625,,,,,,
3236,260.297684000001,179.5,-19.375,-159.625,-179.5,,296.18560791015625,,,,,,
3237,260.37516160000087,117.5,-12.875,-128.125,-117.5,,296.18560791015625,,,,,,
3238,260.4511407000009,31.8125,-44.28125,6.08984375,-31.8125,,296.18560791015625,,,,,,
3239,260.5288969000003,-31.296875,-40.0625,71.8125,31.296875,,296.18560791015625,,,,,,
3240,260.614185800001,-136.25,-41.5625,168.625,136.25,,296.18560791015625,,19.98748779296875,6.975085258483887,8.364599227905273,18.889310836791992,29.894577026367188
3241,260.6913536000011,-173.5,-28.375,196.75,173.5,,296.18560791015625,,,,,,
3242,260.76976920000106,-138.75,-24.5,180.25,138.75,,296.18560791015625,,,,,,
3243,260.8495275000005,-52.96875,-6.5625,93.625,52.96875,,296.18560791015625,,,,,,
3244,260.92587860000094,26.6875,-9.96875,-17.640625,-26.6875,,296.18560791015625,,,,,,
3245,261.0043248000011,92.6875,-1.375,-82.875,-92.6875,,296.18560791015625,,,,,,
3246,261.080446500001,152.25,-20.375,-130.75,-152.25,,296.18560791015625,,,,,,
3247,261.1595425000005,224.75,-37.125,-171.75,-224.75,,296.18560791015625,,,,,,
3248,261.23818590000064,223.625,-56.125,-154.875,-223.625,,296.18560791015625,,,,,,
3249,261.3152974000004,200.75,-40.625,-147.625,-200.75,,296.18560791015625,,,,,,
3250,261.392405900001,169.375,-50.25,-134.5,-169.375,,296.18560791015625,,,,,,
3251,261.4711257000008,133.25,-52.5625,-93.9375,-133.25,,296.18560791015625,,,,,,
3252,261.5489025000006,75.8125,-71.125,-15.7109375,-75.8125,,296.18560791015625,,,,,,
3253,261.6264342000004,33.25,-63.375,6.6328125,-33.25,,296.18560791015625,,,,,,
3254,261.70301220000056,28.5,-18.0625,-5.0859375,-28.5,,296.18560791015625,,,,,,
3255,261.78184930000043,49.8125,-32.75,-9.484375,-49.8125,,296.18560791015625,,,,,,
3256,261.8589858000005,104.125,-6.5625,-79.0,-104.125,,296.18560791015625,,,,,,
3257,261.9348323000004,225.5,-48.75,-157.0,-225.5,,296.18560791015625,,,,,,
3258,262.01209870000093,287.75,-39.0,-225.0,-287.75,,296.18560791015625,,,,,,
3259,262.0894786000008,220.25,-17.125,-223.25,-220.25,,296.18560791015625,,,,,,
3260,262.1730722000011,121.25,-12.75,-130.125,-121.25,,296.18560791015625,,9.624201774597168,2.8960471153259277,5.580129623413086,9.421958923339844,14.325356483459473
3261,262.2502138000009,62.375,-52.9375,-18.921875,-62.375,,296.18560791015625,,,,,,
3262,262.3267502000008,20.546875,-73.75,41.15625,-20.546875,,296.18560791015625,,,,,,
3263,262.40377760000047,-31.625,-107.25,113.1875,31.625,,296.18560791015625,,,,,,
3264,262.48212180000064,-52.84375,-37.90625,74.0,52.84375,,296.18560791015625,,,,,,
3265,262.5588957000009,54.6875,-15.390625,-24.859375,-54.6875,,296.18560791015625,,,,,,
3266,262.638459400001,188.125,-50.4375,-123.3125,-188.125,,296.18560791015625,,,,,,
3267,262.71610370000053,223.125,-42.75,-188.5,-223.125,,296.18560791015625,,,,,,
3268,262.7943002000011,190.875,27.25,-223.5,-190.875,,296.18560791015625,,,,,,
3269,262.87114660000043,139.875,-6.625,-142.75,-139.875,,296.18560791015625,,,,,,
3270,262.9509829000008,103.4375,-11.25,-83.5625,-103.4375,,296.18560791015625,,,,,,
3271,263.02793830000064,88.25,-16.1875,-74.6875,-88.25,,296.18560791015625,,,,,,
3272,263.1060608000007,66.6875,-12.0625,-45.75,-66.6875,,296.18560791015625,,,,,,
3273,263.1831140000004,55.125,-25.84375,-34.4375,-55.125,,296.18560791015625,,,,,,
3274,263.2610516000004,14.0078125,-42.1875,26.734375,-14.0078125,,296.18560791015625,,,,,,
3275,263.3386278000007,5.60546875,-41.71875,34.8125,-5.60546875,,296.18560791015625,,,,,,
3276,263.4174277000011,58.9375,-18.546875,-20.890625,-58.9375,,296.18560791015625,,,,,,
3277,263.4960206000005,101.8125,-39.84375,-53.78125,-101.8125,,296.18560791015625,,,,,,
3278,263.57682170000044,128.75,-32.0,-88.3125,-128.75,,296.18560791015625,,,,,,
3279,263.65493330000027,97.0,-18.9375,-71.0625,-97.0,,296.18560791015625,,,,,,
3280,263.73836650000067,89.5625,-12.9375,-82.625,-89.5625,,296.18560791015625,,9.223291397094727,3.535775899887085,3.5344014167785645,9.307609558105469,15.114843368530273
3281,263.8160540000008,59.4375,-6.84375,-47.75,-59.4375,,296.18560791015625,,,,,,
3282,263.8928437000004,44.375,-12.09375,-41.09375,-44.375,,296.18560791015625,,,,,,
3283,263.9707831000005,-0.94921875,-20.46875,12.890625,0.94921875,,296.18560791015625,,,,,,
3284,264.0489152000009,15.3046875,-5.49609375,-4.86328125,-15.3046875,,296.18560791015625,,,,,,
3285,264.1243366000008,28.578125,-12.875,-9.25,-28.578125,,296.18560791015625,,,,,,
3286,264.2016515000005,95.5,-19.84375,-49.59375,-95.5,,296.18560791015625,,,,,,
3287,264.278047400001,118.1875,-21.3125,-84.0625,-118.1875,,296.18560791015625,,,,,,
3288,264.35960440000053,106.5625,-41.3125,-65.5625,-106.5625,,296.18560791015625,,,,,,
3289,264.43672310000056,70.4375,-27.71875,-46.09375,-70.4375,,296.18560791015625,,,,,,
3290,264.51499740000054,73.5,-35.78125,-25.09375,-73.5,,296.18560791015625,,,,,,
3291,264.59198820000074,40.09375,-45.8125,10.71875,-40.09375,,296.18560791015625,,,,,,
3292,264.67017830000077,59.59375,-35.59375,-32.65625,-59.59375,,296.18560791015625,,,,,,
3293,264.74912550000045,55.90625,-7.0625,-61.5625,-55.90625,,296.18560791015625,,,,,,
3294,264.8270912000007,104.625,-17.375,-76.75,-104.625,,296.18560791015625,,,,,,
3295,264.9048349000004,167.5,-31.25,-113.0,-167.5,,296.18560791015625,,,,,,
3296,264.9828580000003,184.5,-26.0,-147.25,-184.5,,296.18560791015625,,,,,,
3297,265.0611219000011,168.625,-15.75,-152.5,-168.625,,296.18560791015625,,,,,,
3298,265.1369906000009,128.125,-11.375,-112.625,-128.125,,296.18560791015625,,,,,,
3299,265.21624620000057,69.5,-7.125,-80.3125,-69.5,,296.18560791015625,,,,,,
3300,265.29831580000064,28.0625,-37.03125,10.3515625,-28.0625,,296.18560791015625,,9.523448944091797,4.437687873840332,4.165022850036621,7.8353166580200195,16.54192352294922
3301,265.3778176000005,0.03173828125,-58.8125,42.65625,-0.03173828125,,296.18560791015625,,,,,,
3302,265.45736470000065,-20.09375,-14.953125,28.671875,20.09375,,296.18560791015625,,,,,,
3303,265.5322924000011,8.546875,11.21875,-11.265625,-8.546875,,296.18560791015625,,,,,,
3304,265.6106578000008,87.25,-19.78125,-55.78125,-87.25,,296.18560791015625,,,,,,
3305,265.6873226000007,215.0,-46.125,-149.875,-215.0,,296.18560791015625,,,,,,
3306,265.7649930000007,217.25,-63.625,-139.875,-217.25,,296.18560791015625,,,,,,
3307,265.8410313000004,110.8125,3.5,-131.5,-110.8125,,296.18560791015625,,,,,,
3308,265.91819640000085,48.125,-33.5625,-29.71875,-48.125,,296.18560791015625,,,,,,
3309,265.99659240000074,10.640625,-41.9375,21.65625,-10.640625,,296.18560791015625,,,,,,
3310,266.073971400001,-1.6181640625,-11.5859375,19.390625,1.6181640625,,296.18560791015625,,,,,,
3311,266.15033590000075,-12.4921875,-18.421875,38.09375,12.4921875,,296.18560791015625,,,,,,
3312,266.22828520000076,42.78125,-12.046875,-13.375,-42.78125,,296.18560791015625,,,,,,
3313,266.3064192000011,84.5,-24.96875,-56.28125,-84.5,,296.18560791015625,,,,,,
3314,266.3869301000004,90.4375,7.6875,-114.0,-90.4375,,296.18560791015625,,,,,,
3315,266.4666154000006,110.375,-21.6875,-78.9375,-110.375,,296.18560791015625,,,,,,
3316,266.54387600000064,98.25,-20.5,-67.9375,-98.25,,296.18560791015625,,,,,,
3317,266.621646900001,68.8125,-18.375,-69.9375,-68.8125,,296.18560791015625,,,,,,
3318,266.69782190000114,82.0625,-13.75,-77.0,-82.0625,,296.18560791015625,,,,,,
3319,266.7767962000007,41.09375,-14.703125,-27.140625,-41.09375,,296.18560791015625,,,,,,
3320,266.86088180000024,54.34375,-19.375,-35.8125,-54.34375,,296.18560791015625,,8.612676620483398,2.9710752964019775,4.246828556060791,8.781187057495117,13.331206321716309
3321,266.9469413000006,70.375,-15.90625,-50.90625,-70.375,,296.18560791015625,,,,,,
3322,267.0320846000004,78.0,-19.25,-60.1875,-78.0,,296.18560791015625,,,,,,
3323,267.1304673000004,103.6875,-16.8125,-69.6875,-103.6875,,296.18560791015625,,,,,,
3324,267.212101000001,100.125,-11.5,-93.1875,-100.125,,296.18560791015625,,,,,,
3325,267.2968875000006,38.0,-22.328125,-19.171875,-38.0,,296.18560791015625,,,,,,
3326,267.3827942000007,36.15625,-25.140625,-23.390625,-36.15625,,296.18560791015625,,,,,,
3327,267.47112840000045,18.375,-21.1875,-0.226318359375,-18.375,,296.18560791015625,,,,,,
3328,267.55069690000073,42.5,-9.890625,-25.546875,-42.5,,296.18560791015625,,,,,,
3329,267.63577540000097,143.125,-22.875,-95.5625,-143.125,,296.18560791015625,,,,,,
3330,267.7125586000011,135.375,-23.875,-101.5625,-135.375,,296.18560791015625,,,,,,
3331,267.79259920000095,101.4375,-15.3125,-79.4375,-101.4375,,296.18560791015625,,,,,,
3332,267.8708815000009,51.09375,-8.53125,-62.96875,-51.09375,,296.18560791015625,,,,,,
3333,267.9501345000008,15.4921875,-33.28125,0.91748046875,-15.4921875,,296.18560791015625,,,,,,
3334,268.02869400000054,-5.72265625,-14.875,18.46875,5.72265625,,296.18560791015625,,,,,,
3335,268.10989940000036,14.0625,-26.90625,-5.0546875,-14.0625,,296.18560791015625,,,,,,
3336,268.1892420000004,79.3125,-16.84375,-52.96875,-79.3125,,296.18560791015625,,,,,,
3337,268.2682782000011,112.875,-11.9375,-102.75,-112.875,,296.18560791015625,,,,,,
3338,268.347321700001,115.5,-17.625,-98.9375,-115.5,,296.18560791015625,,,,,,
3339,268.42766830000073,78.3125,-11.875,-65.6875,-78.3125,,296.18560791015625,,,,,,
3340,268.51258360000065,77.75,-7.0625,-77.5625,-77.75,,296.18560791015625,,8.779479026794434,2.802243232727051,5.945918560028076,8.375072479248047,11.937312126159668
3341,268.59053640000093,58.0625,-8.96875,-51.53125,-58.0625,,296.18560791015625,,,,,,
3342,268.6684856000011,47.65625,14.34375,-49.0,-47.65625,,296.18560791015625,,,,,,
3343,268.74759780000113,54.78125,-3.46875,-42.09375,-54.78125,,296.18560791015625,,,,,,
3344,268.82578770000055,79.5625,-13.875,-64.3125,-79.5625,,296.18560791015625,,,,,,
3345,268.90515210000103,87.6875,-22.5,-80.3125,-87.6875,,296.18560791015625,,,,,,
3346,268.984523600001,83.4375,-5.0,-70.0625,-83.4375,,296.18560791015625,,,,,,
3347,269.0629230000004,76.625,7.1875,-85.6875,-76.625,,296.18560791015625,,,,,,
3348,269.1442954000004,83.5625,-4.9375,-82.0,-83.5625,,296.18560791015625,,,,,,
3349,269.22408350000114,82.0,-7.4375,-58.1875,-82.0,,296.18560791015625,,,,,,
3350,269.31479220000074,47.5,-10.46875,-42.4375,-47.5,,296.18560791015625,,,,,,
3351,269.40225700000065,46.625,-21.9375,-24.71875,-46.625,,296.18560791015625,,,,,,
3352,269.4883965000008,26.96875,-4.0078125,-15.7265625,-26.96875,,296.18560791015625,,,,,,
3353,269.56676250000055,38.4375,-14.34375,-28.9375,-38.4375,,296.18560791015625,,,,,,
3354,269.64523980000104,37.6875,-14.53125,-38.4375,-37.6875,,296.18560791015625,,,,,,
3355,269.7237326000004,123.4375,-21.125,-89.4375,-123.4375,,296.18560791015625,,,,,,
3356,269.80175320000035,118.4375,-19.3125,-113.0625,-118.4375,,296.18560791015625,,,,,,
3357,269.87990290000107,83.0,-23.75,-48.625,-83.0,,296.18560791015625,,,,,,
3358,269.9602094000011,57.1875,-24.6875,-52.625,-57.1875,,296.18560791015625,,,,,,
3359,270.0399470000011,61.9375,-17.46875,-36.0,-61.9375,,296.18560791015625,,,,,,
3360,270.1252903000004,-1.341796875,-17.0,-7.56640625,1.341796875,,296.18560791015625,,7.3945159912109375,1.650042176246643,4.678905963897705,7.235672950744629,9.88113784790039
3361,270.20641370000067,32.09375,-22.140625,19.109375,-32.09375,,296.18560791015625,,,,,,
3362,270.28697830000056,91.5,7.1875,-92.125,-91.5,,296.18560791015625,,,,,,
3363,270.36397470000065,120.625,-13.9375,-82.4375,-120.625,,296.18560791015625,,,,,,
3364,270.44132640000043,190.375,-20.625,-167.875,-190.375,,296.18560791015625,,,,,,
3365,270.5204566000011,103.0,-26.3125,-94.75,-103.0,,296.18560791015625,,,,,,
3366,270.59788500000104,58.96875,-13.84375,-47.28125,-58.96875,,296.18560791015625,,,,,,
3367,270.6792436000005,-39.4375,-27.921875,51.84375,39.4375,,296.18560791015625,,,,,,
3368,270.7592347000009,-6.109375,14.890625,28.671875,6.109375,,296.18560791015625,,,,,,
3369,270.8381891000008,96.375,-10.0,-52.84375,-96.375,,296.18560791015625,,,,,,
3370,270.9191464000005,186.5,-24.0,-141.5,-186.5,,296.18560791015625,,,,,,
3371,270.9992106000009,221.875,-14.375,-185.25,-221.875,,296.18560791015625,,,,,,
3372,271.0748515000005,260.0,-43.5,-188.75,-260.0,,296.18560791015625,,,,,,
3373,271.15224600000056,144.25,-13.0,-148.875,-144.25,,296.18560791015625,,,,,,
3374,271.22783270000036,40.8125,-21.34375,-52.84375,-40.8125,,296.18560791015625,,,,,,
3375,271.30701090000093,-71.0625,-31.0,93.6875,71.0625,,296.18560791015625,,,,,,
3376,271.3845250000004,-40.15625,-20.625,54.75,40.15625,,296.18560791015625,,,,,,
3377,271.4612109000009,98.1875,-2.21875,-61.4375,-98.1875,,296.18560791015625,,,,,,
3378,271.5366105000003,236.0,-27.25,-195.0,-236.0,,296.18560791015625,,,,,,
3379,271.61483810000027,366.0,-48.0,-288.0,-366.0,,296.18560791015625,,,,,,
3380,271.69884830000046,233.625,-31.75,-198.25,-233.625,,296.18560791015625,,12.050464630126953,2.445131301879883,8.380422592163086,12.088061332702637,15.918566703796387
3381,271.77495350000027,81.375,-10.25,-117.0,-81.375,,296.18560791015625,,,,,,
3382,271.8525262000003,-16.671875,-25.53125,14.390625,16.671875,,296.18560791015625,,,,,,
3383,271.9287110000005,-48.0,-32.28125,81.875,48.0,,296.18560791015625,,,,,,
3384,272.0047407000011,-38.9375,-41.4375,51.15625,38.9375,,296.18560791015625,,,,,,
3385,272.08024790000036,-39.90625,-5.28125,42.21875,39.90625,,296.18560791015625,,,,,,
3386,272.1569762000008,56.625,-7.65625,-10.1875,-56.625,,296.18560791015625,,,,,,
3387,272.2342959000007,206.75,-32.875,-165.5,-206.75,,296.18560791015625,,,,,,
3388,272.3120405000009,223.625,12.0,-290.0,-223.625,,296.18560791015625,,,,,,
3389,272.38986710000063,169.25,9.75,-172.625,-169.25,,296.18560791015625,,,,,,
3390,272.4668137000008,127.3125,-26.6875,-103.9375,-127.3125,,296.18560791015625,,,,,,
3391,272.54458200000045,-47.9375,-21.734375,32.1875,47.9375,,296.18560791015625,,,,,,
3392,272.62154100000043,-101.6875,-30.875,116.3125,101.6875,,296.18560791015625,,,,,,
3393,272.6993641000008,-73.3125,-37.28125,90.75,73.3125,,296.18560791015625,,,,,,
3394,272.7765797000011,-25.5,-21.859375,41.125,25.5,,296.18560791015625,,,,,,
3395,272.85581250000087,108.0625,-17.59375,-58.90625,-108.0625,,296.18560791015625,,,,,,
3396,272.93133620000026,203.75,-25.5,-156.5,-203.75,,296.18560791015625,,,,,,
3397,273.0084011000008,132.75,-39.9375,-97.9375,-132.75,,296.18560791015625,,,,,,
3398,273.08671460000096,159.875,-37.9375,-107.6875,-159.875,,296.18560791015625,,,,,,
3399,273.16511900000114,75.9375,5.9375,-99.0625,-75.9375,,296.18560791015625,,,,,,
3400,273.2471793000004,60.6875,-22.234375,-16.796875,-60.6875,,296.18560791015625,,6.177759647369385,1.0805635452270508,4.437667369842529,6.130924224853516,8.045181274414062
3401,273.3262396000009,-27.53125,-50.21875,49.28125,27.53125,,296.18560791015625,,,,,,
3402,273.4019535000007,-170.125,-81.0,174.75,170.125,,296.18560791015625,,,,,,
3403,273.47849020000103,-260.5,-82.875,265.5,260.5,,296.18560791015625,,,,,,
3404,273.5547959000005,-35.8125,-3.125,87.5625,35.8125,,296.18560791015625,,,,,,
3405,273.6308547000008,248.125,-53.5,-132.125,-248.125,,296.18560791015625,,,,,,
3406,273.7105422000004,356.5,-42.25,-298.75,-356.5,,296.18560791015625,,,,,,
3407,273.7865890000003,310.75,-27.5,-268.5,-310.75,,296.18560791015625,,,,,,
3408,273.86352890000035,94.375,-0.9375,-123.4375,-94.375,,296.18560791015625,,,,,,
3409,273.9401867000006,5.0546875,-24.125,1.576171875,-5.0546875,,296.18560791015625,,,,,,
3410,274.01613850000103,-42.625,-36.6875,40.5625,42.625,,296.18560791015625,,,,,,
3411,274.0941894000007,-66.4375,-20.9375,90.9375,66.4375,,296.18560791015625,,,,,,
3412,274.17130780000025,-95.9375,-8.625,100.25,95.9375,,296.18560791015625,,,,,,
3413,274.2489978000003,-80.0,-22.9375,104.125,80.0,,296.18560791015625,,,,,,
3414,274.32690360000106,38.03125,-29.71875,5.94140625,-38.03125,,296.18560791015625,,,,,,
3415,274.4056214000011,118.1875,-34.8125,-72.6875,-118.1875,,296.18560791015625,,,,,,
3416,274.4839597000009,177.625,-46.5,-141.375,-177.625,,296.18560791015625,,,,,,
3417,274.56117880000056,220.625,-14.25,-183.25,-220.625,,296.18560791015625,,,,,,
3418,274.63701520000086,135.0,-28.875,-135.5,-135.0,,296.18560791015625,,,,,,
3419,274.716648900001,133.75,-14.125,-111.75,-133.75,,296.18560791015625,,,,,,
3420,274.79921080000076,84.125,5.25,-97.875,-84.125,,296.18560791015625,,7.019676208496094,1.4103646278381348,4.642404556274414,7.269141674041748,9.11252498626709
3421,274.87679670000034,8.1015625,-25.25,11.2109375,-8.1015625,,296.18560791015625,,,,,,
3422,274.9532848000008,-38.5625,-35.5,59.46875,38.5625,,296.18560791015625,,,,,,
3423,275.0301361000011,-75.5625,-27.375,117.5625,75.5625,,296.18560791015625,,,,,,
3424,275.10523040000044,-74.1875,-39.8125,113.8125,74.1875,,296.18560791015625,,,,,,
3425,275.1814888000008,-5.4921875,2.703125,17.46875,5.4921875,,296.18560791015625,,,,,,
3426,275.25875910000104,92.0,-23.75,-38.0625,-92.0,,296.18560791015625,,,,,,
3427,275.33574390000103,52.40625,-10.53125,-35.9375,-52.40625,,296.18560791015625,,,,,,
3428,275.41494500000044,69.25,-14.0,-66.3125,-69.25,,296.18560791015625,,,,,,
3429,275.4922935000004,55.0625,-31.765625,-20.640625,-55.0625,,296.18560791015625,,,,,,
3430,275.5696747000011,-30.390625,-22.96875,48.8125,30.390625,,296.18560791015625,,,,,,
3431,275.6491337000007,61.9375,-16.296875,-24.796875,-61.9375,,296.18560791015625,,,,,,
3432,275.72739830000046,112.125,-22.8125,-77.0,-112.125,,296.18560791015625,,,,,,
3433,275.8046780000004,129.75,-27.5625,-72.9375,-129.75,,296.18560791015625,,,,,,
3434,275.882005200001,83.0625,-21.5625,-95.6875,-83.0625,,296.18560791015625,,,,,,
3435,275.9603319000007,40.125,-31.375,-32.46875,-40.125,,296.18560791015625,,,,,,
3436,276.03600500000084,101.875,-20.4375,-101.4375,-101.875,,296.18560791015625,,,,,,
3437,276.114867100001,98.0625,-30.0625,-50.8125,-98.0625,,296.18560791015625,,,,,,
3438,276.1939016000006,36.21875,-33.9375,-12.703125,-36.21875,,296.18560791015625,,,,,,
3439,276.27122510000027,-42.53125,-23.96875,64.5625,42.53125,,296.18560791015625,,,,,,
3440,276.35386090000065,-124.125,-51.4375,153.375,124.125,,296.18560791015625,,10.662467956542969,2.507709264755249,6.963824272155762,10.390266418457031,14.832746505737305
3441,276.4305933000005,-65.375,-8.8125,97.6875,65.375,,296.18560791015625,,,,,,
3442,276.5078538000007,21.546875,-20.3125,15.421875,-21.546875,,296.18560791015625,,,,,,
3443,276.58609050000086,100.1875,-33.0625,-73.375,-100.1875,,296.18560791015625,,,,,,
3444,276.66359470000043,171.75,-30.125,-128.875,-171.75,,296.18560791015625,,,,,,
3445,276.74240570000075,136.125,-22.5625,-113.5625,-136.125,,296.18560791015625,,,,,,
3446,276.8193407000008,37.6875,-30.6875,-42.1875,-37.6875,,296.18560791015625,,,,,,
3447,276.896353600001,-10.6015625,-13.546875,25.21875,10.6015625,,296.18560791015625,,,,,,
3448,276.9733189000008,-44.15625,-28.34375,81.3125,44.15625,,296.18560791015625,,,,,,
3449,277.05130680000093,-23.421875,-29.0,45.3125,23.421875,,296.18560791015625,,,,,,
3450,277.1268415000004,-10.46875,-30.953125,52.28125,10.46875,,296.18560791015625,,,,,,
3451,277.2059555000005,33.75,-24.640625,-23.109375,-33.75,,296.18560791015625,,,,,,
3452,277.2840849000004,-37.21875,-28.484375,55.5,37.21875,,296.18560791015625,,,,,,
3453,277.3613643000008,5.0390625,-20.125,30.21875,-5.0390625,,296.18560791015625,,,,,,
3454,277.43710510000074,1.3212890625,-32.09375,-2.3671875,-1.3212890625,,296.18560791015625,,,,,,
3455,277.5140592000007,59.96875,-40.9375,9.171875,-59.96875,,296.18560791015625,,,,,,
3456,277.59113420000085,133.375,-0.875,-114.6875,-133.375,,296.18560791015625,,,,,,
3457,277.66695640000034,188.125,-33.25,-139.875,-188.125,,296.18560791015625,,,,,,
3458,277.7452024000004,256.5,-64.875,-192.375,-256.5,,296.18560791015625,,,,,,
3459,277.82716790000086,-9.9921875,-9.4375,-21.046875,9.9921875,,296.18560791015625,,,,,,
3460,277.90834040000027,-113.125,-39.9375,122.375,113.125,,296.18560791015625,,8.747886657714844,1.4732739925384521,6.400298118591309,8.700605392456055,11.05461597442627
3461,277.9861484000003,-199.875,-58.5,235.25,199.875,,296.18560791015625,,,,,,
3462,278.0654234000003,-165.75,12.0,185.375,165.75,,296.18560791015625,,,,,,
3463,278.1448022000004,22.53125,-48.5,77.0,-22.53125,,296.18560791015625,,,,,,
3464,278.2229651000007,53.65625,-31.78125,-33.78125,-53.65625,,296.18560791015625,,,,,,
3465,278.30190140000104,5.453125,-14.3984375,-11.7265625,-5.453125,,296.18560791015625,,,,,,
3466,278.3801770000009,2.17578125,-16.453125,-29.484375,-2.17578125,,296.18560791015625,,,,,,
3467,278.458128100001,29.546875,-37.0,11.0859375,-29.546875,,296.18560791015625,,,,,,
3468,278.5342655000004,127.125,-15.0,-102.125,-127.125,,296.18560791015625,,,,,,
3469,278.6111677000008,70.9375,-24.25,-66.375,-70.9375,,296.18560791015625,,,,,,
3470,278.6882919000009,140.875,-29.0625,-106.0625,-140.875,,296.18560791015625,,,,,,
3471,278.76750080000056,51.5625,-21.59375,-59.65625,-51.5625,,296.18560791015625,,,,,,
3472,278.8452169000011,-76.3125,-30.5,99.0625,76.3125,,296.18560791015625,,,,,,
3473,278.93170310000096,-76.375,-20.6875,117.5625,76.375,,296.18560791015625,,,,,,
3474,279.0095886000008,-6.08984375,-31.90625,61.65625,6.08984375,,296.18560791015625,,,,,,
3475,279.09045380000043,56.03125,-39.875,-13.4375,-56.03125,,296.18560791015625,,,,,,
3476,279.1671522000006,-15.3359375,-11.9375,28.984375,15.3359375,,296.18560791015625,,,,,,
3477,279.2441953000007,-66.875,-23.5,77.9375,66.875,,296.18560791015625,,,,,,
3478,279.3224263000011,-23.375,-12.5,72.8125,23.375,,296.18560791015625,,,,,,
3479,279.39973570000075,53.71875,-23.8125,-20.625,-53.71875,,296.18560791015625,,,,,,
3480,279.4825316000006,-8.1875,-30.390625,27.171875,8.1875,,296.18560791015625,,8.201847076416016,1.1459256410598755,6.510687828063965,8.270389556884766,10.039922714233398
3481,279.55937240000094,10.4296875,-26.59375,37.5625,-10.4296875,,296.18560791015625,,,,,,
3482,279.6362256000011,-22.484375,-11.5625,0.56298828125,22.484375,,296.18560791015625,,,,,,
3483,279.7133685000008,-54.375,-27.28125,77.9375,54.375,,296.18560791015625,,,,,,
3484,279.7931199000004,-205.875,-47.625,211.75,205.875,,296.18560791015625,,,,,,
3485,279.8699858000009,-110.5625,-23.0,158.5,110.5625,,296.18560791015625,,,,,,
3486,279.948790200001,18.4375,-26.96875,34.9375,-18.4375,,296.18560791015625,,,,,,
3487,280.027035600001,145.625,-33.4375,-101.1875,-145.625,,296.18560791015625,,,,,,
3488,280.10423600000104,74.5,-26.125,-66.0,-74.5,,296.18560791015625,,,,,,
3489,280.17977470000096,-34.875,-24.5625,54.78125,34.875,,296.18560791015625,,,,,,
3490,280.25542270000096,-102.875,-23.5625,132.625,102.875,,296.18560791015625,,,,,,
3491,280.3318240000008,-120.125,-19.875,138.75,120.125,,296.18560791015625,,,,,,
3492,280.40945870000087,11.8515625,-21.25,8.53125,-11.8515625,,296.18560791015625,,,,,,
3493,280.48779080000077,77.0,-31.84375,-38.40625,-77.0,,296.18560791015625,,,,,,
3494,280.56436680000024,-27.46875,-25.59375,39.84375,27.46875,,296.18560791015625,,,,,,
3495,280.64089630000035,-86.6875,-27.625,103.375,86.6875,,296.18560791015625,,,,,,
3496,280.71908090000034,-16.875,-47.90625,75.0625,16.875,,296.18560791015625,,,,,,
3497,280.7967941000006,53.6875,-19.65625,-22.0,-53.6875,,296.18560791015625,,,,,,
3498,280.8760002000008,66.9375,-25.09375,-47.34375,-66.9375,,296.18560791015625,,,,,,
3499,280.95255330000055,-38.8125,-28.46875,59.9375,38.8125,,296.18560791015625,,,,,,
3500,281.0360016000004,-33.6875,-7.40625,49.15625,33.6875,,296.18560791015625,,8.888298034667969,1.1676098108291626,7.113199234008789,8.793087005615234,10.713200569152832
3501,281.1165615000009,-48.625,-9.75,89.5625,48.625,,296.18560791015625,,,,,,
3502,281.2262980000005,-69.1875,-17.8125,83.4375,69.1875,,296.18560791015625,,,,,,
3503,281.3021254000005,-33.1875,-24.5625,67.875,33.1875,,296.18560791015625,,,,,,
3504,281.3790974000003,1.369140625,-32.9375,36.03125,-1.369140625,,296.18560791015625,,,,,,
3505,281.4554276000008,90.125,-20.71875,-50.84375,-90.125,,296.18560791015625,,,,,,
3506,281.5324550000005,209.375,-15.0,-182.5,-209.375,,296.18560791015625,,,,,,
3507,281.6088139000003,-17.921875,5.859375,-3.97265625,17.921875,,296.18560791015625,,,,,,
3508,281.6849419000009,-102.0,-20.625,130.5,102.0,,296.18560791015625,,,,,,
3509,281.7636915000003,-173.25,-16.75,175.875,173.25,,296.18560791015625,,,,,,
3510,281.839359300001,-106.375,19.8125,114.6875,106.375,,296.18560791015625,,,,,,
3511,281.9157604000011,-67.3125,-18.875,75.25,67.3125,,296.18560791015625,,,,,,
3512,281.9946905000006,51.6875,-24.75,-6.5078125,-51.6875,,296.18560791015625,,,,,,
3513,282.07456000000093,32.53125,-22.25,-35.84375,-32.53125,,296.18560791015625,,,,,,
3514,282.15246090000073,3.173828125,-24.609375,2.103515625,-3.173828125,,296.18560791015625,,,,,,
3515,282.23285490000035,-36.21875,-20.09375,33.25,36.21875,,296.18560791015625,,,,,,
3516,282.30898960000104,-69.75,-17.5625,100.5625,69.75,,296.18560791015625,,,,,,
3517,282.3865878000006,-111.3125,2.75,130.375,111.3125,,296.18560791015625,,,,,,
3518,282.4629412000004,-55.8125,14.0625,83.125,55.8125,,296.18560791015625,,,,,,
3519,282.5400317000003,61.6875,-34.8125,1.73828125,-61.6875,,296.18560791015625,,,,,,
3520,282.6212486000004,-62.96875,-21.15625,84.125,62.96875,,296.18560791015625,,8.803130149841309,1.231852412223816,6.536709308624268,8.814105987548828,10.531922340393066
3521,282.699476400001,-74.4375,-50.59375,105.0,74.4375,,296.18560791015625,,,,,,
3522,282.77537310000025,66.875,-20.5625,-0.7431640625,-66.875,,296.18560791015625,,,,,,
3523,282.8515051000004,196.25,-31.875,-126.375,-196.25,,296.18560791015625,,,,,,
3524,282.92835000000105,107.0625,-24.125,-74.4375,-107.0625,,296.18560791015625,,,,,,
3525,283.00526380000065,2.6796875,-22.3125,28.3125,-2.6796875,,296.18560791015625,,,,,,
3526,283.08242490000066,-63.78125,-25.75,70.125,63.78125,,296.18560791015625,,,,,,
3527,283.1601705000003,-107.4375,-39.375,124.5625,107.4375,,296.18560791015625,,,,,,
3528,283.23923340000056,-86.1875,-23.5,105.125,86.1875,,296.18560791015625,,,,,,
3529,283.31931260000056,72.9375,-29.359375,-11.796875,-72.9375,,296.18560791015625,,,,,,
3530,283.3962276000011,48.71875,-6.5625,-67.625,-48.71875,,296.18560791015625,,,,,,
3531,283.47312930000044,-35.0,-45.6875,47.625,35.0,,296.18560791015625,,,,,,
3532,283.5516525000003,3.927734375,-24.1875,39.1875,-3.927734375,,296.18560791015625,,,,,,
3533,283.6287417000003,198.5,-41.625,-137.125,-198.5,,296.18560791015625,,,,,,
3534,283.7048212000009,-18.4375,-18.46875,-13.3828125,18.4375,,296.18560791015625,,,,,,
3535,283.7830913000007,-134.75,-12.25,172.25,134.75,,296.18560791015625,,,,,,
3536,283.86170440000114,-183.875,-24.875,221.125,183.875,,296.18560791015625,,,,,,
3537,283.938968200001,-84.4375,-20.9375,125.9375,84.4375,,296.18560791015625,,,,,,
3538,284.0182857000009,-31.40625,-14.65625,60.125,31.40625,,296.18560791015625,,,,,,
3539,284.0953476000004,14.6171875,-18.171875,33.15625,-14.6171875,,296.18560791015625,,,,,,
3540,284.17909170000075,66.9375,-24.890625,-26.453125,-66.9375,,296.18560791015625,,8.982677459716797,0.8173938393592834,7.570833206176758,9.096378326416016,10.274571418762207
3541,284.2596501000007,67.0,-9.0,-52.625,-67.0,,296.18560791015625,,,,,,
3542,284.33520430000044,1.3876953125,-19.3125,30.09375,-1.3876953125,,296.18560791015625,,,,,,
3543,284.4135199000011,20.390625,-22.046875,6.69140625,-20.390625,,296.18560791015625,,,,,,
3544,284.49093170000106,-18.0625,-24.625,50.6875,18.0625,,296.18560791015625,,,,,,
3545,284.5693846000004,-34.53125,-25.0,70.3125,34.53125,,296.18560791015625,,,,,,
3546,284.6464291000011,-22.328125,-17.65625,32.59375,22.328125,,296.18560791015625,,,,,,
3547,284.72560910000084,-81.8125,-24.625,89.375,81.8125,,296.18560791015625,,,,,,
3548,284.80476590000035,-75.4375,-8.9375,90.6875,75.4375,,296.18560791015625,,,,,,
3549,284.88449280000077,77.8125,-27.703125,-18.890625,-77.8125,,296.18560791015625,,,,,,
3550,284.96130990000074,113.5,-39.3125,-43.5,-113.5,,296.18560791015625,,,,,,
3551,285.0398158000007,-6.04296875,-30.4375,12.28125,6.04296875,,296.18560791015625,,,,,,
3552,285.1191428000011,-82.8125,-23.5625,90.5625,82.8125,,296.18560791015625,,,,,,
3553,285.19996120000087,-95.4375,-31.8125,118.8125,95.4375,,296.18560791015625,,,,,,
3554,285.27728900000056,74.25,-29.28125,10.4609375,-74.25,,296.18560791015625,,,,,,
3555,285.3551931000011,80.5,-31.53125,-55.40625,-80.5,,296.18560791015625,,,,,,
3556,285.4318649000006,-31.5,-31.015625,38.3125,31.5,,296.18560791015625,,,,,,
3557,285.5122259000009,-17.953125,-20.34375,46.125,17.953125,,296.18560791015625,,,,,,
3558,285.5900171000003,17.71875,-24.515625,23.03125,-17.71875,,296.18560791015625,,,,,,
3559,285.6677828000011,-17.6875,-20.265625,23.4375,17.6875,,296.18560791015625,,,,,,
3560,285.7500832000005,-32.25,-3.47265625,-1.8955078125,32.25,,296.18560791015625,,8.555644035339355,1.0790588855743408,6.752536773681641,8.579538345336914,10.04922103881836
3561,285.8283738000009,-42.90625,1.5625,67.0625,42.90625,,296.18560791015625,,,,,,
3562,285.90687490000073,40.25,-20.921875,21.921875,-40.25,,296.18560791015625,,,,,,
3563,285.9845460000006,131.25,-29.4375,-82.9375,-131.25,,296.18560791015625,,,,,,
3564,286.0617224000007,26.421875,-18.4375,-23.09375,-26.421875,,296.18560791015625,,,,,,
3565,286.13904490000095,-51.125,-19.21875,72.125,51.125,,296.18560791015625,,,,,,
3566,286.21481890000086,-25.640625,-24.75,62.6875,25.640625,,296.18560791015625,,,,,,
3567,286.2914296000008,-60.78125,-27.59375,86.375,60.78125,,296.18560791015625,,,,,,
3568,286.3706736000004,-65.5625,-18.0625,96.875,65.5625,,296.18560791015625,,,,,,
3569,286.44840250000107,12.125,-14.8359375,-8.4765625,-12.125,,296.18560791015625,,,,,,
3570,286.52438410000104,41.65625,-23.15625,-8.5390625,-41.65625,,296.18560791015625,,,,,,
3571,286.6021101000006,-24.3125,-29.59375,42.25,24.3125,,296.18560791015625,,,,,,
3572,286.6784174000004,67.1875,-30.625,2.962890625,-67.1875,,296.18560791015625,,,,,,
3573,286.75641240000095,99.875,-37.65625,-38.40625,-99.875,,296.18560791015625,,,,,,
3574,286.835113000001,-32.0625,-29.375,61.65625,32.0625,,296.18560791015625,,,,,,
3575,286.91208090000055,-118.75,-60.375,162.375,118.75,,296.18560791015625,,,,,,
3576,286.9876333000011,-34.5625,-21.6875,87.3125,34.5625,,296.18560791015625,,,,,,
3577,287.0651718000008,16.375,-25.890625,12.4296875,-16.375,,296.18560791015625,,,,,,
3578,287.14199420000114,83.5625,-27.90625,-55.46875,-83.5625,,296.18560791015625,,,,,,
3579,287.2197634000004,9.1640625,-17.84375,2.123046875,-9.1640625,,296.18560791015625,,,,,,
3580,287.3034381000007,-72.375,-42.90625,89.5,72.375,,296.18560791015625,,9.36106014251709,1.6646448373794556,6.436983108520508,9.496644973754883,11.9922456741333
3581,287.38169630000084,-35.1875,0.875,61.8125,35.1875,,296.18560791015625,,,,,,
3582,287.4593459000007,31.15625,-28.96875,19.734375,-31.15625,,296.18560791015625,,,,,,
3583,287.5340687000007,4.796875,-24.96875,24.078125,-4.796875,,296.18560791015625,,,,,,
3584,287.6108574000009,23.640625,-19.015625,-14.921875,-23.640625,,296.18560791015625,,,,,,
3585,287.6903471000005,-59.84375,-24.625,80.0,59.84375,,296.18560791015625,,,,,,
3586,287.7678620000006,13.171875,-17.25,31.53125,-13.171875,,296.18560791015625,,,,,,
3587,287.84429550000095,57.96875,-24.9375,-20.9375,-57.96875,,296.18560791015625,,,,,,
3588,287.92277040000045,75.5,-28.84375,-33.53125,-75.5,,296.18560791015625,,,,,,
3589,288.00055260000045,-22.5625,-5.875,42.53125,22.5625,,296.18560791015625,,,,,,
3590,288.08082000000104,-93.0625,-35.8125,119.5625,93.0625,,296.18560791015625,,,,,,
3591,288.1573739000005,-23.34375,2.4375,69.1875,23.34375,,296.18560791015625,,,,,,
3592,288.2339896000003,64.25,-28.28125,-16.25,-64.25,,296.18560791015625,,,,,,
3593,288.31337750000057,94.0625,-26.90625,-48.53125,-94.0625,,296.18560791015625,,,,,,
3594,288.39310280000063,-69.5625,-9.09375,31.203125,69.5625,,296.18560791015625,,,,,,
3595,288.47050970000055,-111.5,-32.6875,118.0,111.5,,296.18560791015625,,,,,,
3596,288.5476363000007,-22.59375,-24.5,65.125,22.59375,,296.18560791015625,,,,,,
3597,288.623940200001,125.5,-46.625,-49.4375,-125.5,,296.18560791015625,,,,,,
3598,288.70217200000025,-10.09375,-31.125,29.703125,10.09375,,296.18560791015625,,,,,,
3599,288.7801031000008,-107.375,-58.5,108.6875,107.375,,296.18560791015625,,,,,,
3600,288.8648107000008,87.3125,-20.5625,-21.4375,-87.3125,,296.18560791015625,,8.338357925415039,0.9369399547576904,6.924017906188965,8.338881492614746,9.723103523254395
3601,288.9436370000003,87.125,-30.40625,-54.53125,-87.125,,296.18560791015625,,,,,,
3602,289.02234470000076,53.53125,-27.5,-33.96875,-53.53125,,296.18560791015625,,,,,,
3603,289.1007522000009,-74.0,-23.75,63.5625,74.0,,296.18560791015625,,,,,,
3604,289.1790804000011,-173.625,-89.875,219.625,173.625,,296.18560791015625,,,,,,
3605,289.25798080000095,-96.25,62.0,121.625,96.25,,296.18560791015625,,,,,,
3606,289.33648540000104,-5.7421875,-18.859375,-5.15625,5.7421875,,296.18560791015625,,,,,,
3607,289.415621000001,123.8125,-21.5,-102.3125,-123.8125,,296.18560791015625,,,,,,
3608,289.49317860000065,108.875,0.6875,-108.125,-108.875,,296.18560791015625,,,,,,
3609,289.5699867000003,29.375,-20.25,-5.95703125,-29.375,,296.18560791015625,,,,,,
3610,289.6504638000006,-101.8125,-74.625,138.375,101.8125,,296.18560791015625,,,,,,
3611,289.72735850000026,-141.875,-14.25,150.875,141.875,,296.18560791015625,,,,,,
3612,289.8053996000008,-89.6875,10.8125,125.8125,89.6875,,296.18560791015625,,,,,,
3613,289.8836572000009,192.75,-62.75,-83.75,-192.75,,296.18560791015625,,,,,,
3614,289.9640261000004,92.8125,-27.5,-69.25,-92.8125,,296.18560791015625,,,,,,
3615,290.04233100000056,10.96875,-14.65625,-10.609375,-10.96875,,296.18560791015625,,,,,,
3616,290.12153090000083,-31.5625,-25.046875,43.4375,31.5625,,296.18560791015625,,,,,,
3617,290.1995104000007,-119.6875,-50.3125,123.5,119.6875,,296.18560791015625,,,,,,
3618,290.27645740000025,-105.875,-27.375,136.375,105.875,,296.18560791015625,,,,,,
3619,290.353840400001,25.125,-0.265625,10.546875,-25.125,,296.18560791015625,,,,,,
3620,290.4373824000004,230.0,-112.5,-100.0,-230.0,,296.18560791015625,,12.436115264892578,2.3481805324554443,7.154613971710205,13.09334945678711,15.233732223510742
3621,290.5269878000008,151.75,-32.0,-103.5,-151.75,,296.18560791015625,,,,,,
3622,290.6030843000008,25.34375,-12.78125,-2.5234375,-25.34375,,296.18560791015625,,,,,,
3623,290.67995470000096,-69.5625,-65.8125,122.375,69.5625,,296.18560791015625,,,,,,
3624,290.75844980000056,-190.125,-22.625,204.125,190.125,,296.18560791015625,,,,,,
3625,290.83585530000073,-167.125,13.25,160.0,167.125,,296.18560791015625,,,,,,
3626,290.9169709000007,77.1875,-34.21875,16.8125,-77.1875,,296.18560791015625,,,,,,
3627,290.99372420000054,177.0,-51.625,-120.875,-177.0,,296.18560791015625,,,,,,
3628,291.07020730000113,160.375,-23.875,-123.875,-160.375,,296.18560791015625,,,,,,
3629,291.1482629000011,118.875,-12.6875,-110.375,-118.875,,296.18560791015625,,,,,,
3630,291.22558130000107,70.875,-18.8125,-48.75,-70.875,,296.18560791015625,,,,,,
3631,291.30328570000074,8.21875,-24.96875,-7.43359375,-8.21875,,296.18560791015625,,,,,,
3632,291.3808659000006,-115.0625,-55.6875,128.75,115.0625,,296.18560791015625,,,,,,
3633,291.45947180000076,-179.375,-15.875,196.375,179.375,,296.18560791015625,,,,,,
3634,291.53715920000104,-140.75,-17.625,162.875,140.75,,296.18560791015625,,,,,,
3635,291.6142396000005,45.40625,-28.0,-12.3125,-45.40625,,296.18560791015625,,,,,,
3636,291.69458530000065,134.25,-48.875,-67.1875,-134.25,,296.18560791015625,,,,,,
3637,291.7719169000011,6.00390625,-11.28125,-29.46875,-6.00390625,,296.18560791015625,,,,,,
3638,291.85001510000075,-19.75,-19.390625,48.09375,19.75,,296.18560791015625,,,,,,
3639,291.9301398000007,-8.0625,-30.765625,40.0,8.0625,,296.18560791015625,,,,,,
3640,292.01459440000053,-19.25,-29.3125,26.34375,19.25,,296.18560791015625,,7.837957382202148,0.6430965662002563,6.838504791259766,7.871662139892578,8.839599609375
3641,292.0946571000004,-9.2421875,-16.75,7.6328125,9.2421875,,296.18560791015625,,,,,,
3642,292.1723617000007,58.0625,-20.6875,-41.59375,-58.0625,,296.18560791015625,,,,,,
3643,292.2484751000011,60.375,-14.3125,-45.0625,-60.375,,296.18560791015625,,,,,,
3644,292.32610380000096,40.1875,-24.0,7.625,-40.1875,,296.18560791015625,,,,,,
3645,292.40270240000063,-2.216796875,-18.53125,30.546875,2.216796875,,296.18560791015625,,,,,,
3646,292.4817987000006,-64.5625,-32.375,61.9375,64.5625,,296.18560791015625,,,,,,
3647,292.5615233000008,-103.25,-17.0,119.9375,103.25,,296.18560791015625,,,,,,
3648,292.63754340000105,-78.625,-29.5625,117.5,78.625,,296.18560791015625,,,,,,
3649,292.7185960000006,60.34375,-25.4375,7.90234375,-60.34375,,296.18560791015625,,,,,,
3650,292.79454650000025,75.9375,-17.0,-76.375,-75.9375,,296.18560791015625,,,,,,
3651,292.8807144000011,77.0,-22.0625,-64.125,-77.0,,296.18560791015625,,,,,,
3652,292.95908820000113,3.119140625,-19.78125,23.828125,-3.119140625,,296.18560791015625,,,,,,
3653,293.0355836000008,-74.25,-26.5,79.1875,74.25,,296.18560791015625,,,,,,
3654,293.11361000000034,-31.390625,-16.03125,67.9375,31.390625,,296.18560791015625,,,,,,
3655,293.1923822000008,16.546875,-25.640625,27.15625,-16.546875,,296.18560791015625,,,,,,
3656,293.2695384000008,48.15625,-14.78125,-33.40625,-48.15625,,296.18560791015625,,,,,,
3657,293.3487173000003,94.125,-31.65625,-59.78125,-94.125,,296.18560791015625,,,,,,
3658,293.4266329000011,34.5625,-1.25,-59.09375,-34.5625,,296.18560791015625,,,,,,
3659,293.5044353000003,-93.5625,-23.4375,89.75,93.5625,,296.18560791015625,,,,,,
3660,293.58713310000076,-141.875,-43.125,176.625,141.875,,296.18560791015625,,11.057461738586426,2.2350242137908936,6.2858500480651855,11.156210899353027,14.532597541809082
3661,293.66841980000027,-127.625,-41.625,195.0,127.625,,296.18560791015625,,,,,,
3662,293.746296100001,75.0625,-24.09375,-9.7578125,-75.0625,,296.18560791015625,,,,,,
3663,293.82421260000046,255.625,-70.625,-155.375,-255.625,,296.18560791015625,,,,,,
3664,293.90349810000043,74.5,58.6875,-162.625,-74.5,,296.18560791015625,,,,,,
3665,293.98034630000075,-16.84375,-28.15625,44.40625,16.84375,,296.18560791015625,,,,,,
3666,294.0629267000004,-109.0,-27.9375,125.3125,109.0,,296.18560791015625,,,,,,
3667,294.166554800001,-109.4375,-11.8125,128.75,109.4375,,296.18560791015625,,,,,,
3668,294.24402780000037,91.25,-28.84375,-13.6796875,-91.25,,296.18560791015625,,,,,,
3669,294.32141520000096,140.875,-40.375,-52.9375,-140.875,,296.18560791015625,,,,,,
3670,294.4002272000007,53.25,-15.75,-39.375,-53.25,,296.18560791015625,,,,,,
3671,294.47894130000077,97.9375,-22.9375,-69.0,-97.9375,,296.18560791015625,,,,,,
3672,294.56349220000084,9.4140625,-26.625,5.671875,-9.4140625,,296.18560791015625,,,,,,
3673,294.6502311000004,-19.0625,-27.09375,34.46875,19.0625,,296.18560791015625,,,,,,
3674,294.73028720000093,-21.921875,-27.40625,15.78125,21.921875,,296.18560791015625,,,,,,
3675,294.8073034000008,39.1875,-18.328125,-11.46875,-39.1875,,296.18560791015625,,,,,,
3676,294.88613200000054,46.1875,-23.75,-12.5703125,-46.1875,,296.18560791015625,,,,,,
3677,294.9630584000006,14.5546875,-22.875,0.484130859375,-14.5546875,,296.18560791015625,,,,,,
3678,295.0401524000008,41.65625,-27.46875,19.703125,-41.65625,,296.18560791015625,,,,,,
3679,295.117379100001,-2.671875,-24.921875,8.8125,2.671875,,296.18560791015625,,,,,,
3680,295.1997029000004,-83.25,-63.375,100.875,83.25,,296.18560791015625,,10.100337982177734,1.757138729095459,6.865806579589844,10.387741088867188,12.434274673461914
3681,295.2760298000003,-78.375,5.8125,121.875,78.375,,296.18560791015625,,,,,,
3682,295.35263980000036,163.5,-38.5625,-92.9375,-163.5,,296.18560791015625,,,,,,
3683,295.4287453000006,128.125,9.875,-147.0,-128.125,,296.18560791015625,,,,,,
3684,295.50633690000086,45.75,-22.78125,-17.03125,-45.75,,296.18560791015625,,,,,,
3685,295.58313680000083,-52.3125,-28.125,78.5,52.3125,,296.18560791015625,,,,,,
3686,295.65943900000093,-73.5,-25.0625,91.0,73.5,,296.18560791015625,,,,,,
3687,295.73450460000095,2.1953125,-33.125,55.71875,-2.1953125,,296.18560791015625,,,,,,
3688,295.8108383000008,-2.859375,-7.18359375,-6.84765625,2.859375,,296.18560791015625,,,,,,
3689,295.8899042000003,41.59375,-34.21875,-11.78125,-41.59375,,296.18560791015625,,,,,,
3690,295.9671272000005,37.625,-10.78125,-24.4375,-37.625,,296.18560791015625,,,,,,
3691,296.0463391000003,-35.53125,-18.3125,75.5,35.53125,,296.18560791015625,,,,,,
3692,296.1235964000007,-60.90625,27.8125,85.9375,60.90625,,296.18560791015625,,,,,,
3693,296.19994790000055,-32.4375,-7.21875,65.375,32.4375,,296.18560791015625,,,,,,
3694,296.27784730000076,10.65625,-26.25,4.6484375,-10.65625,,296.18560791015625,,,,,,
3695,296.3555572000005,35.75,-29.234375,-7.015625,-35.75,,296.18560791015625,,,,,,
3696,296.4316604000005,106.4375,-11.6875,-77.0625,-106.4375,,296.18560791015625,,,,,,
3697,296.5116246000007,40.71875,-22.296875,-21.296875,-40.71875,,296.18560791015625,,,,,,
3698,296.5879552000006,-20.078125,-25.40625,21.3125,20.078125,,296.18560791015625,,,,,,
3699,296.66547980000087,-27.78125,-10.03125,36.21875,27.78125,,296.18560791015625,,,,,,
3700,296.74647240000104,-15.9140625,-20.0,68.0,15.9140625,,296.18560791015625,,7.811442852020264,0.6492300629615784,6.769320964813232,7.799050331115723,8.877443313598633
3701,296.82359670000096,54.0625,-35.5,15.9921875,-54.0625,,296.18560791015625,,,,,,
3702,296.90641980000055,-35.0625,-30.421875,33.78125,35.0625,,296.18560791015625,,,,,,
3703,296.99353090000113,-133.25,-33.0,159.375,133.25,,296.18560791015625,,,,,,
3704,297.0717398000006,19.9375,-25.28125,13.453125,-19.9375,,296.18560791015625,,,,,,
3705,297.16367620000074,-7.375,-32.03125,40.875,7.375,,296.18560791015625,,,,,,
3706,297.250272100001,-98.9375,-19.4375,121.8125,98.9375,,296.18560791015625,,,,,,
3707,297.3315997000009,-63.5625,-33.09375,75.1875,63.5625,,296.18560791015625,,,,,,
3708,297.41483060000064,30.78125,5.0703125,-1.4814453125,-30.78125,,296.18560791015625,,,,,,
3709,297.5016619000007,76.6875,-20.0,-76.625,-76.6875,,296.18560791015625,,,,,,
3710,297.5819268000005,126.8125,-57.75,-45.25,-126.8125,,296.18560791015625,,,,,,
3711,297.66715680000107,46.4375,-1.25,-58.9375,-46.4375,,296.18560791015625,,,,,,
3712,297.74701110000115,-11.078125,-15.6953125,1.53125,11.078125,,296.18560791015625,,,,,,
3713,297.82553910000024,-80.4375,-28.6875,97.25,80.4375,,296.18560791015625,,,,,,
3714,297.9059154000006,-75.5,-1.375,85.625,75.5,,296.18560791015625,,,,,,
3715,297.98998050000046,-45.1875,-18.15625,65.625,45.1875,,296.18560791015625,,,,,,
3716,298.06768190000093,108.6875,-34.3125,-46.5,-108.6875,,296.18560791015625,,,,,,
3717,298.1478936000003,117.0,0.25,-118.125,-117.0,,296.18560791015625,,,,,,
3718,298.2289459000003,101.4375,-20.0,-65.1875,-101.4375,,296.18560791015625,,,,,,
3719,298.3095041000006,111.625,-14.0,-95.5,-111.625,,296.18560791015625,,,,,,
3720,298.39467820000027,-43.375,-47.25,28.84375,43.375,,296.18560791015625,,9.261817932128906,1.4411804676055908,7.0687456130981445,9.388991355895996,11.586358070373535
3721,298.4756535000006,-4.7734375,-6.796875,33.0625,4.7734375,,296.18560791015625,,,,,,
3722,298.5540759000005,13.6484375,-18.890625,9.9765625,-13.6484375,,296.18560791015625,,,,,,
3723,298.6311575000009,82.9375,-27.3125,-38.125,-82.9375,,296.18560791015625,,,,,,
3724,298.7103035000009,-13.765625,-15.578125,0.5087890625,13.765625,,296.18560791015625,,,,,,
3725,298.796975700001,10.0390625,-5.34375,51.5,-10.0390625,,296.18560791015625,,,,,,
3726,298.8760785000004,65.5625,-5.0625,-85.75,-65.5625,,296.18560791015625,,,,,,
3727,298.95511480000096,26.796875,-7.4453125,-2.0390625,-26.796875,,296.18560791015625,,,,,,
3728,299.03310500000043,66.625,-28.625,-25.8125,-66.625,,296.18560791015625,,,,,,
3729,299.1122507000009,10.03125,-11.609375,-23.265625,-10.03125,,296.18560791015625,,,,,,
3730,299.19079370000054,-34.65625,-29.53125,64.0625,34.65625,,296.18560791015625,,,,,,
3731,299.2705564000007,-28.453125,-14.9375,58.5,28.453125,,296.18560791015625,,,,,,
3732,299.3538630000003,57.34375,-29.875,13.0703125,-57.34375,,296.18560791015625,,,,,,
3733,299.4373084000008,-20.875,-18.953125,37.75,20.875,,296.18560791015625,,,,,,
3734,299.51973070000076,-9.15625,-18.4375,29.984375,9.15625,,296.18560791015625,,,,,,
3735,299.59963210000114,14.0859375,-13.125,31.609375,-14.0859375,,296.18560791015625,,,,,,
3736,299.6781200000005,-17.640625,-15.171875,33.5625,17.640625,,296.18560791015625,,,,,,
3737,299.75558100000035,-58.15625,-24.6875,74.25,58.15625,,296.18560791015625,,,,,,
3738,299.83296940000037,-95.5625,-22.40625,81.5,95.5625,,296.18560791015625,,,,,,
3739,299.9147688000003,39.28125,-25.734375,11.1171875,-39.28125,,296.18560791015625,,,,,,
3740,299.99963540000044,95.625,-35.84375,-23.0,-95.625,,296.18560791015625,,9.243331909179688,1.156057357788086,6.83876895904541,9.257511138916016,10.730141639709473
3741,300.0792250000004,71.375,7.1875,-104.1875,-71.375,,296.18560791015625,,,,,,
3742,300.1571958000004,-27.046875,-27.90625,32.3125,27.046875,,296.18560791015625,,,,,,
3743,300.236670700001,-4.9765625,-8.796875,29.484375,4.9765625,,296.18560791015625,,,,,,
3744,300.3169291000004,62.25,-16.84375,-51.84375,-62.25,,296.18560791015625,,,,,,
3745,300.398212600001,-19.71875,-16.03125,16.6875,19.71875,,296.18560791015625,,,,,,
3746,300.4788008000005,90.1875,-17.375,-45.53125,-90.1875,,296.18560791015625,,,,,,
3747,300.55715130000044,59.0625,-23.6875,-24.0,-59.0625,,296.18560791015625,,,,,,
3748,300.63565110000036,-85.625,-58.28125,100.4375,85.625,,296.18560791015625,,,,,,
3749,300.7144995000008,-74.0625,-26.5625,91.375,74.0625,,296.18560791015625,,,,,,
3750,300.7945825000006,25.65625,-16.578125,30.46875,-25.65625,,296.18560791015625,,,,,,
3751,300.8755529000009,125.75,-35.3125,-72.6875,-125.75,,296.18560791015625,,,,,,
3752,300.95485970000027,64.9375,-17.0,-78.125,-64.9375,,296.18560791015625,,,,,,
3753,301.035404700001,0.163330078125,-15.3828125,-4.8203125,-0.163330078125,,296.18560791015625,,,,,,
3754,301.1137776000005,-45.4375,-27.890625,45.25,45.4375,,296.18560791015625,,,,,,
3755,301.1907189000003,12.0234375,-14.28125,27.421875,-12.0234375,,296.18560791015625,,,,,,
3756,301.26792190000106,-5.30078125,-11.9453125,15.9609375,5.30078125,,296.18560791015625,,,,,,
3757,301.34703530000024,-17.390625,-14.96875,74.375,17.390625,,296.18560791015625,,,,,,
3758,301.4258406000008,3.17578125,-18.65625,2.24609375,-3.17578125,,296.18560791015625,,,,,,
3759,301.50480140000036,22.1875,-19.78125,-13.75,-22.1875,,296.18560791015625,,,,,,
3760,301.59063120000064,57.15625,1.0,-84.8125,-57.15625,,296.18560791015625,,8.431191444396973,1.0183484554290771,7.200002193450928,8.266637802124023,10.214798927307129
3761,301.66693270000087,3.228515625,-23.265625,-2.244140625,-3.228515625,,296.18560791015625,,,,,,
3762,301.7441125000005,62.4375,-19.78125,-26.5,-62.4375,,296.18560791015625,,,,,,
3763,301.8222506000011,56.4375,-24.890625,-21.296875,-56.4375,,296.18560791015625,,,,,,
3764,301.89950280000085,-7.796875,-13.8984375,12.203125,7.796875,,296.18560791015625,,,,,,
3765,301.97876990000077,-74.875,-58.75,119.75,74.875,,296.18560791015625,,,,,,
3766,302.0563482000007,-34.59375,-14.96875,65.8125,34.59375,,296.18560791015625,,,,,,
3767,302.1341059000006,97.5625,-32.90625,-56.34375,-97.5625,,296.18560791015625,,,,,,
3768,302.2116687000007,85.625,-12.5625,-69.4375,-85.625,,296.18560791015625,,,,,,
3769,302.29044970000086,-30.484375,-33.28125,16.96875,30.484375,,296.18560791015625,,,,,,
3770,302.36688890000096,-61.0,5.125,64.25,61.0,,296.18560791015625,,,,,,
3771,302.4453338000003,-72.4375,-5.5625,80.875,72.4375,,296.18560791015625,,,,,,
3772,302.52210240000113,140.75,-18.75,-34.125,-140.75,,296.18560791015625,,,,,,
3773,302.5998397000003,91.3125,-20.6875,-64.9375,-91.3125,,296.18560791015625,,,,,,
3774,302.6777488000007,39.75,-18.671875,-30.203125,-39.75,,296.18560791015625,,,,,,
3775,302.75704530000075,52.84375,-17.78125,-38.125,-52.84375,,296.18560791015625,,,,,,
3776,302.83404950000113,43.21875,-13.15625,-56.21875,-43.21875,,296.18560791015625,,,,,,
3777,302.9144821000009,41.65625,-20.578125,-20.390625,-41.65625,,296.18560791015625,,,,,,
3778,302.9914881000004,0.8603515625,-19.234375,7.23828125,-0.8603515625,,296.18560791015625,,,,,,
3779,303.06926850000036,85.5625,-21.53125,-43.15625,-85.5625,,296.18560791015625,,,,,,
3780,303.1521347000007,3.21875,-20.046875,17.703125,-3.21875,,296.18560791015625,,7.474152088165283,0.6414750814437866,6.342961311340332,7.459497451782227,8.567403793334961
3781,303.2327034000009,-1.4560546875,-33.4375,17.171875,1.4560546875,,296.18560791015625,,,,,,
3782,303.309803000001,-29.890625,-23.546875,38.8125,29.890625,,296.18560791015625,,,,,,
3783,303.38827990000027,62.0625,-9.453125,-29.734375,-62.0625,,296.18560791015625,,,,,,
3784,303.46732930000053,60.78125,-18.0,-38.34375,-60.78125,,296.18560791015625,,,,,,
3785,303.5470281000007,24.890625,-24.71875,-11.90625,-24.890625,,296.18560791015625,,,,,,
3786,303.62467600000036,-0.0382080078125,-21.03125,33.1875,0.0382080078125,,296.18560791015625,,,,,,
3787,303.70210770000085,-41.28125,-26.59375,40.53125,41.28125,,296.18560791015625,,,,,,
3788,303.7784765000006,-94.0,-28.875,116.25,94.0,,296.18560791015625,,,,,,
3789,303.8585698000006,84.375,-22.0,-36.6875,-84.375,,296.18560791015625,,,,,,
3790,303.9356503000008,62.9375,-21.0625,-38.59375,-62.9375,,296.18560791015625,,,,,,
3791,304.01476100000036,-0.423583984375,-31.375,39.46875,0.423583984375,,296.18560791015625,,,,,,
3792,304.0939408000004,127.875,-23.5,-74.375,-127.875,,296.18560791015625,,,,,,
3793,304.17390310000064,51.84375,-10.375,-74.6875,-51.84375,,296.18560791015625,,,,,,
3794,304.2543196000006,32.0625,-17.78125,-36.4375,-32.0625,,296.18560791015625,,,,,,
3795,304.3325760000007,-34.0,-11.03125,57.84375,34.0,,296.18560791015625,,,,,,
3796,304.41135140000097,-55.0625,-41.6875,111.875,55.0625,,296.18560791015625,,,,,,
3797,304.490574800001,43.875,-21.09375,-17.46875,-43.875,,296.18560791015625,,,,,,
3798,304.5704254000011,74.0625,-22.8125,-65.6875,-74.0625,,296.18560791015625,,,,,,
3799,304.6466334000006,78.25,-34.875,-65.5,-78.25,,296.18560791015625,,,,,,
3800,304.7296085000007,33.09375,-9.171875,-27.109375,-33.09375,,296.18560791015625,,6.702374458312988,0.5163595676422119,6.007926940917969,6.596626281738281,7.6837873458862305
3801,304.8096727000011,35.4375,-23.4375,-5.6953125,-35.4375,,296.18560791015625,,,,,,
3802,304.8864209000003,-21.1875,-22.90625,10.8828125,21.1875,,296.18560791015625,,,,,,
3803,304.96332150000035,-20.953125,-19.203125,47.09375,20.953125,,296.18560791015625,,,,,,
3804,305.0386143000005,-56.9375,-6.25,84.9375,56.9375,,296.18560791015625,,,,,,
3805,305.1146122000009,-106.375,-16.3125,114.9375,106.375,,296.18560791015625,,,,,,
3806,305.19250100000045,-8.6796875,-15.078125,39.34375,8.6796875,,296.18560791015625,,,,,,
3807,305.26960750000035,85.625,-35.125,-52.4375,-85.625,,296.18560791015625,,,,,,
3808,305.3472849000009,17.953125,-18.734375,-19.171875,-17.953125,,296.18560791015625,,,,,,
3809,305.42555360000097,-11.0078125,-24.5625,4.31640625,11.0078125,,296.18560791015625,,,,,,
3810,305.50481730000047,-56.34375,-51.6875,87.6875,56.34375,,296.18560791015625,,,,,,
3811,305.5819433000006,-4.6171875,-10.390625,21.140625,4.6171875,,296.18560791015625,,,,,,
3812,305.65963420000026,161.125,-28.6875,-106.5625,-161.125,,296.18560791015625,,,,,,
3813,305.7360737000008,118.6875,-20.0625,-126.8125,-118.6875,,296.18560791015625,,,,,,
3814,305.81315130000075,0.8603515625,-17.703125,10.2109375,-0.8603515625,,296.18560791015625,,,,,,
3815,305.8940704000006,-75.375,-12.5,85.5,75.375,,296.18560791015625,,,,,,
3816,305.972313100001,112.3125,-65.125,17.09375,-112.3125,,296.18560791015625,,,,,,
3817,306.04913360000046,74.0625,-29.59375,-51.28125,-74.0625,,296.18560791015625,,,,,,
3818,306.1255963000003,-7.83984375,-37.625,16.4375,7.83984375,,296.18560791015625,,,,,,
3819,306.2039177000006,-55.875,-22.96875,58.71875,55.875,,296.18560791015625,,,,,,
3820,306.2871404000007,-38.0625,-19.5,46.09375,38.0625,,296.18560791015625,,7.245295524597168,0.6810135245323181,6.407208442687988,7.213177680969238,8.629250526428223
3821,306.36499970000114,57.6875,-21.671875,-4.73828125,-57.6875,,296.18560791015625,,,,,,
3822,306.4424304000004,76.75,-21.25,-68.5,-76.75,,296.18560791015625,,,,,,
3823,306.51923800000077,42.46875,-8.0625,-35.8125,-42.46875,,296.18560791015625,,,,,,
3824,306.59416370000054,52.0,-10.625,-50.71875,-52.0,,296.18560791015625,,,,,,
3825,306.67218180000054,-19.65625,-24.140625,20.390625,19.65625,,296.18560791015625,,,,,,
3826,306.7477286000003,-77.0625,-48.3125,100.3125,77.0625,,296.18560791015625,,,,,,
3827,306.8247373000004,32.03125,-2.046875,20.015625,-32.03125,,296.18560791015625,,,,,,
3828,306.9028739000005,100.9375,-51.6875,-66.375,-100.9375,,296.18560791015625,,,,,,
3829,306.97737040000084,90.3125,0.5625,-100.0625,-90.3125,,296.18560791015625,,,,,,
3830,307.0545957000004,78.375,-6.875,-77.25,-78.375,,296.18560791015625,,,,,,
3831,307.1311140000007,-93.125,-85.625,121.5625,93.125,,296.18560791015625,,,,,,
3832,307.20720580000034,-137.875,-67.6875,185.75,137.875,,296.18560791015625,,,,,,
3833,307.28394630000093,69.5,-18.125,-8.671875,-69.5,,296.18560791015625,,,,,,
3834,307.3607817000011,147.375,-64.4375,-97.0625,-147.375,,296.18560791015625,,,,,,
3835,307.43602530000044,82.375,-8.9375,-95.0625,-82.375,,296.18560791015625,,,,,,
3836,307.5129085000008,-17.90625,-8.953125,4.375,17.90625,,296.18560791015625,,,,,,
3837,307.5887631000005,-43.84375,-22.59375,61.78125,43.84375,,296.18560791015625,,,,,,
3838,307.66523380000035,-46.34375,-55.03125,81.4375,46.34375,,296.18560791015625,,,,,,
3839,307.7427819000004,-87.4375,-29.625,127.5,87.4375,,296.18560791015625,,,,,,
3840,307.82770300000084,153.25,-39.4375,-73.4375,-153.25,,296.18560791015625,,8.141530990600586,0.8037762641906738,6.840768337249756,8.116872787475586,9.493051528930664
3841,307.9062620000004,172.375,-34.0625,-118.1875,-172.375,,296.18560791015625,,,,,,
3842,307.98321230000056,134.5,7.625,-141.5,-134.5,,296.18560791015625,,,,,,
3843,308.0624067000008,-41.8125,-27.921875,56.34375,41.8125,,296.18560791015625,,,,,,
3844,308.14009240000087,-104.875,-18.3125,113.5625,104.875,,296.18560791015625,,,,,,
3845,308.21753890000036,-180.125,-56.25,204.875,180.125,,296.18560791015625,,,,,,
3846,308.29283580000083,96.75,-49.34375,5.96875,-96.75,,296.18560791015625,,,,,,
3847,308.3697733000008,105.9375,-28.375,-76.9375,-105.9375,,296.18560791015625,,,,,,
3848,308.44691690000036,116.25,-25.3125,-77.9375,-116.25,,296.18560791015625,,,,,,
3849,308.5237324000009,38.53125,-22.96875,-33.65625,-38.53125,,296.18560791015625,,,,,,
3850,308.60073940000075,-64.5625,-36.34375,76.125,64.5625,,296.18560791015625,,,,,,
3851,308.68054270000084,-63.5625,-39.09375,97.9375,63.5625,,296.18560791015625,,,,,,
3852,308.75758420000057,-11.4765625,-23.4375,72.875,11.4765625,,296.18560791015625,,,,,,
3853,308.83700880000106,95.75,-17.0,-64.3125,-95.75,,296.18560791015625,,,,,,
3854,308.91481720000047,88.0,-28.125,-53.0625,-88.0,,296.18560791015625,,,,,,
3855,308.99115640000036,-15.3125,-7.15625,21.125,15.3125,,296.18560791015625,,,,,,
3856,309.0729099000009,-44.75,-41.8125,78.75,44.75,,296.18560791015625,,,,,,
3857,309.149430800001,-27.265625,-22.09375,72.875,27.265625,,296.18560791015625,,,,,,
3858,309.2270602000008,56.90625,-18.0,-44.78125,-56.90625,,296.18560791015625,,,,,,
3859,309.3044084000003,71.125,-16.46875,-26.21875,-71.125,,296.18560791015625,,,,,,
3860,309.3864201000006,125.5,-25.25,-72.1875,-125.5,,296.18560791015625,,6.838547706604004,0.7507745027542114,5.779269218444824,6.804494857788086,8.115396499633789
3861,309.46398580000096,38.46875,-26.40625,-48.46875,-38.46875,,296.18560791015625,,,,,,
3862,309.54093640000065,6.3125,-42.5625,-0.23193359375,-6.3125,,296.18560791015625,,,,,,
3863,309.6171488000009,72.8125,-21.546875,-19.859375,-72.8125,,296.18560791015625,,,,,,
3864,309.693197900001,99.1875,-29.78125,-63.21875,-99.1875,,296.18560791015625,,,,,,
3865,309.7707986000005,135.875,-23.75,-128.75,-135.875,,296.18560791015625,,,,,,
3866,309.8477866000003,22.328125,-33.875,-14.75,-22.328125,,296.18560791015625,,,,,,
3867,309.9255273000008,-90.25,-40.4375,107.75,90.25,,296.18560791015625,,,,,,
3868,310.00521240000035,-49.0625,-9.75,94.0,49.0625,,296.18560791015625,,,,,,
3869,310.0840300000009,104.5,-40.5625,-31.484375,-104.5,,296.18560791015625,,,,,,
3870,310.1613126000011,87.9375,-4.0625,-72.625,-87.9375,,296.18560791015625,,,,,,
3871,310.2387112000006,75.375,-15.359375,-31.984375,-75.375,,296.18560791015625,,,,,,
3872,310.3151591000005,26.609375,0.1875,-66.8125,-26.609375,,296.18560791015625,,,,,,
3873,310.393846500001,-23.5,-24.578125,31.28125,23.5,,296.18560791015625,,,,,,
3874,310.4718021000008,-80.8125,-45.6875,93.375,80.8125,,296.18560791015625,,,,,,
3875,310.54744800000026,7.09765625,-11.53125,17.59375,-7.09765625,,296.18560791015625,,,,,,
3876,310.626173300001,75.125,-40.40625,-19.46875,-75.125,,296.18560791015625,,,,,,
3877,310.7103321000004,52.875,6.375,-92.25,-52.875,,296.18560791015625,,,,,,
3878,310.7880986000009,-18.703125,-0.9375,-15.796875,18.703125,,296.18560791015625,,,,,,
3879,310.8651753000004,-4.99609375,-18.59375,8.125,4.99609375,,296.18560791015625,,,,,,
3880,310.9486465000009,21.921875,-36.0625,-3.89453125,-21.921875,,296.18560791015625,,7.675909042358398,1.4430378675460815,4.96124792098999,7.951558589935303,9.819202423095703
3881,311.0276113000009,-3.20703125,-53.8125,50.0625,3.20703125,,296.18560791015625,,,,,,
3882,311.10687250000046,9.1953125,-30.84375,37.3125,-9.1953125,,296.18560791015625,,,,,,
3883,311.18396160000066,91.75,-17.3125,-77.75,-91.75,,296.18560791015625,,,,,,
3884,311.2602398000008,175.625,-32.9375,-105.3125,-175.625,,296.18560791015625,,,,,,
3885,311.33860110000114,63.71875,1.59375,-59.53125,-63.71875,,296.18560791015625,,,,,,
3886,311.4143972000011,-16.28125,-16.59375,-9.0625,16.28125,,296.18560791015625,,,,,,
3887,311.49245770000107,-38.03125,-27.203125,45.03125,38.03125,,296.18560791015625,,,,,,
3888,311.5690245000005,11.6953125,-30.984375,58.4375,-11.6953125,,296.18560791015625,,,,,,
3889,311.6486760000007,-27.578125,-56.1875,87.6875,27.578125,,296.18560791015625,,,,,,
3890,311.72545790000095,-105.0625,-52.0,95.1875,105.0625,,296.18560791015625,,,,,,
3891,311.80376520000027,-6.29296875,-2.3828125,17.03125,6.29296875,,296.18560791015625,,,,,,
3892,311.88122490000114,180.5,-46.75,-92.875,-180.5,,296.18560791015625,,,,,,
3893,311.9588786000004,148.0,-40.375,-87.0625,-148.0,,296.18560791015625,,,,,,
3894,312.0380627000004,79.875,-52.21875,-41.96875,-79.875,,296.18560791015625,,,,,,
3895,312.11643540000114,-14.5859375,-34.875,64.125,14.5859375,,296.18560791015625,,,,,,
3896,312.1930478000004,-54.53125,9.25,82.625,54.53125,,296.18560791015625,,,,,,
3897,312.269994100001,-61.71875,-5.8125,76.5,61.71875,,296.18560791015625,,,,,,
3898,312.3461989000007,31.234375,-14.1875,5.85546875,-31.234375,,296.18560791015625,,,,,,
3899,312.4224189000006,108.3125,-31.21875,-40.09375,-108.3125,,296.18560791015625,,,,,,
3900,312.5065353000009,146.375,-43.375,-74.875,-146.375,,296.18560791015625,,8.590263366699219,1.2232357263565063,6.780196189880371,8.614124298095703,10.68139362335205
3901,312.5845932000011,31.953125,-12.78125,-29.0,-31.953125,,296.18560791015625,,,,,,
3902,312.660657800001,-48.53125,-28.8125,60.15625,48.53125,,296.18560791015625,,,,,,
3903,312.7368940000006,-119.4375,-28.5625,142.5,119.4375,,296.18560791015625,,,,,,
3904,312.81253450000077,-61.90625,-20.5,94.125,61.90625,,296.18560791015625,,,,,,
3905,312.8901435000007,67.6875,-69.1875,3.19140625,-67.6875,,296.18560791015625,,,,,,
3906,312.9676704000003,48.8125,0.4375,-70.375,-48.8125,,296.18560791015625,,,,,,
3907,313.04718630000025,63.125,-22.65625,-44.09375,-63.125,,296.18560791015625,,,,,,
3908,313.12342510000053,-0.323974609375,-74.75,60.59375,0.323974609375,,296.18560791015625,,,,,,
3909,313.20167540000057,-52.59375,-37.71875,82.875,52.59375,,296.18560791015625,,,,,,
3910,313.27906300000086,-38.09375,-18.53125,76.1875,38.09375,,296.18560791015625,,,,,,
3911,313.36013490000096,-34.15625,-20.265625,16.59375,34.15625,,296.18560791015625,,,,,,
3912,313.4380706000011,79.25,-30.40625,-36.03125,-79.25,,296.18560791015625,,,,,,
3913,313.51567610000075,76.375,-26.6875,-48.6875,-76.375,,296.18560791015625,,,,,,
3914,313.5945322000007,39.125,-28.28125,-1.3837890625,-39.125,,296.18560791015625,,,,,,
3915,313.6742658000003,-41.9375,-42.34375,88.5,41.9375,,296.18560791015625,,,,,,
3916,313.75325220000104,-105.9375,-5.5,95.0,105.9375,,296.18560791015625,,,,,,
3917,313.83034490000045,-71.0,-39.0,126.75,71.0,,296.18560791015625,,,,,,
3918,313.90710000000036,117.75,-50.8125,-34.25,-117.75,,296.18560791015625,,,,,,
3919,313.98604950000026,82.125,-19.78125,-63.15625,-82.125,,296.18560791015625,,,,,,
3920,314.0694704000007,22.546875,-1.46875,-54.0,-22.546875,,296.18560791015625,,7.962392807006836,0.6993268728256226,6.9133381843566895,7.893332481384277,9.034388542175293
3921,314.14786750000076,13.9921875,-18.3125,29.96875,-13.9921875,,296.18560791015625,,,,,,
3922,314.24629390000064,-42.9375,-21.375,33.3125,42.9375,,296.18560791015625,,,,,,
3923,314.3412315000005,-73.0,-66.25,139.25,73.0,,296.18560791015625,,,,,,
3924,314.4197913000007,-29.125,22.375,34.03125,29.125,,296.18560791015625,,,,,,
3925,314.49761130000024,67.375,-25.546875,-29.796875,-67.375,,296.18560791015625,,,,,,
3926,314.57526550000057,125.125,-33.25,-66.1875,-125.125,,296.18560791015625,,,,,,
3927,314.6529676000009,93.4375,18.875,-99.0,-93.4375,,296.18560791015625,,,,,,
3928,314.7318743000005,7.7734375,-52.90625,-6.69140625,-7.7734375,,296.18560791015625,,,,,,
3929,314.8094561000007,-48.4375,-45.0625,76.125,48.4375,,296.18560791015625,,,,,,
3930,314.8881334000007,-157.875,-56.625,192.125,157.875,,296.18560791015625,,,,,,
3931,314.9683214000006,-104.75,-15.0,137.0,104.75,,296.18560791015625,,,,,,
3932,315.0474320000003,68.6875,-50.125,25.828125,-68.6875,,296.18560791015625,,,,,,
3933,315.1278923000009,76.75,-42.03125,-39.15625,-76.75,,296.18560791015625,,,,,,
3934,315.2078566000009,42.65625,-24.0,12.8203125,-42.65625,,296.18560791015625,,,,,,
3935,315.28490110000075,56.84375,-14.65625,-52.09375,-56.84375,,296.18560791015625,,,,,,
3936,315.36368030000085,29.984375,-20.21875,0.61962890625,-29.984375,,296.18560791015625,,,,,,
3937,315.4419194000011,-42.8125,-26.0,89.9375,42.8125,,296.18560791015625,,,,,,
3938,315.51829270000053,-150.0,-44.375,170.125,150.0,,296.18560791015625,,,,,,
3939,315.5964457000009,-56.96875,-7.4375,101.5,56.96875,,296.18560791015625,,,,,,
3940,315.68015280000054,43.46875,-29.59375,-12.8515625,-43.46875,,296.18560791015625,,7.828324317932129,0.8868223428726196,6.683640956878662,7.636253356933594,9.350296020507812
3941,315.75633110000035,47.625,9.625,-60.8125,-47.625,,296.18560791015625,,,,,,
3942,315.831779600001,56.28125,-25.0,-3.45703125,-56.28125,,296.18560791015625,,,,,,
3943,315.9084894000007,34.9375,-5.5625,-66.75,-34.9375,,296.18560791015625,,,,,,
3944,315.98463080000056,-63.71875,-18.125,77.375,63.71875,,296.18560791015625,,,,,,
3945,316.0625340000006,-58.65625,-42.3125,127.4375,58.65625,,296.18560791015625,,,,,,
3946,316.1402968000011,-76.6875,-41.1875,111.8125,76.6875,,296.18560791015625,,,,,,
3947,316.2182492000011,-62.75,-23.6875,35.53125,62.75,,296.18560791015625,,,,,,
3948,316.295518500001,112.4375,-17.9375,-17.8125,-112.4375,,296.18560791015625,,,,,,
3949,316.3733678000008,109.1875,-57.5,-92.5,-109.1875,,296.18560791015625,,,,,,
3950,316.4507261000008,98.4375,17.5625,-116.6875,-98.4375,,296.18560791015625,,,,,,
3951,316.5272599000009,-5.7421875,-19.46875,23.421875,5.7421875,,296.18560791015625,,,,,,
3952,316.60330150000027,-39.0,-42.1875,56.21875,39.0,,296.18560791015625,,,,,,
3953,316.6804800000009,19.796875,-25.21875,35.3125,-19.796875,,296.18560791015625,,,,,,
3954,316.75921690000087,11.015625,-36.8125,54.46875,-11.015625,,296.18560791015625,,,,,,
3955,316.8368309000007,-64.75,-14.90625,51.65625,64.75,,296.18560791015625,,,,,,
3956,316.91250800000034,-109.9375,-24.9375,104.0,109.9375,,296.18560791015625,,,,,,
3957,316.99170930000037,-87.375,-20.625,103.0625,87.375,,296.18560791015625,,,,,,
3958,317.06949480000094,-110.125,-48.1875,132.75,110.125,,296.18560791015625,,,,,,
3959,317.15043070000047,-102.25,-21.0,116.5625,102.25,,296.18560791015625,,,,,,
3960,317.2334357000009,56.3125,-15.140625,4.2109375,-56.3125,,296.18560791015625,,6.7303900718688965,0.48286306858062744,5.909268856048584,6.655517578125,7.465836524963379
3961,317.31079950000094,145.375,-48.4375,-81.1875,-145.375,,296.18560791015625,,,,,,
3962,317.3864452000007,122.5,-12.1875,-95.25,-122.5,,296.18560791015625,,,,,,
3963,317.4639117000006,39.15625,-13.0625,-47.15625,-39.15625,,296.18560791015625,,,,,,
3964,317.53999290000047,-19.8125,-21.421875,41.625,19.8125,,296.18560791015625,,,,,,
3965,317.61770460000025,-84.0,-33.3125,103.4375,84.0,,296.18560791015625,,,,,,
3966,317.69312960000025,-118.8125,-45.75,136.625,118.8125,,296.18560791015625,,,,,,
3967,317.7707913000004,71.1875,-2.328125,-17.09375,-71.1875,,296.18560791015625,,,,,,
3968,317.84715980000055,135.75,-59.4375,-70.5625,-135.75,,296.18560791015625,,,,,,
3969,317.92343810000057,25.859375,-11.9375,-39.53125,-25.859375,,296.18560791015625,,,,,,
3970,318.0022717000011,-38.5625,-17.71875,35.59375,38.5625,,296.18560791015625,,,,,,
3971,318.08059850000063,-46.71875,-21.28125,55.0625,46.71875,,296.18560791015625,,,,,,
3972,318.1597711000004,-38.53125,-6.78125,57.46875,38.53125,,296.18560791015625,,,,,,
3973,318.2363619000007,-11.9375,-21.0625,26.5,11.9375,,296.18560791015625,,,,,,
3974,318.31406790000074,-25.8125,-16.125,29.6875,25.8125,,296.18560791015625,,,,,,
3975,318.39160580000043,-86.3125,-20.96875,79.5625,86.3125,,296.18560791015625,,,,,,
3976,318.4676760000011,-60.5,-22.0,91.75,60.5,,296.18560791015625,,,,,,
3977,318.5450324000003,-87.5625,-21.5,113.0,87.5625,,296.18560791015625,,,,,,
3978,318.6212536000003,-70.75,-0.5,104.0625,70.75,,296.18560791015625,,,,,,
3979,318.6988407000008,41.625,6.5625,-37.40625,-41.625,,296.18560791015625,,,,,,
3980,318.78222710000045,122.5625,-32.96875,-49.71875,-122.5625,,296.18560791015625,,8.094972610473633,0.9934642910957336,6.5829668045043945,8.043516159057617,9.589920997619629
3981,318.85844090000046,102.6875,-19.9375,-84.5625,-102.6875,,296.18560791015625,,,,,,
3982,318.93711690000055,-41.0625,-21.875,33.9375,41.0625,,296.18560791015625,,,,,,
3983,319.014748900001,-65.0625,-23.15625,35.84375,65.0625,,296.18560791015625,,,,,,
3984,319.09179180000046,-92.4375,-31.125,96.875,92.4375,,296.18560791015625,,,,,,
3985,319.1687421000006,-83.625,-23.53125,81.375,83.625,,296.18560791015625,,,,,,
3986,319.24718890000076,-1.6845703125,-8.625,37.78125,1.6845703125,,296.18560791015625,,,,,,
3987,319.32288230000086,-53.875,-16.375,91.0,53.875,,296.18560791015625,,,,,,
3988,319.40037510000093,-43.6875,-13.46875,50.09375,43.6875,,296.18560791015625,,,,,,
3989,319.47859620000054,41.78125,-23.015625,-1.869140625,-41.78125,,296.18560791015625,,,,,,
3990,319.553923200001,103.5625,-0.875,-94.375,-103.5625,,296.18560791015625,,,,,,
3991,319.63303950000045,54.3125,-16.96875,-57.84375,-54.3125,,296.18560791015625,,,,,,
3992,319.710640100001,-47.9375,-26.828125,44.625,47.9375,,296.18560791015625,,,,,,
3993,319.7894404000008,-59.78125,-18.5625,79.3125,59.78125,,296.18560791015625,,,,,,
3994,319.86637560000054,-30.046875,-20.0,69.5,30.046875,,296.18560791015625,,,,,,
3995,319.9438125000006,-21.140625,-22.90625,57.71875,21.140625,,296.18560791015625,,,,,,
3996,320.02089290000094,-86.25,-19.75,86.3125,86.25,,296.18560791015625,,,,,,
3997,320.09881080000105,-50.90625,-13.125,62.71875,50.90625,,296.18560791015625,,,,,,
3998,320.17729020000024,-19.046875,-19.609375,39.71875,19.046875,,296.18560791015625,,,,,,
3999,320.2541766000004,-2.55078125,2.625,41.15625,2.55078125,,296.18560791015625,,,,,,
4000,320.33535310000025,19.59375,-10.59375,-12.296875,-19.59375,,296.18560791015625,,7.235800743103027,0.5493137836456299,6.490169525146484,7.149259090423584,8.266890525817871
4001,320.413418600001,-13.5625,-15.4375,55.53125,13.5625,,296.18560791015625,,,,,,
4002,320.49236050000036,-5.828125,-19.484375,27.375,5.828125,,296.18560791015625,,,,,,
4003,320.56945050000104,110.5,-21.6875,-50.375,-110.5,,296.18560791015625,,,,,,
4004,320.6485354000006,38.59375,-14.375,-38.53125,-38.59375,,296.18560791015625,,,,,,
4005,320.7268533000006,-18.5625,-20.828125,18.65625,18.5625,,296.18560791015625,,,,,,
4006,320.8028864000007,-82.0,-33.6875,80.375,82.0,,296.18560791015625,,,,,,
4007,320.88022850000107,-38.0625,-19.96875,30.578125,38.0625,,296.18560791015625,,,,,,
4008,320.9578453000004,54.5625,-17.28125,-11.7734375,-54.5625,,296.18560791015625,,,,,,
4009,321.0402995000004,95.25,-42.75,-27.046875,-95.25,,296.18560791015625,,,,,,
4010,321.118214000001,-45.28125,-13.3828125,13.328125,45.28125,,296.18560791015625,,,,,,
4011,321.1971813000009,-97.3125,-24.5,117.3125,97.3125,,296.18560791015625,,,,,,
4012,321.2745577000005,-67.75,-6.4375,89.125,67.75,,296.18560791015625,,,,,,
4013,321.3502483000011,53.34375,-24.515625,12.75,-53.34375,,296.18560791015625,,,,,,
4014,321.4273015000008,30.578125,-23.53125,-10.9609375,-30.578125,,296.18560791015625,,,,,,
4015,321.5067568000004,-32.21875,-9.71875,35.0,32.21875,,296.18560791015625,,,,,,
4016,321.58540320000066,31.0,-26.796875,17.328125,-31.0,,296.18560791015625,,,,,,
4017,321.66144200000053,-67.8125,-23.5,89.1875,67.8125,,296.18560791015625,,,,,,
4018,321.73833750000085,-109.8125,-24.0625,110.8125,109.8125,,296.18560791015625,,,,,,
4019,321.8170308000008,-98.75,-24.0625,99.6875,98.75,,296.18560791015625,,,,,,
4020,321.89979270000094,85.125,-32.71875,-18.375,-85.125,,296.18560791015625,,7.941272258758545,0.916029155254364,6.537790298461914,7.78817081451416,9.450061798095703
4021,321.9767528000011,160.375,16.25,-173.75,-160.375,,296.18560791015625,,,,,,
4022,322.0561983000007,4.78515625,-23.78125,-37.3125,-4.78515625,,296.18560791015625,,,,,,
4023,322.1316830000005,-107.875,20.6875,99.8125,107.875,,296.18560791015625,,,,,,
4024,322.2105190000011,-42.34375,2.9375,81.875,42.34375,,296.18560791015625,,,,,,
4025,322.28783340000064,104.5625,-55.25,-23.234375,-104.5625,,296.18560791015625,,,,,,
4026,322.36494740000035,60.09375,-30.5,-19.09375,-60.09375,,296.18560791015625,,,,,,
4027,322.4419103000009,85.125,-20.75,-41.9375,-85.125,,296.18560791015625,,,,,,
4028,322.51812040000095,16.125,-6.76953125,-4.80859375,-16.125,,296.18560791015625,,,,,,
4029,322.59513080000033,-85.625,-47.0625,106.6875,85.625,,296.18560791015625,,,,,,
4030,322.6726780000008,-28.859375,9.5,83.25,28.859375,,296.18560791015625,,,,,,
4031,322.7496282000011,-112.3125,-26.0,93.9375,112.3125,,296.18560791015625,,,,,,
4032,322.82558360000075,51.5,-44.5,27.875,-51.5,,296.18560791015625,,,,,,
4033,322.9033143000006,69.3125,-23.53125,-9.875,-69.3125,,296.18560791015625,,,,,,
4034,322.98225170000114,8.8515625,-32.375,42.21875,-8.8515625,,296.18560791015625,,,,,,
4035,323.06254720000106,-39.71875,-6.59375,45.15625,39.71875,,296.18560791015625,,,,,,
4036,323.13896860000114,29.96875,-13.640625,9.8671875,-29.96875,,296.18560791015625,,,,,,
4037,323.21751310000036,3.3515625,-21.984375,15.2578125,-3.3515625,,296.18560791015625,,,,,,
4038,323.29542500000025,-28.828125,-26.1875,44.21875,28.828125,,296.18560791015625,,,,,,
4039,323.3719310000006,75.1875,-35.375,-17.421875,-75.1875,,296.18560791015625,,,,,,
4040,323.4528779000011,-13.2265625,-11.8046875,9.2890625,13.2265625,,296.18560791015625,,7.153846740722656,0.5146329998970032,6.5600056648254395,7.03877592086792,7.920272350311279
4041,323.5312171000005,-77.9375,-62.5,102.6875,77.9375,,296.18560791015625,,,,,,
4042,323.6081501000008,9.296875,-0.78125,10.203125,-9.296875,,296.18560791015625,,,,,,
4043,323.6862278000008,38.1875,-22.390625,-19.203125,-38.1875,,296.18560791015625,,,,,,
4044,323.763737100001,76.375,-30.71875,-6.16015625,-76.375,,296.18560791015625,,,,,,
4045,323.84178730000076,70.3125,-17.5,-3.2734375,-70.3125,,296.18560791015625,,,,,,
4046,323.9179494000009,-36.8125,-18.9375,55.3125,36.8125,,296.18560791015625,,,,,,
4047,323.99790120000034,-81.25,-1.625,110.125,81.25,,296.18560791015625,,,,,,
4048,324.0817756000006,62.40625,-47.96875,33.0625,-62.40625,,296.18560791015625,,,,,,
4049,324.1735604000005,63.40625,4.5625,-97.6875,-63.40625,,296.18560791015625,,,,,,
4050,324.25781820000066,84.25,-23.125,-58.625,-84.25,,296.18560791015625,,,,,,
4051,324.3451367000007,-7.94921875,-37.0,11.703125,7.94921875,,296.18560791015625,,,,,,
4052,324.42318780000096,-49.875,-45.75,80.375,49.875,,296.18560791015625,,,,,,
4053,324.5030026000004,-2.98046875,-19.3125,21.609375,2.98046875,,296.18560791015625,,,,,,
4054,324.5859637000003,70.75,-26.796875,-30.421875,-70.75,,296.18560791015625,,,,,,
4055,324.6673612000004,-8.21875,-24.46875,10.0,8.21875,,296.18560791015625,,,,,,
4056,324.7518832000005,-21.40625,-24.9375,37.4375,21.40625,,296.18560791015625,,,,,,
4057,324.83429090000027,76.125,-21.03125,-37.53125,-76.125,,296.18560791015625,,,,,,
4058,324.9191976000011,116.125,-56.6875,-48.25,-116.125,,296.18560791015625,,,,,,
4059,324.9994327000004,28.46875,11.28125,-71.5,-28.46875,,296.18560791015625,,,,,,
4060,325.0837969000004,-20.484375,-21.421875,40.78125,20.484375,,296.18560791015625,,6.854903697967529,0.44105225801467896,6.3525824546813965,6.767669200897217,7.4742302894592285
4061,325.1626660000011,-71.25,-44.25,80.5625,71.25,,296.18560791015625,,,,,,
4062,325.2396286000003,-41.34375,-39.09375,74.6875,41.34375,,296.18560791015625,,,,,,
4063,325.31530440000097,25.4375,17.96875,10.5859375,-25.4375,,296.18560791015625,,,,,,
4064,325.3927502000006,81.6875,-33.90625,-21.65625,-81.6875,,296.18560791015625,,,,,,
4065,325.47039810000024,94.125,-18.1875,-83.625,-94.125,,296.18560791015625,,,,,,
4066,325.54710720000094,58.65625,-11.84375,-32.15625,-58.65625,,296.18560791015625,,,,,,
4067,325.62477260000105,-58.0625,-40.09375,70.5,58.0625,,296.18560791015625,,,,,,
4068,325.7024683000009,-104.9375,-39.5,99.6875,104.9375,,296.18560791015625,,,,,,
4069,325.77940430000035,-41.25,27.8125,100.1875,41.25,,296.18560791015625,,,,,,
4070,325.8594432000009,113.1875,-16.4375,-66.9375,-113.1875,,296.18560791015625,,,,,,
4071,325.93559340000047,123.5625,-23.5625,-84.8125,-123.5625,,296.18560791015625,,,,,,
4072,326.0147820000011,56.375,7.25,-100.5,-56.375,,296.18560791015625,,,,,,
4073,326.09344840000085,62.28125,-16.1875,-46.53125,-62.28125,,296.18560791015625,,,,,,
4074,326.1734540000007,15.328125,-17.875,-26.78125,-15.328125,,296.18560791015625,,,,,,
4075,326.25429650000024,-126.375,-36.8125,144.875,126.375,,296.18560791015625,,,,,,
4076,326.333107200001,-122.0625,-32.25,163.625,122.0625,,296.18560791015625,,,,,,
4077,326.4121330000007,137.625,-36.71875,-55.21875,-137.625,,296.18560791015625,,,,,,
4078,326.4900946000007,129.625,-11.5,-144.0,-129.625,,296.18560791015625,,,,,,
4079,326.5706816000011,27.03125,1.5,-49.1875,-27.03125,,296.18560791015625,,,,,,
4080,326.65509940000084,18.0,-22.78125,7.8828125,-18.0,,296.18560791015625,,6.349430561065674,0.41288748383522034,5.76344108581543,6.306004524230957,7.010842800140381
4081,326.7324073000009,-57.5,-30.0,56.15625,57.5,,296.18560791015625,,,,,,
4082,326.8121761000011,-35.71875,-22.71875,82.3125,35.71875,,296.18560791015625,,,,,,
4083,326.893036200001,88.8125,-11.609375,-25.796875,-88.8125,,296.18560791015625,,,,,,
4084,326.9775789000005,68.75,-17.5,-79.75,-68.75,,296.18560791015625,,,,,,
4085,327.06507860000056,118.125,-20.5625,-96.8125,-118.125,,296.18560791015625,,,,,,
4086,327.1482801000011,9.828125,-23.65625,-14.9609375,-9.828125,,296.18560791015625,,,,,,
4087,327.2392768000009,-84.1875,-32.21875,93.0625,84.1875,,296.18560791015625,,,,,,
4088,327.3237187000004,-123.9375,-33.0,111.75,123.9375,,296.18560791015625,,,,,,
4089,327.4107623000009,-37.6875,-25.609375,49.25,37.6875,,296.18560791015625,,,,,,
4090,327.495005400001,60.46875,-9.90625,-62.84375,-60.46875,,296.18560791015625,,,,,,
4091,327.58306210000046,16.4375,-8.0390625,-8.7265625,-16.4375,,296.18560791015625,,,,,,
4092,327.6678081000009,-98.9375,-88.5,131.25,98.9375,,296.18560791015625,,,,,,
4093,327.75056140000106,-32.46875,39.75,65.8125,32.46875,,296.18560791015625,,,,,,
4094,327.8328764000007,95.3125,-27.75,-36.4375,-95.3125,,296.18560791015625,,,,,,
4095,327.91370090000055,57.40625,-20.71875,-51.34375,-57.40625,,296.18560791015625,,,,,,
4096,327.9960875000006,47.375,-14.59375,-45.6875,-47.375,,296.18560791015625,,,,,,
4097,328.0779257000004,-85.125,-41.03125,99.0625,85.125,,296.18560791015625,,,,,,
4098,328.1599827000009,-74.875,-2.0625,103.3125,74.875,,296.18560791015625,,,,,,
4099,328.24099280000064,-39.8125,-19.21875,58.9375,39.8125,,296.18560791015625,,,,,,
4100,328.32733200000075,128.25,-21.0,-90.5,-128.25,,296.18560791015625,,8.718164443969727,1.0340676307678223,6.618381023406982,8.882270812988281,10.167073249816895
4101,328.4081109000008,66.375,-18.65625,-37.6875,-66.375,,296.18560791015625,,,,,,
4102,328.48996350000107,56.96875,-16.21875,-47.21875,-56.96875,,296.18560791015625,,,,,,
4103,328.5714923000005,-9.46875,-21.8125,28.28125,9.46875,,296.18560791015625,,,,,,
4104,328.6508291000009,59.9375,-16.65625,-47.46875,-59.9375,,296.18560791015625,,,,,,
4105,328.73294290000104,-5.59765625,-20.8125,10.5859375,5.59765625,,296.18560791015625,,,,,,
4106,328.81344440000066,83.3125,-47.1875,-14.359375,-83.3125,,296.18560791015625,,,,,,
4107,328.89183950000097,96.6875,-19.375,-75.3125,-96.6875,,296.18560791015625,,,,,,
4108,328.97292090000064,-48.65625,-42.84375,43.375,48.65625,,296.18560791015625,,,,,,
4109,329.05397750000066,-127.125,-26.5625,139.375,127.125,,296.18560791015625,,,,,,
4110,329.1357031000007,-129.5,9.375,155.125,129.5,,296.18560791015625,,,,,,
4111,329.21702500000083,66.6875,-46.875,84.5,-66.6875,,296.18560791015625,,,,,,
4112,329.30136870000024,93.1875,-30.390625,-18.890625,-93.1875,,296.18560791015625,,,,,,
4113,329.38476340000034,8.171875,-15.765625,6.37109375,-8.171875,,296.18560791015625,,,,,,
4114,329.4777748000006,27.59375,-12.390625,-12.296875,-27.59375,,296.18560791015625,,,,,,
4115,329.57497610000064,-78.5,-40.9375,116.5625,78.5,,296.18560791015625,,,,,,
4116,329.6605033000005,-48.125,-16.25,80.3125,48.125,,296.18560791015625,,,,,,
4117,329.7478609000009,37.15625,-15.15625,-35.90625,-37.15625,,296.18560791015625,,,,,,
4118,329.82682120000027,150.375,-56.6875,-68.625,-150.375,,296.18560791015625,,,,,,
4119,329.90873490000104,94.8125,17.4375,-128.125,-94.8125,,296.18560791015625,,,,,,
4120,329.99198910000086,14.859375,-15.4140625,-9.0546875,-14.859375,,296.18560791015625,,5.988086700439453,0.3899438977241516,5.4530439376831055,5.924529075622559,6.804823875427246
4121,330.07304470000054,-30.78125,-27.21875,38.59375,30.78125,,296.18560791015625,,,,,,
4122,330.1526119000009,-50.8125,3.0625,78.4375,50.8125,,296.18560791015625,,,,,,
4123,330.23198180000054,-23.90625,-24.4375,51.28125,23.90625,,296.18560791015625,,,,,,
4124,330.31268400000044,94.5625,-15.9375,-83.375,-94.5625,,296.18560791015625,,,,,,
4125,330.3954031000003,87.6875,-1.125,-97.25,-87.6875,,296.18560791015625,,,,,,
4126,330.4752047000011,37.90625,-18.5625,-8.5078125,-37.90625,,296.18560791015625,,,,,,
4127,330.5532310000008,2.6953125,-14.0,9.734375,-2.6953125,,296.18560791015625,,,,,,
4128,330.63117180000063,-54.46875,-60.78125,101.875,54.46875,,296.18560791015625,,,,,,
4129,330.7095921000009,2.197265625,3.203125,13.59375,-2.197265625,,296.18560791015625,,,,,,
4130,330.78990540000086,48.34375,4.03515625,-8.3359375,-48.34375,,296.18560791015625,,,,,,
4131,330.87197900000047,132.0,-32.5,-76.3125,-132.0,,296.18560791015625,,,,,,
4132,330.95183650000035,78.8125,-15.375,-71.3125,-78.8125,,296.18560791015625,,,,,,
4133,331.0311522000011,11.875,-21.515625,-22.421875,-11.875,,296.18560791015625,,,,,,
4134,331.1105200000011,-66.0,-7.90625,65.3125,66.0,,296.18560791015625,,,,,,
4135,331.19439970000076,-46.875,-21.6875,54.84375,46.875,,296.18560791015625,,,,,,
4136,331.27011010000024,-100.375,-15.4375,115.9375,100.375,,296.18560791015625,,,,,,
4137,331.3475423000009,93.375,-39.8125,15.3515625,-93.375,,296.18560791015625,,,,,,
4138,331.42399150000074,50.96875,-15.2421875,2.7890625,-50.96875,,296.18560791015625,,,,,,
4139,331.50284770000053,-6.6328125,-24.390625,30.921875,6.6328125,,296.18560791015625,,,,,,
4140,331.5869930000008,-30.890625,-30.9375,69.4375,30.890625,,296.18560791015625,,7.6214494705200195,0.8870124220848083,5.898343086242676,7.628579139709473,8.880497932434082
4141,331.6639896000006,20.3125,-20.25,-8.2265625,-20.3125,,296.18560791015625,,,,,,
4142,331.740201300001,93.0625,-25.03125,-33.40625,-93.0625,,296.18560791015625,,,,,,
4143,331.81618790000084,6.48046875,-21.625,24.984375,-6.48046875,,296.18560791015625,,,,,,
4144,331.89339440000094,4.35546875,-3.171875,-11.765625,-4.35546875,,296.18560791015625,,,,,,
4145,331.97080200000073,32.625,-19.9375,35.0,-32.625,,296.18560791015625,,,,,,
4146,332.04615340000055,117.75,-33.75,-52.625,-117.75,,296.18560791015625,,,,,,
4147,332.123310500001,22.734375,-24.90625,1.990234375,-22.734375,,296.18560791015625,,,,,,
4148,332.19825590000073,-56.09375,-28.890625,45.0625,56.09375,,296.18560791015625,,,,,,
4149,332.2749777000008,-26.640625,-15.3515625,28.546875,26.640625,,296.18560791015625,,,,,,
4150,332.3515180000004,-6.515625,-19.59375,-0.330078125,6.515625,,296.18560791015625,,,,,,
4151,332.427906500001,78.1875,-0.75,-73.3125,-78.1875,,296.18560791015625,,,,,,
4152,332.50556440000037,-6.4609375,-27.59375,7.265625,6.4609375,,296.18560791015625,,,,,,
4153,332.5828732000009,98.5,-19.5625,-74.1875,-98.5,,296.18560791015625,,,,,,
4154,332.6591956000011,-3.71875,-15.1875,37.21875,3.71875,,296.18560791015625,,,,,,
4155,332.7371815000006,3.1328125,-20.890625,27.421875,-3.1328125,,296.18560791015625,,,,,,
4156,332.8156598000005,11.28125,-16.28125,0.136474609375,-11.28125,,296.18560791015625,,,,,,
4157,332.89271090000057,-7.21484375,-20.1875,21.5625,7.21484375,,296.18560791015625,,,,,,
4158,332.9698730000009,26.203125,11.09375,-44.46875,-26.203125,,296.18560791015625,,,,,,
4159,333.04576720000114,50.34375,-19.046875,-28.109375,-50.34375,,296.18560791015625,,,,,,
4160,333.1278960000009,-27.21875,-22.953125,33.96875,27.21875,,296.18560791015625,,6.925141334533691,0.7464365363121033,5.657552719116211,7.001760005950928,7.993371963500977
4161,333.20520580000084,-52.71875,1.125,97.125,52.71875,,296.18560791015625,,,,,,
4162,333.28244470000027,-60.125,-22.15625,77.1875,60.125,,296.18560791015625,,,,,,
4163,333.3602279000006,105.375,-28.90625,-4.56640625,-105.375,,296.18560791015625,,,,,,
4164,333.43709190000027,130.875,-8.25,-133.125,-130.875,,296.18560791015625,,,,,,
4165,333.5131495000005,105.9375,-12.3125,-114.6875,-105.9375,,296.18560791015625,,,,,,
4166,333.59065350000037,36.6875,-17.609375,-6.97265625,-36.6875,,296.18560791015625,,,,,,
4167,333.6672279000004,-20.828125,-19.984375,16.828125,20.828125,,296.18560791015625,,,,,,
4168,333.74445370000103,-80.9375,-29.125,65.375,80.9375,,296.18560791015625,,,,,,
4169,333.82180380000045,-86.1875,-7.6875,134.0,86.1875,,296.18560791015625,,,,,,
4170,333.8996808000011,68.5,-31.671875,8.484375,-68.5,,296.18560791015625,,,,,,
4171,333.97562730000027,93.0625,-16.625,-71.8125,-93.0625,,296.18560791015625,,,,,,
4172,334.05251580000095,125.5,-34.4375,-93.0625,-125.5,,296.18560791015625,,,,,,
4173,334.13011170000027,5.640625,-20.875,-3.150390625,-5.640625,,296.18560791015625,,,,,,
4174,334.20636080000077,-69.625,-18.375,85.5625,69.625,,296.18560791015625,,,,,,
4175,334.28434410000045,-7.05078125,-24.25,15.5078125,7.05078125,,296.18560791015625,,,,,,
4176,334.3614195000009,-93.0,-25.4375,93.5,93.0,,296.18560791015625,,,,,,
4177,334.4386676000004,109.6875,-37.75,-12.125,-109.6875,,296.18560791015625,,,,,,
4178,334.51691370000026,105.125,-43.9375,-31.421875,-105.125,,296.18560791015625,,,,,,
4179,334.59555160000036,135.625,-35.0625,-91.9375,-135.625,,296.18560791015625,,,,,,
4180,334.67981840000084,19.40625,-21.9375,-6.4140625,-19.40625,,296.18560791015625,,5.771836280822754,0.610027015209198,4.912501335144043,5.838003158569336,6.720065593719482
4181,334.7576504000008,-55.03125,-39.40625,90.375,55.03125,,296.18560791015625,,,,,,
4182,334.8331478000009,-93.25,-12.5,140.75,93.25,,296.18560791015625,,,,,,
4183,334.91027210000084,79.625,-46.625,16.40625,-79.625,,296.18560791015625,,,,,,
4184,334.98745750000035,88.8125,-26.34375,-41.96875,-88.8125,,296.18560791015625,,,,,,
4185,335.067023300001,45.65625,-16.8125,-63.0625,-45.65625,,296.18560791015625,,,,,,
4186,335.1429240000007,32.4375,-28.703125,-4.453125,-32.4375,,296.18560791015625,,,,,,
4187,335.22003380000024,-90.5,-29.6875,117.5625,90.5,,296.18560791015625,,,,,,
4188,335.2964225000005,-106.0,-33.875,130.0,106.0,,296.18560791015625,,,,,,
4189,335.3742338000011,115.1875,-20.46875,-47.90625,-115.1875,,296.18560791015625,,,,,,
4190,335.45004300000073,130.125,-24.8125,-74.0625,-130.125,,296.18560791015625,,,,,,
4191,335.52551070000027,113.6875,-14.0,-106.0,-113.6875,,296.18560791015625,,,,,,
4192,335.60467810000046,80.3125,-3.25,-103.0,-80.3125,,296.18560791015625,,,,,,
4193,335.6834247000006,40.0625,-4.65625,-54.625,-40.0625,,296.18560791015625,,,,,,
4194,335.760831300001,-47.0625,-48.625,42.46875,47.0625,,296.18560791015625,,,,,,
4195,335.83566730000075,-39.53125,16.6875,41.8125,39.53125,,296.18560791015625,,,,,,
4196,335.9132840000011,21.625,-30.65625,36.4375,-21.625,,296.18560791015625,,,,,,
4197,335.99105450000025,17.875,-22.171875,-0.1475830078125,-17.875,,296.18560791015625,,,,,,
4198,336.06849070000044,25.0625,-15.6484375,-14.0234375,-25.0625,,296.18560791015625,,,,,,
4199,336.14473290000115,-45.84375,-47.53125,69.6875,45.84375,,296.18560791015625,,,,,,
4200,336.2268464000008,49.625,-27.859375,-0.25830078125,-49.625,,296.18560791015625,,6.591154098510742,0.7992979884147644,5.54408597946167,6.368654251098633,8.168474197387695
4201,336.3084335000003,72.75,-17.75,-83.9375,-72.75,,296.18560791015625,,,,,,
4202,336.38723590000063,36.96875,-21.703125,-22.515625,-36.96875,,296.18560791015625,,,,,,
4203,336.4650251000003,-14.59375,-6.265625,33.4375,14.59375,,296.18560791015625,,,,,,
4204,336.54132010000103,-1.9931640625,-20.796875,28.046875,1.9931640625,,296.18560791015625,,,,,,
4205,336.61956160000045,16.078125,-16.765625,-20.671875,-16.078125,,296.18560791015625,,,,,,
4206,336.69686140000067,88.0625,-23.875,-42.75,-88.0625,,296.18560791015625,,,,,,
4207,336.7741296000004,103.3125,-5.6875,-99.75,-103.3125,,296.18560791015625,,,,,,
4208,336.8509262000007,-3.59765625,-19.28125,-9.0,3.59765625,,296.18560791015625,,,,,,
4209,336.9271327000006,-73.1875,-23.28125,72.0,73.1875,,296.18560791015625,,,,,,
4210,337.0047424000004,-49.625,-21.03125,59.53125,49.625,,296.18560791015625,,,,,,
4211,337.08356560000084,-7.00390625,-4.546875,29.53125,7.00390625,,296.18560791015625,,,,,,
4212,337.16147010000077,89.0,-27.8125,-37.4375,-89.0,,296.18560791015625,,,,,,
4213,337.23820290000094,124.625,-33.1875,-68.75,-124.625,,296.18560791015625,,,,,,
4214,337.3203043000003,-40.03125,-40.65625,47.53125,40.03125,,296.18560791015625,,,,,,
4215,337.4013848000004,-66.75,-25.625,82.5,66.75,,296.18560791015625,,,,,,
4216,337.48199940000086,9.7578125,-19.59375,-7.9921875,-9.7578125,,296.18560791015625,,,,,,
4217,337.5590527000004,117.1875,-22.25,-110.0,-117.1875,,296.18560791015625,,,,,,
4218,337.63447780000024,124.6875,-34.4375,-72.0625,-124.6875,,296.18560791015625,,,,,,
4219,337.7121250000009,29.046875,-22.796875,-17.140625,-29.046875,,296.18560791015625,,,,,,
4220,337.7960271000011,3.1015625,-29.125,31.390625,-3.1015625,,296.18560791015625,,7.386837005615234,1.7737528085708618,3.878099203109741,7.472543716430664,10.096221923828125
4221,337.8739591000003,-47.375,-5.75,70.4375,47.375,,296.18560791015625,,,,,,
4222,337.94979590000094,6.25390625,-4.75,60.59375,-6.25390625,,296.18560791015625,,,,,,
4223,338.0257250000004,179.5,-51.5,-114.0,-179.5,,296.18560791015625,,,,,,
4224,338.1040320000011,78.0625,-47.5625,-27.359375,-78.0625,,296.18560791015625,,,,,,
4225,338.1806419000004,5.84375,-0.0703125,-10.6953125,-5.84375,,296.18560791015625,,,,,,
4226,338.2582499000009,-94.4375,-67.75,121.4375,94.4375,,296.18560791015625,,,,,,
4227,338.33598710000024,-112.125,-10.4375,133.5,112.125,,296.18560791015625,,,,,,
4228,338.4147002000009,-12.1484375,-19.34375,61.96875,12.1484375,,296.18560791015625,,,,,,
4229,338.4948600000007,138.125,-67.75,-78.5,-138.125,,296.18560791015625,,,,,,
4230,338.5729712000011,78.375,-18.6875,-71.25,-78.375,,296.18560791015625,,,,,,
4231,338.65101030000096,40.46875,-35.125,-19.265625,-40.46875,,296.18560791015625,,,,,,
4232,338.72693060000074,-95.625,-81.5,138.125,95.625,,296.18560791015625,,,,,,
4233,338.8039873000007,-115.125,-37.125,111.1875,115.125,,296.18560791015625,,,,,,
4234,338.88234830000056,-8.78125,-22.625,29.265625,8.78125,,296.18560791015625,,,,,,
4235,338.960010400001,76.5,-38.5,-10.2890625,-76.5,,296.18560791015625,,,,,,
4236,339.038533500001,109.875,-27.5625,-87.625,-109.875,,296.18560791015625,,,,,,
4237,339.11822550000034,109.0625,-21.4375,-88.4375,-109.0625,,296.18560791015625,,,,,,
4238,339.1941777000011,86.875,-24.3125,-47.75,-86.875,,296.18560791015625,,,,,,
4239,339.27116470000055,-26.984375,-32.375,35.28125,26.984375,,296.18560791015625,,,,,,
4240,339.35479830000077,-2.2734375,-26.6875,37.9375,2.2734375,,296.18560791015625,,5.787152290344238,0.4528677761554718,5.180651664733887,5.757000923156738,6.515417098999023
4241,339.4335501000005,83.625,-30.25,-11.90625,-83.625,,296.18560791015625,,,,,,
4242,339.5109003000007,82.6875,-46.0,-17.171875,-82.6875,,296.18560791015625,,,,,,
4243,339.58933830000115,-29.140625,-42.59375,46.75,29.140625,,296.18560791015625,,,,,,
4244,339.6672221000008,-68.0625,-23.625,80.25,68.0625,,296.18560791015625,,,,,,
4245,339.7428955000005,-9.796875,-32.8125,24.578125,9.796875,,296.18560791015625,,,,,,
4246,339.8227744000005,86.625,-30.34375,-30.15625,-86.625,,296.18560791015625,,,,,,
4247,339.9018878000006,114.125,0.0625,-107.9375,-114.125,,296.18560791015625,,,,,,
4248,339.97919450000063,59.9375,-14.4375,-68.8125,-59.9375,,296.18560791015625,,,,,,
4249,340.05662590000065,-30.703125,-27.28125,29.84375,30.703125,,296.18560791015625,,,,,,
4250,340.1339033000004,-112.5,-27.0625,101.5,112.5,,296.18560791015625,,,,,,
4251,340.21524300000056,-87.5,-21.75,128.0,87.5,,296.18560791015625,,,,,,
4252,340.2936980000004,26.5,-6.703125,29.46875,-26.5,,296.18560791015625,,,,,,
4253,340.3728587000005,132.125,-29.71875,-59.46875,-132.125,,296.18560791015625,,,,,,
4254,340.45109480000065,119.4375,-22.5,-101.75,-119.4375,,296.18560791015625,,,,,,
4255,340.52845270000034,-22.765625,-37.90625,36.625,22.765625,,296.18560791015625,,,,,,
4256,340.6059896000006,-23.0625,-24.171875,38.375,23.0625,,296.18560791015625,,,,,,
4257,340.68407990000105,-19.359375,-22.03125,11.6171875,19.359375,,296.18560791015625,,,,,,
4258,340.7627498000011,7.828125,-16.59375,1.8095703125,-7.828125,,296.18560791015625,,,,,,
4259,340.84863310000037,21.28125,-35.125,12.0546875,-21.28125,,296.18560791015625,,,,,,
4260,340.93080870000085,43.53125,-6.40625,-48.53125,-43.53125,,296.18560791015625,,5.878029823303223,0.6015185713768005,5.1434245109558105,5.651209354400635,6.920959949493408
4261,341.0103243000003,98.4375,-28.78125,-58.96875,-98.4375,,296.18560791015625,,,,,,
4262,341.08737440000095,66.1875,-21.71875,-38.6875,-66.1875,,296.18560791015625,,,,,,
4263,341.1654335000003,-47.125,-27.65625,62.59375,47.125,,296.18560791015625,,,,,,
4264,341.24231080000027,-101.8125,-28.8125,108.5625,101.8125,,296.18560791015625,,,,,,
4265,341.32052400000066,-89.6875,-14.5,99.375,89.6875,,296.18560791015625,,,,,,
4266,341.398333600001,-20.765625,-19.8125,44.71875,20.765625,,296.18560791015625,,,,,,
4267,341.4746870000008,46.28125,-30.1875,13.7734375,-46.28125,,296.18560791015625,,,,,,
4268,341.5530608000008,-11.7109375,-19.9375,40.75,11.7109375,,296.18560791015625,,,,,,
4269,341.62991030000103,-13.109375,-28.859375,27.015625,13.109375,,296.18560791015625,,,,,,
4270,341.70746750000035,64.5625,-25.53125,-33.5,-64.5625,,296.18560791015625,,,,,,
4271,341.7851062000009,128.5,-31.3125,-66.5,-128.5,,296.18560791015625,,,,,,
4272,341.8626464000008,115.25,-21.5625,-95.4375,-115.25,,296.18560791015625,,,,,,
4273,341.9425624000005,61.25,-19.25,-47.875,-61.25,,296.18560791015625,,,,,,
4274,342.01954230000047,12.9140625,-25.59375,12.640625,-12.9140625,,296.18560791015625,,,,,,
4275,342.0978657000005,-133.25,-53.375,143.0,133.25,,296.18560791015625,,,,,,
4276,342.17478350000056,12.4609375,-16.875,26.5,-12.4609375,,296.18560791015625,,,,,,
4277,342.25466510000024,64.3125,-19.6875,-4.921875,-64.3125,,296.18560791015625,,,,,,
4278,342.3326627000006,116.5625,-52.71875,-40.53125,-116.5625,,296.18560791015625,,,,,,
4279,342.41021490000094,-12.8125,-16.40625,6.9453125,12.8125,,296.18560791015625,,,,,,
4280,342.4938247000009,-76.3125,-30.375,103.1875,76.3125,,296.18560791015625,,6.797634124755859,0.9356385469436646,5.36489200592041,6.697549343109131,8.406209945678711
4281,342.5721205000009,-36.4375,-17.5625,69.5,36.4375,,296.18560791015625,,,,,,
4282,342.64998790000027,22.21875,-22.5,8.265625,-22.21875,,296.18560791015625,,,,,,
4283,342.7270012000008,15.09375,-23.359375,-21.109375,-15.09375,,296.18560791015625,,,,,,
4284,342.8024109000007,29.0625,-23.15625,-4.01953125,-29.0625,,296.18560791015625,,,,,,
4285,342.8794897000007,93.5,-13.8125,-67.6875,-93.5,,296.18560791015625,,,,,,
4286,342.95466770000075,17.53125,-19.40625,-24.53125,-17.53125,,296.18560791015625,,,,,,
4287,343.0330176000007,96.0625,-27.375,-60.5,-96.0625,,296.18560791015625,,,,,,
4288,343.10920290000104,-65.5,-49.5625,66.5,65.5,,296.18560791015625,,,,,,
4289,343.18653340000037,-46.6875,-10.75,61.5,46.6875,,296.18560791015625,,,,,,
4290,343.2664020000011,19.796875,-23.859375,3.953125,-19.796875,,296.18560791015625,,,,,,
4291,343.34477250000054,25.015625,-22.1875,-6.43359375,-25.015625,,296.18560791015625,,,,,,
4292,343.42455380000047,63.90625,-22.6875,-40.21875,-63.90625,,296.18560791015625,,,,,,
4293,343.5021804000007,34.25,-13.171875,8.171875,-34.25,,296.18560791015625,,,,,,
4294,343.580034300001,-19.5625,-32.90625,9.0234375,19.5625,,296.18560791015625,,,,,,
4295,343.6564838000004,-86.4375,-37.71875,95.125,86.4375,,296.18560791015625,,,,,,
4296,343.7329262000003,142.625,-40.6875,-101.8125,-142.625,,296.18560791015625,,,,,,
4297,343.80997260000095,62.0625,-7.6875,-77.5,-62.0625,,296.18560791015625,,,,,,
4298,343.8874717000008,90.75,-35.5,-78.25,-90.75,,296.18560791015625,,,,,,
4299,343.964762300001,56.8125,7.375,-73.625,-56.8125,,296.18560791015625,,,,,,
4300,344.0467544000003,-43.09375,-36.6875,55.5,43.09375,,296.18560791015625,,7.29849910736084,1.280843734741211,5.221449375152588,7.221027374267578,9.181750297546387
4301,344.12484980000045,-65.8125,6.0625,80.125,65.8125,,296.18560791015625,,,,,,
4302,344.20258340000055,-19.953125,-15.328125,34.90625,19.953125,,296.18560791015625,,,,,,
4303,344.2815203000009,77.1875,-38.75,-21.640625,-77.1875,,296.18560791015625,,,,,,
4304,344.3603258000003,29.46875,9.625,-63.5,-29.46875,,296.18560791015625,,,,,,
4305,344.4403845000006,-20.03125,-17.6875,50.96875,20.03125,,296.18560791015625,,,,,,
4306,344.53681870000037,-40.5,-36.59375,70.125,40.5,,296.18560791015625,,,,,,
4307,344.63252230000035,109.75,-27.09375,-63.65625,-109.75,,296.18560791015625,,,,,,
4308,344.70769980000114,124.0625,-40.0,-70.875,-124.0625,,296.18560791015625,,,,,,
4309,344.7865303000008,10.875,-11.625,-42.15625,-10.875,,296.18560791015625,,,,,,
4310,344.8648888000007,-23.953125,-35.25,49.03125,23.953125,,296.18560791015625,,,,,,
4311,344.94309480000084,-20.265625,-9.625,51.4375,20.265625,,296.18560791015625,,,,,,
4312,345.01848880000034,66.5,-25.8125,-10.1953125,-66.5,,296.18560791015625,,,,,,
4313,345.0962851000004,57.78125,-9.125,-69.1875,-57.78125,,296.18560791015625,,,,,,
4314,345.17833450000035,27.171875,-22.125,-24.8125,-27.171875,,296.18560791015625,,,,,,
4315,345.2606916000004,15.4375,-23.625,12.3671875,-15.4375,,296.18560791015625,,,,,,
4316,345.33730670000114,15.0703125,-33.6875,49.96875,-15.0703125,,296.18560791015625,,,,,,
4317,345.4131642000011,-63.6875,-57.125,34.15625,63.6875,,296.18560791015625,,,,,,
4318,345.4923026000006,-130.75,-34.5625,140.875,130.75,,296.18560791015625,,,,,,
4319,345.5713086000005,-54.84375,-22.6875,101.4375,54.84375,,296.18560791015625,,,,,,
4320,345.65311740000107,108.1875,-19.3125,-85.4375,-108.1875,,296.18560791015625,,6.01060152053833,0.5460625886917114,5.280696392059326,5.960391998291016,7.0244140625
4321,345.72923980000087,145.75,-28.75,-121.625,-145.75,,296.18560791015625,,,,,,
4322,345.80574630000046,91.3125,-1.3125,-99.875,-91.3125,,296.18560791015625,,,,,,
4323,345.8842100000011,1.197265625,-17.1875,-8.9140625,-1.197265625,,296.18560791015625,,,,,,
4324,345.96452190000036,-86.1875,-47.34375,99.1875,86.1875,,296.18560791015625,,,,,,
4325,346.04014520000055,-128.625,-13.75,163.0,128.625,,296.18560791015625,,,,,,
4326,346.11478160000024,55.46875,-20.71875,-12.3359375,-55.46875,,296.18560791015625,,,,,,
4327,346.192812100001,149.25,-41.5,-84.1875,-149.25,,296.18560791015625,,,,,,
4328,346.2690829000003,102.8125,-47.21875,-48.65625,-102.8125,,296.18560791015625,,,,,,
4329,346.3455313000004,-26.984375,-23.90625,35.46875,26.984375,,296.18560791015625,,,,,,
4330,346.4238296000003,-67.5625,36.9375,84.0,67.5625,,296.18560791015625,,,,,,
4331,346.50355500000114,-83.25,-27.46875,77.125,83.25,,296.18560791015625,,,,,,
4332,346.5807325000005,24.453125,-22.890625,7.11328125,-24.453125,,296.18560791015625,,,,,,
4333,346.65641140000025,129.375,-21.8125,-93.4375,-129.375,,296.18560791015625,,,,,,
4334,346.73274970000057,89.5625,-24.125,-53.8125,-89.5625,,296.18560791015625,,,,,,
4335,346.80915410000034,130.375,-29.3125,-80.9375,-130.375,,296.18560791015625,,,,,,
4336,346.8862016000003,-22.703125,-17.734375,-4.82421875,22.703125,,296.18560791015625,,,,,,
4337,346.96327530000053,-92.1875,-25.3125,69.9375,92.1875,,296.18560791015625,,,,,,
4338,347.0387644000011,-61.125,-15.75,70.9375,61.125,,296.18560791015625,,,,,,
4339,347.1162600000007,-69.1875,-17.40625,69.8125,69.1875,,296.18560791015625,,,,,,
4340,347.1979127000004,-33.34375,-10.5625,77.3125,33.34375,,296.18560791015625,,5.6271257400512695,0.521830677986145,4.873045921325684,5.509311676025391,6.578617095947266
4341,347.27577570000085,28.15625,-22.703125,3.015625,-28.15625,,296.18560791015625,,,,,,
4342,347.3520425000006,110.25,-25.875,-65.0,-110.25,,296.18560791015625,,,,,,
4343,347.4302092000007,81.4375,-13.8125,-100.3125,-81.4375,,296.18560791015625,,,,,,
4344,347.5075239000007,8.5546875,-23.0625,22.25,-8.5546875,,296.18560791015625,,,,,,
4345,347.58590560000084,-72.5625,-4.875,82.75,72.5625,,296.18560791015625,,,,,,
4346,347.6628789000006,-41.3125,8.75,69.8125,41.3125,,296.18560791015625,,,,,,
4347,347.73979020000024,-22.296875,-17.3125,59.75,22.296875,,296.18560791015625,,,,,,
4348,347.8174998000004,-24.28125,-20.21875,48.96875,24.28125,,296.18560791015625,,,,,,
4349,347.8935994000003,25.859375,-10.25,-11.71875,-25.859375,,296.18560791015625,,,,,,
4350,347.9707563000011,43.0625,-17.0625,-33.28125,-43.0625,,296.18560791015625,,,,,,
4351,348.04808010000033,62.59375,-14.5625,-69.1875,-62.59375,,296.18560791015625,,,,,,
4352,348.12435110000024,-41.3125,-39.125,53.1875,41.3125,,296.18560791015625,,,,,,
4353,348.2009360000011,-10.15625,-21.625,7.30078125,10.15625,,296.18560791015625,,,,,,
4354,348.2784958000011,-34.5,-19.40625,54.5,34.5,,296.18560791015625,,,,,,
4355,348.3561935000007,119.4375,-11.0,-132.875,-119.4375,,296.18560791015625,,,,,,
4356,348.4346409000009,50.0625,-19.25,-37.84375,-50.0625,,296.18560791015625,,,,,,
4357,348.5104794000008,7.26953125,-26.875,10.515625,-7.26953125,,296.18560791015625,,,,,,
4358,348.5890078000011,-11.4921875,-20.203125,18.015625,11.4921875,,296.18560791015625,,,,,,
4359,348.66578000000027,-80.875,-58.125,126.625,80.875,,296.18560791015625,,,,,,
4360,348.7500335000004,-135.75,-25.75,189.0,135.75,,296.18560791015625,,9.939384460449219,1.8913224935531616,7.034362316131592,9.7153902053833,12.639092445373535
4361,348.8265269000003,-67.0,-12.34375,65.4375,67.0,,296.18560791015625,,,,,,
4362,348.90215830000034,150.125,-41.6875,-53.1875,-150.125,,296.18560791015625,,,,,,
4363,348.98018480000064,90.75,-39.40625,-60.53125,-90.75,,296.18560791015625,,,,,,
4364,349.0569807000011,45.8125,-28.46875,-14.0859375,-45.8125,,296.18560791015625,,,,,,
4365,349.13425740000093,-30.921875,-23.65625,-0.3203125,30.921875,,296.18560791015625,,,,,,
4366,349.21397050000087,-96.3125,-1.375,95.4375,96.3125,,296.18560791015625,,,,,,
4367,349.2906735000006,-17.46875,5.25,72.75,17.46875,,296.18560791015625,,,,,,
4368,349.3690823000006,48.65625,-26.8125,24.625,-48.65625,,296.18560791015625,,,,,,
4369,349.4461910000009,-15.7265625,-8.34375,46.6875,15.7265625,,296.18560791015625,,,,,,
4370,349.52350340000066,53.6875,-11.0703125,-1.826171875,-53.6875,,296.18560791015625,,,,,,
4371,349.6007455000008,152.25,-39.78125,-61.96875,-152.25,,296.18560791015625,,,,,,
4372,349.6765232000007,35.3125,-2.28125,-59.875,-35.3125,,296.18560791015625,,,,,,
4373,349.7538127000007,13.7421875,-20.515625,18.515625,-13.7421875,,296.18560791015625,,,,,,
4374,349.82964620000075,-67.0,-41.90625,88.8125,67.0,,296.18560791015625,,,,,,
4375,349.9070087000009,7.15234375,-24.53125,35.25,-7.15234375,,296.18560791015625,,,,,,
4376,349.98293770000055,71.6875,-19.21875,-54.78125,-71.6875,,296.18560791015625,,,,,,
4377,350.0594335000005,115.1875,-7.375,-140.875,-115.1875,,296.18560791015625,,,,,,
4378,350.13491500000055,26.9375,-19.390625,-22.453125,-26.9375,,296.18560791015625,,,,,,
4379,350.2146580000008,-41.6875,-14.59375,47.375,41.6875,,296.18560791015625,,,,,,
4380,350.29760800000076,-113.375,-26.75,127.6875,113.375,,296.18560791015625,,6.07838773727417,0.5035482048988342,5.383915424346924,6.105067253112793,6.897558212280273
4381,350.37456080000084,-112.6875,-23.9375,117.5625,112.6875,,296.18560791015625,,,,,,
4382,350.4519687000011,-102.25,11.25,129.125,102.25,,296.18560791015625,,,,,,
4383,350.53023790000043,-110.5625,-17.4375,124.375,110.5625,,296.18560791015625,,,,,,
4384,350.6087767000008,79.125,-17.6875,-46.6875,-79.125,,296.18560791015625,,,,,,
4385,350.6870507000003,-6.7109375,-38.03125,10.6796875,6.7109375,,296.18560791015625,,,,,,
4386,350.76521480000065,-61.1875,-14.0625,85.25,61.1875,,296.18560791015625,,,,,,
4387,350.84499290000076,67.0,-23.828125,7.390625,-67.0,,296.18560791015625,,,,,,
4388,350.9217569000011,123.0,-24.3125,-91.9375,-123.0,,296.18560791015625,,,,,,
4389,350.99877900000047,111.375,0.875,-141.625,-111.375,,296.18560791015625,,,,,,
4390,351.07707720000053,27.578125,-25.875,-19.90625,-27.578125,,296.18560791015625,,,,,,
4391,351.15477080000073,-44.875,-27.21875,58.125,44.875,,296.18560791015625,,,,,,
4392,351.2321047000005,-121.125,-69.6875,156.625,121.125,,296.18560791015625,,,,,,
4393,351.30890760000057,-35.5,-4.5,40.96875,35.5,,296.18560791015625,,,,,,
4394,351.3887745000011,-63.5625,-10.125,106.9375,63.5625,,296.18560791015625,,,,,,
4395,351.4675601000008,165.375,-25.4375,-114.3125,-165.375,,296.18560791015625,,,,,,
4396,351.54489770000055,141.375,-33.9375,-98.5625,-141.375,,296.18560791015625,,,,,,
4397,351.62360590000026,55.0625,-21.625,-22.3125,-55.0625,,296.18560791015625,,,,,,
4398,351.702154900001,-55.15625,-25.921875,55.21875,55.15625,,296.18560791015625,,,,,,
4399,351.7806162000006,-97.375,-30.0,101.5625,97.375,,296.18560791015625,,,,,,
4400,351.8651738000008,-105.375,-21.3125,121.8125,105.375,,296.18560791015625,,6.6581501960754395,0.7312562465667725,5.689727306365967,6.570799827575684,8.005745887756348
4401,351.9431280000008,51.625,-26.125,36.6875,-51.625,,296.18560791015625,,,,,,
4402,352.0207777000005,80.125,-22.625,-69.125,-80.125,,296.18560791015625,,,,,,
4403,352.09706050000113,85.375,-41.375,-28.984375,-85.375,,296.18560791015625,,,,,,
4404,352.1742881000009,38.625,22.15625,-70.375,-38.625,,296.18560791015625,,,,,,
4405,352.25144060000093,-9.8828125,-46.25,38.65625,9.8828125,,296.18560791015625,,,,,,
4406,352.32949460000054,-125.1875,-40.375,149.125,125.1875,,296.18560791015625,,,,,,
4407,352.4096427000004,-42.25,-15.9375,78.3125,42.25,,296.18560791015625,,,,,,
4408,352.4899667000009,89.5625,-25.921875,-27.078125,-89.5625,,296.18560791015625,,,,,,
4409,352.56738120000045,65.5625,-24.3125,-26.625,-65.5625,,296.18560791015625,,,,,,
4410,352.645448700001,42.75,-23.0,-14.21875,-42.75,,296.18560791015625,,,,,,
4411,352.72604000000047,-9.5546875,-18.90625,31.78125,9.5546875,,296.18560791015625,,,,,,
4412,352.8039279000004,-68.0625,-39.40625,80.5,68.0625,,296.18560791015625,,,,,,
4413,352.8814723000005,-55.71875,-18.8125,81.9375,55.71875,,296.18560791015625,,,,,,
4414,352.96008560000064,-53.9375,-35.125,70.8125,53.9375,,296.18560791015625,,,,,,
4415,353.03998910000064,12.4375,-13.40625,20.625,-12.4375,,296.18560791015625,,,,,,
4416,353.1202925000007,148.75,-37.0625,-69.625,-148.75,,296.18560791015625,,,,,,
4417,353.1969770000005,113.875,-18.1875,-92.75,-113.875,,296.18560791015625,,,,,,
4418,353.2764679000011,31.21875,-11.84375,-52.34375,-31.21875,,296.18560791015625,,,,,,
4419,353.3551701000006,-61.875,-11.6875,78.6875,61.875,,296.18560791015625,,,,,,
4420,353.4371906000006,-62.65625,-21.1875,102.9375,62.65625,,296.18560791015625,,6.704901218414307,0.799714982509613,5.6985979080200195,6.57911491394043,8.224740028381348
4421,353.5151717000008,-64.3125,-22.125,69.875,64.3125,,296.18560791015625,,,,,,
4422,353.5922122000011,-86.5625,-23.0,113.8125,86.5625,,296.18560791015625,,,,,,
4423,353.6699133000011,-73.375,-13.71875,61.78125,73.375,,296.18560791015625,,,,,,
4424,353.74648810000053,28.15625,-14.59375,48.5625,-28.15625,,296.18560791015625,,,,,,
4425,353.825084600001,115.1875,-20.3125,-89.5625,-115.1875,,296.18560791015625,,,,,,
4426,353.90170990000024,52.0625,-22.75,-32.46875,-52.0625,,296.18560791015625,,,,,,
4427,353.9788842000007,21.78125,-23.40625,6.140625,-21.78125,,296.18560791015625,,,,,,
4428,354.05705430000035,-15.1875,-6.921875,20.375,15.1875,,296.18560791015625,,,,,,
4429,354.1336353000006,-10.7890625,-10.140625,-7.87890625,10.7890625,,296.18560791015625,,,,,,
4430,354.21185440000045,-32.875,-13.125,49.5625,32.875,,296.18560791015625,,,,,,
4431,354.2918535000008,-51.78125,-13.90625,44.4375,51.78125,,296.18560791015625,,,,,,
4432,354.36970530000053,33.71875,-19.984375,5.34375,-33.71875,,296.18560791015625,,,,,,
4433,354.450762200001,-22.390625,-18.859375,19.828125,22.390625,,296.18560791015625,,,,,,
4434,354.5358543000011,-99.9375,-30.9375,77.4375,99.9375,,296.18560791015625,,,,,,
4435,354.6120684000007,-58.375,-22.75,86.125,58.375,,296.18560791015625,,,,,,
4436,354.6880308000009,118.1875,-48.3125,-24.609375,-118.1875,,296.18560791015625,,,,,,
4437,354.7663753000006,77.6875,-21.34375,-41.21875,-77.6875,,296.18560791015625,,,,,,
4438,354.84732880000047,8.96875,-18.59375,-13.4296875,-8.96875,,296.18560791015625,,,,,,
4439,354.9239094000004,-6.265625,-14.109375,6.4921875,6.265625,,296.18560791015625,,,,,,
4440,355.0079446000009,-59.6875,-12.625,88.75,59.6875,,296.18560791015625,,6.752291679382324,0.8218309879302979,5.578670024871826,6.607327938079834,8.321505546569824
4441,355.08710670000073,-75.5625,-32.125,98.625,75.5625,,296.18560791015625,,,,,,
4442,355.16649660000076,127.8125,-34.53125,-49.84375,-127.8125,,296.18560791015625,,,,,,
4443,355.2446936000006,84.4375,-23.0,-104.625,-84.4375,,296.18560791015625,,,,,,
4444,355.3223316000003,-5.2109375,-21.390625,7.76171875,5.2109375,,296.18560791015625,,,,,,
4445,355.40046710000024,-75.0,-23.53125,78.25,75.0,,296.18560791015625,,,,,,
4446,355.47869730000093,-96.5,-31.125,106.6875,96.5,,296.18560791015625,,,,,,
4447,355.55826460000026,133.375,-32.375,-66.625,-133.375,,296.18560791015625,,,,,,
4448,355.63294510000105,106.4375,-14.25,-99.625,-106.4375,,296.18560791015625,,,,,,
4449,355.70890920000056,75.5625,-17.25,-92.375,-75.5625,,296.18560791015625,,,,,,
4450,355.78664070000104,-17.4375,-21.625,29.578125,17.4375,,296.18560791015625,,,,,,
4451,355.8664550000003,-104.1875,-49.125,124.375,104.1875,,296.18560791015625,,,,,,
4452,355.9400759000009,-1.798828125,-23.03125,24.09375,1.798828125,,296.18560791015625,,,,,,
4453,356.0166370000006,0.2447509765625,-24.5625,-1.2734375,-0.2447509765625,,296.18560791015625,,,,,,
4454,356.09478220000074,118.3125,-15.0625,-124.9375,-118.3125,,296.18560791015625,,,,,,
4455,356.1720012000005,55.65625,-13.875,-42.375,-55.65625,,296.18560791015625,,,,,,
4456,356.24682310000026,-4.4140625,-17.3125,25.796875,4.4140625,,296.18560791015625,,,,,,
4457,356.32456900000034,-40.65625,-2.578125,22.796875,40.65625,,296.18560791015625,,,,,,
4458,356.3999638000005,-95.0625,-20.5625,131.625,95.0625,,296.18560791015625,,,,,,
4459,356.4764986000009,-48.78125,-22.4375,95.75,48.78125,,296.18560791015625,,,,,,
4460,356.56185070000083,16.8125,-18.734375,17.515625,-16.8125,,296.18560791015625,,5.9785966873168945,0.5109264850616455,5.194244861602783,5.897525787353516,6.831399440765381
4461,356.63765240000066,38.03125,-20.703125,-1.9375,-38.03125,,296.18560791015625,,,,,,
4462,356.71641310000086,-13.1953125,10.90625,56.03125,13.1953125,,296.18560791015625,,,,,,
4463,356.7953286000011,34.5625,-24.46875,-4.82421875,-34.5625,,296.18560791015625,,,,,,
4464,356.8741990000008,-7.359375,-19.75,-0.92431640625,7.359375,,296.18560791015625,,,,,,
4465,356.9542988000003,-38.6875,-25.90625,53.3125,38.6875,,296.18560791015625,,,,,,
4466,357.0391230000005,-107.625,-4.25,103.8125,107.625,,296.18560791015625,,,,,,
4467,357.12651370000094,12.1640625,-17.0,67.5625,-12.1640625,,296.18560791015625,,,,,,
4468,357.21951140000056,109.875,-29.125,-60.0625,-109.875,,296.18560791015625,,,,,,
4469,357.30977860000075,80.625,-21.8125,-50.625,-80.625,,296.18560791015625,,,,,,
4470,357.39368750000085,27.84375,-12.7578125,-13.2109375,-27.84375,,296.18560791015625,,,,,,
4471,357.48009080000065,8.890625,-13.875,30.53125,-8.890625,,296.18560791015625,,,,,,
4472,357.56046570000035,0.2235107421875,-11.140625,26.546875,-0.2235107421875,,296.18560791015625,,,,,,
4473,357.6392039000011,-52.59375,-15.96875,71.4375,52.59375,,296.18560791015625,,,,,,
4474,357.7228668000007,-16.25,-18.875,13.0390625,16.25,,296.18560791015625,,,,,,
4475,357.8002353000011,-70.8125,-20.0625,83.875,70.8125,,296.18560791015625,,,,,,
4476,357.8798185000005,35.6875,-23.40625,24.40625,-35.6875,,296.18560791015625,,,,,,
4477,357.95693670000037,21.8125,-19.359375,18.109375,-21.8125,,296.18560791015625,,,,,,
4478,358.03416200000083,-31.203125,-17.375,50.0,31.203125,,296.18560791015625,,,,,,
4479,358.11241170000085,-8.7890625,-27.765625,24.78125,8.7890625,,296.18560791015625,,,,,,
4480,358.1976755000005,105.9375,-30.75,-54.125,-105.9375,,296.18560791015625,,7.82481050491333,0.9172004461288452,6.535880088806152,7.829819679260254,9.362119674682617
4481,358.27545870000085,2.0234375,-9.2578125,10.7265625,-2.0234375,,296.18560791015625,,,,,,
4482,358.3529173000006,-5.1171875,-17.84375,-3.142578125,5.1171875,,296.18560791015625,,,,,,
4483,358.43269820000114,53.53125,-22.765625,-12.171875,-53.53125,,296.18560791015625,,,,,,
4484,358.5109794000009,-18.703125,-22.1875,34.5625,18.703125,,296.18560791015625,,,,,,
4485,358.5880423000008,-54.59375,-9.6875,69.9375,54.59375,,296.18560791015625,,,,,,
4486,358.66505400000096,-66.0,-13.9375,115.4375,66.0,,296.18560791015625,,,,,,
4487,358.7423172000008,95.5,-29.703125,-20.078125,-95.5,,296.18560791015625,,,,,,
4488,358.82330190000084,107.6875,-40.71875,-32.90625,-107.6875,,296.18560791015625,,,,,,
4489,358.90182950000053,60.78125,-21.78125,-40.03125,-60.78125,,296.18560791015625,,,,,,
4490,358.98010590000104,-42.71875,-28.8125,40.625,42.71875,,296.18560791015625,,,,,,
4491,359.0592770000003,-89.0,-6.75,91.5,89.0,,296.18560791015625,,,,,,
4492,359.1366867000006,33.0,-32.8125,52.5,-33.0,,296.18560791015625,,,,,,
4493,359.21627160000025,26.859375,-15.609375,-2.546875,-26.859375,,296.18560791015625,,,,,,
4494,359.2947802000008,-33.96875,-25.203125,49.8125,33.96875,,296.18560791015625,,,,,,
4495,359.3777254000006,-101.0625,-33.625,121.9375,101.0625,,296.18560791015625,,,,,,
4496,359.46395120000034,3.8046875,-6.4375,51.46875,-3.8046875,,296.18560791015625,,,,,,
4497,359.55444660000103,61.03125,-13.40625,-35.28125,-61.03125,,296.18560791015625,,,,,,
4498,359.6336715000007,37.1875,-27.71875,-15.21875,-37.1875,,296.18560791015625,,,,,,
4499,359.7117255000003,-0.58544921875,-30.9375,9.8359375,0.58544921875,,296.18560791015625,,,,,,
4500,359.7969825000009,-76.0625,-20.3125,101.0,76.0625,,296.18560791015625,,7.398426055908203,0.8974445462226868,6.1036553382873535,7.368614673614502,8.964787483215332
4501,359.8744594000009,55.75,-25.59375,0.92626953125,-55.75,,296.18560791015625,,,,,,
4502,359.9571207000008,62.65625,-30.640625,19.125,-62.65625,,296.18560791015625,,,,,,
4503,360.0366147000004,14.921875,-25.015625,23.21875,-14.921875,,296.18560791015625,,,,,,
4504,360.1152832000007,41.375,-19.03125,-11.828125,-41.375,,296.18560791015625,,,,,,
4505,360.1934265000009,47.75,-20.984375,-1.6591796875,-47.75,,296.18560791015625,,,,,,
4506,360.2736263000006,63.125,-20.59375,-34.9375,-63.125,,296.18560791015625,,,,,,
4507,360.3505017000007,-14.65625,-22.828125,2.62109375,14.65625,,296.18560791015625,,,,,,
4508,360.4290492000009,-31.171875,-15.875,53.09375,31.171875,,296.18560791015625,,,,,,
4509,360.51145690000067,-17.828125,-18.421875,-4.69921875,17.828125,,296.18560791015625,,,,,,
4510,360.59217180000087,-34.9375,-46.78125,57.71875,34.9375,,296.18560791015625,,,,,,
4511,360.6714236000007,-70.5,-10.75,98.375,70.5,,296.18560791015625,,,,,,
4512,360.74746630000027,-67.875,-15.8125,81.4375,67.875,,296.18560791015625,,,,,,
4513,360.82724100000087,47.5,-34.71875,-30.09375,-47.5,,296.18560791015625,,,,,,
4514,360.9050737000007,68.6875,24.125,-94.875,-68.6875,,296.18560791015625,,,,,,
4515,360.98868420000053,46.65625,-16.78125,-3.482421875,-46.65625,,296.18560791015625,,,,,,
4516,361.06882830000086,-40.90625,-30.96875,23.15625,40.90625,,296.18560791015625,,,,,,
4517,361.1485496000005,-98.6875,-17.9375,105.875,98.6875,,296.18560791015625,,,,,,
4518,361.2272174000009,103.1875,-16.90625,-19.53125,-103.1875,,296.18560791015625,,,,,,
4519,361.3047785000008,113.5,-28.25,-44.6875,-113.5,,296.18560791015625,,,,,,
4520,361.39066510000066,43.71875,-20.796875,1.1611328125,-43.71875,,296.18560791015625,,7.4642133712768555,0.9435341954231262,5.974027633666992,7.414509296417236,9.230022430419922
4521,361.4688005000007,-49.90625,-22.4375,42.65625,49.90625,,296.18560791015625,,,,,,
4522,361.5437242000007,-54.96875,-14.875,63.125,54.96875,,296.18560791015625,,,,,,
4523,361.6224385000005,-81.375,-27.1875,103.125,81.375,,296.18560791015625,,,,,,
4524,361.6989626000004,-72.5,-22.5625,64.5625,72.5,,296.18560791015625,,,,,,
4525,361.77500150000105,-68.6875,-24.25,88.5625,68.6875,,296.18560791015625,,,,,,
4526,361.8515746000003,113.375,-33.8125,-6.109375,-113.375,,296.18560791015625,,,,,,
4527,361.92795000000024,69.0,-35.5,-35.9375,-69.0,,296.18560791015625,,,,,,
4528,362.00582660000055,17.84375,-10.953125,-8.875,-17.84375,,296.18560791015625,,,,,,
4529,362.0862672000003,-38.65625,-20.71875,35.28125,38.65625,,296.18560791015625,,,,,,
4530,362.1628961000006,-126.0,-19.875,129.75,126.0,,296.18560791015625,,,,,,
4531,362.23944910000046,-7.26171875,-1.8125,34.84375,7.26171875,,296.18560791015625,,,,,,
4532,362.3147411000009,92.5,-17.40625,-33.8125,-92.5,,296.18560791015625,,,,,,
4533,362.39213370000107,32.625,-17.921875,10.2890625,-32.625,,296.18560791015625,,,,,,
4534,362.46897330000047,4.5625,-13.953125,-4.62890625,-4.5625,,296.18560791015625,,,,,,
4535,362.5451096000006,-37.15625,-16.890625,23.8125,37.15625,,296.18560791015625,,,,,,
4536,362.6227157000003,-23.078125,-18.90625,55.21875,23.078125,,296.18560791015625,,,,,,
4537,362.6980521000005,18.609375,-18.28125,18.234375,-18.609375,,296.18560791015625,,,,,,
4538,362.7744713000011,94.875,-59.28125,-54.03125,-94.875,,296.18560791015625,,,,,,
4539,362.8508367000004,-9.4921875,-16.90625,-6.08984375,9.4921875,,296.18560791015625,,,,,,
4540,362.9372415000007,-48.0,-19.75,58.21875,48.0,,296.18560791015625,,5.831050395965576,0.49308347702026367,5.247247219085693,5.751543045043945,6.7961883544921875
4541,363.0148568000004,-122.0,-27.3125,133.625,122.0,,296.18560791015625,,,,,,
4542,363.09318130000065,-21.140625,-9.25,96.5625,21.140625,,296.18560791015625,,,,,,
4543,363.16989400000057,27.96875,-22.40625,11.8515625,-27.96875,,296.18560791015625,,,,,,
4544,363.2512404000008,-24.046875,-12.46875,38.21875,24.046875,,296.18560791015625,,,,,,
4545,363.32937760000095,58.25,-22.21875,-12.9375,-58.25,,296.18560791015625,,,,,,
4546,363.4065999000004,68.375,-23.96875,-37.21875,-68.375,,296.18560791015625,,,,,,
4547,363.4838290000007,38.3125,-10.3203125,17.671875,-38.3125,,296.18560791015625,,,,,,
4548,363.5619484000008,62.375,-21.734375,-20.578125,-62.375,,296.18560791015625,,,,,,
4549,363.63981070000045,-0.496337890625,-26.625,29.46875,0.496337890625,,296.18560791015625,,,,,,
4550,363.71470390000104,-78.9375,-26.4375,84.8125,78.9375,,296.18560791015625,,,,,,
4551,363.7924761000004,-54.15625,-21.78125,72.375,54.15625,,296.18560791015625,,,,,,
4552,363.8725110000005,116.625,-63.0625,-22.484375,-116.625,,296.18560791015625,,,,,,
4553,363.95009630000095,26.9375,-32.53125,17.53125,-26.9375,,296.18560791015625,,,,,,
4554,364.0279967000006,-48.5,-25.546875,51.59375,48.5,,296.18560791015625,,,,,,
4555,364.1048576000003,-75.125,-21.125,109.75,75.125,,296.18560791015625,,,,,,
4556,364.1839865000011,-21.78125,-11.8125,33.875,21.78125,,296.18560791015625,,,,,,
4557,364.2622637000004,-95.25,-4.28125,45.375,95.25,,296.18560791015625,,,,,,
4558,364.3388464000009,6.6015625,-21.328125,46.21875,-6.6015625,,296.18560791015625,,,,,,
4559,364.4161969000006,59.21875,-30.53125,-18.3125,-59.21875,,296.18560791015625,,,,,,
4560,364.50082720000046,-3.435546875,-9.5,47.625,3.435546875,,296.18560791015625,,5.8705854415893555,0.5126358270645142,5.2401957511901855,5.7939348220825195,6.755319595336914
4561,364.5798747000008,-82.625,-2.8125,66.3125,82.625,,296.18560791015625,,,,,,
4562,364.65588260000095,-137.75,-29.75,146.0,137.75,,296.18560791015625,,,,,,
4563,364.73311640000065,-38.25,-10.1875,71.375,38.25,,296.18560791015625,,,,,,
4564,364.8090361000004,130.625,-26.375,-68.3125,-130.625,,296.18560791015625,,,,,,
4565,364.88716360000035,174.5,-51.75,-72.6875,-174.5,,296.18560791015625,,,,,,
4566,364.9641178000011,36.0,24.0,-108.8125,-36.0,,296.18560791015625,,,,,,
4567,365.04101300000093,-4.98828125,-18.96875,30.453125,4.98828125,,296.18560791015625,,,,,,
4568,365.1193514000006,20.75,-17.921875,-14.953125,-20.75,,296.18560791015625,,,,,,
4569,365.1964192000005,8.953125,-10.6796875,21.015625,-8.953125,,296.18560791015625,,,,,,
4570,365.27601070000037,-70.9375,-22.625,55.4375,70.9375,,296.18560791015625,,,,,,
4571,365.3533359000003,-42.1875,-22.5625,116.1875,42.1875,,296.18560791015625,,,,,,
4572,365.43186230000083,-115.8125,-23.5,110.8125,115.8125,,296.18560791015625,,,,,,
4573,365.5117987000003,-58.875,-22.375,79.3125,58.875,,296.18560791015625,,,,,,
4574,365.5891066000004,-12.40625,-11.34375,37.0625,12.40625,,296.18560791015625,,,,,,
4575,365.66645750000043,73.75,-23.9375,-63.0625,-73.75,,296.18560791015625,,,,,,
4576,365.7449576000008,156.125,-38.0,-87.125,-156.125,,296.18560791015625,,,,,,
4577,365.82254850000027,-6.73046875,-12.203125,-22.765625,6.73046875,,296.18560791015625,,,,,,
4578,365.89975830000094,-66.625,-19.34375,78.8125,66.625,,296.18560791015625,,,,,,
4579,365.9768473000004,-139.375,-42.1875,144.625,139.375,,296.18560791015625,,,,,,
4580,366.0605091000007,53.84375,-23.625,12.2265625,-53.84375,,296.18560791015625,,6.528194904327393,0.7376718521118164,5.396189212799072,6.515503883361816,7.784757137298584
4581,366.13604470000064,52.4375,-25.359375,-18.796875,-52.4375,,296.18560791015625,,,,,,
4582,366.2138812000003,31.671875,-27.921875,23.875,-31.671875,,296.18560791015625,,,,,,
4583,366.29124090000096,-33.46875,-20.53125,41.6875,33.46875,,296.18560791015625,,,,,,
4584,366.36857900000086,-92.875,-31.4375,93.75,92.875,,296.18560791015625,,,,,,
4585,366.44694230000096,-92.1875,-24.28125,86.4375,92.1875,,296.18560791015625,,,,,,
4586,366.5251485000008,-43.03125,-9.6875,84.4375,43.03125,,296.18560791015625,,,,,,
4587,366.60282110000026,74.9375,6.0,-70.0625,-74.9375,,296.18560791015625,,,,,,
4588,366.680239100001,114.4375,-33.34375,-60.03125,-114.4375,,296.18560791015625,,,,,,
4589,366.7570480000004,-24.671875,-26.015625,23.640625,24.671875,,296.18560791015625,,,,,,
4590,366.8345923000006,-59.125,-33.625,100.5625,59.125,,296.18560791015625,,,,,,
4591,366.9111109000005,-56.78125,-16.96875,76.6875,56.78125,,296.18560791015625,,,,,,
4592,366.98910800000067,64.0625,-25.421875,-17.203125,-64.0625,,296.18560791015625,,,,,,
4593,367.07081180000114,56.9375,-19.40625,-59.53125,-56.9375,,296.18560791015625,,,,,,
4594,367.14852860000065,16.140625,-23.90625,25.59375,-16.140625,,296.18560791015625,,,,,,
4595,367.22643100000096,-25.0,-34.6875,59.46875,25.0,,296.18560791015625,,,,,,
4596,367.3023495000007,-80.625,-32.5625,101.875,80.625,,296.18560791015625,,,,,,
4597,367.3796231000006,71.375,-38.0625,13.078125,-71.375,,296.18560791015625,,,,,,
4598,367.45621570000094,32.8125,-34.25,10.6875,-32.8125,,296.18560791015625,,,,,,
4599,367.532778400001,-44.28125,-19.671875,51.21875,44.28125,,296.18560791015625,,,,,,
4600,367.6138411000011,-101.125,-51.3125,160.75,101.125,,296.18560791015625,,9.726127624511719,2.051903247833252,5.977865695953369,9.927114486694336,12.270941734313965
4601,367.6911673000004,-55.4375,-29.109375,45.71875,55.4375,,296.18560791015625,,,,,,
4602,367.76848660000087,86.375,-25.09375,-35.4375,-86.375,,296.18560791015625,,,,,,
4603,367.8442337000006,50.40625,-16.6875,-46.5625,-50.40625,,296.18560791015625,,,,,,
4604,367.92296780000106,-3.4140625,-17.75,19.21875,3.4140625,,296.18560791015625,,,,,,
4605,368.0008448000008,-44.21875,-1.8125,55.75,44.21875,,296.18560791015625,,,,,,
4606,368.07907220000106,-22.25,-27.796875,25.25,22.25,,296.18560791015625,,,,,,
4607,368.157087900001,94.6875,-12.09375,-39.875,-94.6875,,296.18560791015625,,,,,,
4608,368.23389040000075,139.5,-28.1875,-78.0625,-139.5,,296.18560791015625,,,,,,
4609,368.3105963000007,40.09375,-17.6875,-27.125,-40.09375,,296.18560791015625,,,,,,
4610,368.38764230000106,44.625,-15.3125,-2.19921875,-44.625,,296.18560791015625,,,,,,
4611,368.4645272000007,-5.984375,-11.78125,1.2734375,5.984375,,296.18560791015625,,,,,,
4612,368.5427247000007,-118.625,-26.0625,131.0,118.625,,296.18560791015625,,,,,,
4613,368.6222265000006,-162.0,-30.125,190.75,162.0,,296.18560791015625,,,,,,
4614,368.69719130000067,-58.875,-17.25,100.9375,58.875,,296.18560791015625,,,,,,
4615,368.7790896000006,12.7734375,-20.28125,29.546875,-12.7734375,,296.18560791015625,,,,,,
4616,368.8580213000005,18.96875,-12.8125,6.36328125,-18.96875,,296.18560791015625,,,,,,
4617,368.9359407000011,10.21875,-17.984375,-7.77734375,-10.21875,,296.18560791015625,,,,,,
4618,369.01355740000054,-27.53125,-20.828125,48.9375,27.53125,,296.18560791015625,,,,,,
4619,369.090957800001,-61.03125,-33.5625,111.8125,61.03125,,296.18560791015625,,,,,,
4620,369.1781714000008,-46.34375,8.0625,78.1875,46.34375,,296.18560791015625,,6.355924606323242,0.6481004357337952,5.5225043296813965,6.2753143310546875,7.524562358856201
4621,369.254425600001,87.25,-30.953125,-4.58203125,-87.25,,296.18560791015625,,,,,,
4622,369.32981050000035,165.875,-32.125,-111.375,-165.875,,296.18560791015625,,,,,,
4623,369.40686390000064,81.3125,-14.625,-80.5,-81.3125,,296.18560791015625,,,,,,
4624,369.48543510000036,-24.28125,-12.703125,14.203125,24.28125,,296.18560791015625,,,,,,
4625,369.56243150000046,-89.125,-34.3125,104.9375,89.125,,296.18560791015625,,,,,,
4626,369.64002430000073,-56.03125,-16.21875,71.9375,56.03125,,296.18560791015625,,,,,,
4627,369.7171679000003,28.734375,-13.03125,-23.65625,-28.734375,,296.18560791015625,,,,,,
4628,369.79535990000113,40.71875,-23.578125,-29.078125,-40.71875,,296.18560791015625,,,,,,
4629,369.8716688000004,14.1484375,-4.96875,-9.3515625,-14.1484375,,296.18560791015625,,,,,,
4630,369.94902270000057,-34.4375,-21.0,22.0,34.4375,,296.18560791015625,,,,,,
4631,370.0255264000007,33.0625,-14.4375,-6.71484375,-33.0625,,296.18560791015625,,,,,,
4632,370.10420240000076,16.203125,-18.046875,20.984375,-16.203125,,296.18560791015625,,,,,,
4633,370.18243690000054,98.3125,-14.375,-63.625,-98.3125,,296.18560791015625,,,,,,
4634,370.2589327000005,33.4375,-22.09375,-33.1875,-33.4375,,296.18560791015625,,,,,,
4635,370.3350420000006,-60.21875,-33.5,72.6875,60.21875,,296.18560791015625,,,,,,
4636,370.41366670000025,-15.078125,-31.015625,25.515625,15.078125,,296.18560791015625,,,,,,
4637,370.49093170000106,52.09375,-22.265625,-26.359375,-52.09375,,296.18560791015625,,,,,,
4638,370.569110800001,59.90625,-24.46875,-37.46875,-59.90625,,296.18560791015625,,,,,,
4639,370.64885270000104,14.796875,-18.15625,-1.8974609375,-14.796875,,296.18560791015625,,,,,,
4640,370.7301971000006,4.5390625,-20.390625,43.1875,-4.5390625,,296.18560791015625,,5.857419490814209,0.5297783017158508,5.194842338562012,5.748407363891602,6.857889652252197
4641,370.8087692000008,13.1875,-32.125,47.59375,-13.1875,,296.18560791015625,,,,,,
4642,370.88501390000056,-92.5625,-62.75,137.0,92.5625,,296.18560791015625,,,,,,
4643,370.9617025000007,-119.3125,-9.3125,117.375,119.3125,,296.18560791015625,,,,,,
4644,371.03895550000107,28.59375,-17.625,24.640625,-28.59375,,296.18560791015625,,,,,,
4645,371.11603620000096,115.375,-19.375,-94.125,-115.375,,296.18560791015625,,,,,,
4646,371.1942031000008,95.4375,-19.625,-80.375,-95.4375,,296.18560791015625,,,,,,
4647,371.2755889000009,42.0,0.0625,-70.375,-42.0,,296.18560791015625,,,,,,
4648,371.3549587000007,-28.515625,-10.390625,41.0625,28.515625,,296.18560791015625,,,,,,
4649,371.43225410000105,-96.3125,-43.8125,112.375,96.3125,,296.18560791015625,,,,,,
4650,371.5130308000007,-76.5625,-13.625,113.8125,76.5625,,296.18560791015625,,,,,,
4651,371.5899820000004,94.875,-43.4375,-26.703125,-94.875,,296.18560791015625,,,,,,
4652,371.66928890000054,24.234375,-44.5,19.125,-24.234375,,296.18560791015625,,,,,,
4653,371.74882290000096,15.3671875,-3.56640625,-7.80859375,-15.3671875,,296.18560791015625,,,,,,
4654,371.8252170000005,-69.3125,-36.5,87.75,69.3125,,296.18560791015625,,,,,,
4655,371.9013259000003,-105.0625,-52.625,155.5,105.0625,,296.18560791015625,,,,,,
4656,371.98023120000107,-37.0625,-21.125,67.9375,37.0625,,296.18560791015625,,,,,,
4657,372.05993650000073,109.875,-27.75,-33.75,-109.875,,296.18560791015625,,,,,,
4658,372.13532900000064,121.75,-26.6875,-79.0,-121.75,,296.18560791015625,,,,,,
4659,372.21133910000026,64.5625,-28.96875,-36.78125,-64.5625,,296.18560791015625,,,,,,
4660,372.29357510000045,62.65625,-25.296875,-2.75,-62.65625,,296.18560791015625,,6.484720230102539,0.8988179564476013,5.175754070281982,6.391930103302002,7.99901008605957
4661,372.37168480000037,-33.96875,-19.28125,54.5,33.96875,,296.18560791015625,,,,,,
4662,372.4464396000003,-106.375,-40.125,147.125,106.375,,296.18560791015625,,,,,,
4663,372.5234803000003,-97.1875,-5.1875,99.125,97.1875,,296.18560791015625,,,,,,
4664,372.6012703000006,-105.125,-3.875,116.875,105.125,,296.18560791015625,,,,,,
4665,372.68001410000034,89.9375,-73.9375,35.3125,-89.9375,,296.18560791015625,,,,,,
4666,372.7547175000009,-3.3359375,25.109375,-40.90625,3.3359375,,296.18560791015625,,,,,,
4667,372.83208100000047,-16.390625,-26.859375,54.0,16.390625,,296.18560791015625,,,,,,
4668,372.9097956000005,11.0703125,-17.5625,10.7421875,-11.0703125,,296.18560791015625,,,,,,
4669,372.9903387000004,-101.3125,-59.875,128.5,101.3125,,296.18560791015625,,,,,,
4670,373.10263980000036,-90.6875,15.375,86.75,90.6875,,296.18560791015625,,,,,,
4671,373.1873665000003,-70.25,-35.40625,83.9375,70.25,,296.18560791015625,,,,,,
4672,373.26333090000026,133.875,-43.1875,-86.9375,-133.875,,296.18560791015625,,,,,,
4673,373.34031440000035,68.0,-40.96875,-50.15625,-68.0,,296.18560791015625,,,,,,
4674,373.4318002000009,-30.78125,-19.9375,53.03125,30.78125,,296.18560791015625,,,,,,
4675,373.51467110000067,-24.0625,-19.125,54.34375,24.0625,,296.18560791015625,,,,,,
4676,373.59290020000026,-18.65625,-24.65625,43.03125,18.65625,,296.18560791015625,,,,,,
4677,373.671385300001,16.890625,-19.46875,7.86328125,-16.890625,,296.18560791015625,,,,,,
4678,373.7504276000009,43.9375,-24.390625,-18.859375,-43.9375,,296.18560791015625,,,,,,
4679,373.8277055000008,62.53125,-16.25,-45.84375,-62.53125,,296.18560791015625,,,,,,
4680,373.91039770000043,-49.53125,-2.96875,59.0625,49.53125,,296.18560791015625,,7.032116889953613,0.9180697202682495,5.554283142089844,7.07625150680542,8.434895515441895
4681,373.99030010000024,-42.1875,-7.03125,56.21875,42.1875,,296.18560791015625,,,,,,
4682,374.0691473000006,-26.671875,-14.125,86.375,26.671875,,296.18560791015625,,,,,,
4683,374.1489152000004,17.796875,-17.921875,-4.15234375,-17.796875,,296.18560791015625,,,,,,
4684,374.22647250000045,-12.8515625,-12.90625,8.265625,12.8515625,,296.18560791015625,,,,,,
4685,374.30431360000057,62.4375,-38.0625,-38.875,-62.4375,,296.18560791015625,,,,,,
4686,374.38264790000085,-21.25,-25.03125,37.84375,21.25,,296.18560791015625,,,,,,
4687,374.46175530000073,-85.1875,-21.0,106.6875,85.1875,,296.18560791015625,,,,,,
4688,374.53817810000055,-60.4375,-49.59375,96.4375,60.4375,,296.18560791015625,,,,,,
4689,374.6150916000006,-89.0625,21.25,104.3125,89.0625,,296.18560791015625,,,,,,
4690,374.69178940000074,32.125,-17.8125,13.609375,-32.125,,296.18560791015625,,,,,,
4691,374.7692597000005,105.9375,-32.8125,-75.9375,-105.9375,,296.18560791015625,,,,,,
4692,374.84644300000036,81.9375,-16.59375,-51.84375,-81.9375,,296.18560791015625,,,,,,
4693,374.9236578000009,36.84375,-11.84375,-43.625,-36.84375,,296.18560791015625,,,,,,
4694,375.0017613000009,-133.25,-58.6875,123.0625,133.25,,296.18560791015625,,,,,,
4695,375.08099950000087,-163.0,-16.5,190.5,163.0,,296.18560791015625,,,,,,
4696,375.15851980000025,-68.3125,-31.625,98.75,68.3125,,296.18560791015625,,,,,,
4697,375.2356647000006,111.5625,-23.46875,-63.96875,-111.5625,,296.18560791015625,,,,,,
4698,375.31365690000075,148.5,-9.0,-174.625,-148.5,,296.18560791015625,,,,,,
4699,375.39032100000077,136.0,-19.625,-113.25,-136.0,,296.18560791015625,,,,,,
4700,375.47440430000097,-14.9765625,-36.34375,25.03125,14.9765625,,296.18560791015625,,7.406845569610596,1.2577793598175049,5.277287006378174,7.533050537109375,9.258195877075195
4701,375.5525325000008,-27.21875,-20.0,13.203125,27.21875,,296.18560791015625,,,,,,
4702,375.6297837000011,2.6953125,-30.640625,56.3125,-2.6953125,,296.18560791015625,,,,,,
4703,375.7075983000004,10.3828125,-13.015625,7.48046875,-10.3828125,,296.18560791015625,,,,,,
4704,375.784677300001,-8.2734375,-18.625,25.578125,8.2734375,,296.18560791015625,,,,,,
4705,375.86277130000053,-89.75,-42.65625,105.0,89.75,,296.18560791015625,,,,,,
4706,375.94055690000096,-44.625,-18.03125,54.8125,44.625,,296.18560791015625,,,,,,
4707,376.01803740000105,10.734375,-20.015625,13.3125,-10.734375,,296.18560791015625,,,,,,
4708,376.09748350000064,42.3125,-24.28125,14.2890625,-42.3125,,296.18560791015625,,,,,,
4709,376.17307150000033,32.1875,-11.3125,-22.875,-32.1875,,296.18560791015625,,,,,,
4710,376.2506047000006,-24.5,-0.33203125,3.7890625,24.5,,296.18560791015625,,,,,,
4711,376.3278951000011,-51.875,-22.28125,70.25,51.875,,296.18560791015625,,,,,,
4712,376.40589790000104,-84.75,-12.21875,72.8125,84.75,,296.18560791015625,,,,,,
4713,376.48323960000107,-53.5625,-5.6875,93.1875,53.5625,,296.18560791015625,,,,,,
4714,376.5613602000003,-26.78125,-16.515625,34.5625,26.78125,,296.18560791015625,,,,,,
4715,376.64211850000083,50.8125,-6.53125,24.90625,-50.8125,,296.18560791015625,,,,,,
4716,376.72174020000057,48.4375,-18.9375,-50.375,-48.4375,,296.18560791015625,,,,,,
4717,376.80050720000054,-42.71875,-10.625,63.78125,42.71875,,296.18560791015625,,,,,,
4718,376.88044790000095,14.4296875,-19.578125,20.515625,-14.4296875,,296.18560791015625,,,,,,
4719,376.9590237000011,-58.40625,-21.890625,36.40625,58.40625,,296.18560791015625,,,,,,
4720,377.0424423000004,23.546875,-27.0,31.03125,-23.546875,,296.18560791015625,,7.803104400634766,0.9387829899787903,6.312015533447266,7.853947639465332,9.237689018249512
4721,377.120764700001,23.984375,-19.34375,11.75,-23.984375,,296.18560791015625,,,,,,
4722,377.19903970000087,-5.89453125,-20.015625,42.875,5.89453125,,296.18560791015625,,,,,,
4723,377.2765147000009,-34.84375,-29.03125,56.78125,34.84375,,296.18560791015625,,,,,,
4724,377.35518630000024,-89.375,-27.8125,111.5,89.375,,296.18560791015625,,,,,,
4725,377.43249130000095,23.28125,-15.328125,35.65625,-23.28125,,296.18560791015625,,,,,,
4726,377.5118011000004,63.8125,-40.625,-21.703125,-63.8125,,296.18560791015625,,,,,,
4727,377.58969550000074,12.8359375,-17.484375,3.4609375,-12.8359375,,296.18560791015625,,,,,,
4728,377.66789360000075,-65.875,-18.0625,83.75,65.875,,296.18560791015625,,,,,,
4729,377.7464093000008,28.984375,-19.78125,12.2890625,-28.984375,,296.18560791015625,,,,,,
4730,377.8231024000006,32.25,-18.75,-28.96875,-32.25,,296.18560791015625,,,,,,
4731,377.9014265000005,6.9921875,-18.84375,23.640625,-6.9921875,,296.18560791015625,,,,,,
4732,377.9785539000004,-83.625,-35.1875,90.5625,83.625,,296.18560791015625,,,,,,
4733,378.0567262000004,-62.78125,-25.65625,72.0,62.78125,,296.18560791015625,,,,,,
4734,378.13379650000024,-8.296875,-17.234375,19.296875,8.296875,,296.18560791015625,,,,,,
4735,378.2117080000007,13.0,-19.15625,5.3671875,-13.0,,296.18560791015625,,,,,,
4736,378.2892868000008,50.625,-22.796875,8.1328125,-50.625,,296.18560791015625,,,,,,
4737,378.3666196000004,-0.5908203125,-20.640625,-10.796875,0.5908203125,,296.18560791015625,,,,,,
4738,378.44241430000056,-39.0,-35.15625,78.25,39.0,,296.18560791015625,,,,,,
4739,378.52016150000054,-50.84375,-19.75,94.375,50.84375,,296.18560791015625,,,,,,
4740,378.60435660000076,80.125,-37.25,-71.125,-80.125,,296.18560791015625,,8.575889587402344,1.234845757484436,5.998501300811768,8.689486503601074,10.333839416503906
4741,378.6830400000008,61.875,-26.515625,-5.734375,-61.875,,296.18560791015625,,,,,,
4742,378.76224700000057,-43.09375,-3.99609375,-6.19921875,43.09375,,296.18560791015625,,,,,,
4743,378.8386169000005,-89.125,-16.3125,79.25,89.125,,296.18560791015625,,,,,,
4744,378.915067500001,7.9296875,-24.34375,30.546875,-7.9296875,,296.18560791015625,,,,,,
4745,378.9922209000006,22.765625,-19.1875,-35.09375,-22.765625,,296.18560791015625,,,,,,
4746,379.06998880000083,-4.08203125,-29.96875,28.21875,4.08203125,,296.18560791015625,,,,,,
4747,379.1487653000004,-63.4375,-5.0625,83.375,63.4375,,296.18560791015625,,,,,,
4748,379.2267060000004,17.765625,-20.28125,-12.7109375,-17.765625,,296.18560791015625,,,,,,
4749,379.30389880000075,-56.34375,-22.1875,53.4375,56.34375,,296.18560791015625,,,,,,
4750,379.3816056000005,-27.109375,-17.734375,35.1875,27.109375,,296.18560791015625,,,,,,
4751,379.4591468000008,35.90625,-21.578125,-19.640625,-35.90625,,296.18560791015625,,,,,,
4752,379.5362103000007,89.6875,-15.0,-85.4375,-89.6875,,296.18560791015625,,,,,,
4753,379.61369210000066,34.78125,-11.53125,-53.90625,-34.78125,,296.18560791015625,,,,,,
4754,379.69165520000024,-76.3125,-25.4375,97.625,76.3125,,296.18560791015625,,,,,,
4755,379.772081000001,-126.5,-20.75,133.625,126.5,,296.18560791015625,,,,,,
4756,379.8485163000005,-49.4375,-19.0625,93.6875,49.4375,,296.18560791015625,,,,,,
4757,379.9265352000011,-7.55859375,-16.15625,35.5,7.55859375,,296.18560791015625,,,,,,
4758,380.0031162000005,62.40625,-16.875,-40.21875,-62.40625,,296.18560791015625,,,,,,
4759,380.08199290000084,39.15625,-15.96875,-35.90625,-39.15625,,296.18560791015625,,,,,,
4760,380.1643806000011,-94.9375,-50.15625,105.9375,94.9375,,296.18560791015625,,9.046506881713867,1.6506203413009644,6.349454402923584,9.10181999206543,11.427663803100586
4761,380.24250550000033,13.890625,-18.125,9.140625,-13.890625,,296.18560791015625,,,,,,
4762,380.32095350000054,40.96875,-22.8125,19.796875,-40.96875,,296.18560791015625,,,,,,
4763,380.4022289000004,45.375,-24.9375,-16.75,-45.375,,296.18560791015625,,,,,,
4764,380.4832535000005,6.2421875,-5.91015625,-0.1439208984375,-6.2421875,,296.18560791015625,,,,,,
4765,380.5604802000007,-15.7734375,-30.796875,30.65625,15.7734375,,296.18560791015625,,,,,,
4766,380.6363327000008,-37.875,-8.3125,57.34375,37.875,,296.18560791015625,,,,,,
4767,380.7142704000007,-43.375,-13.375,87.3125,43.375,,296.18560791015625,,,,,,
4768,380.7935709000003,12.8828125,-17.71875,-3.259765625,-12.8828125,,296.18560791015625,,,,,,
4769,380.8694920000007,53.71875,-21.890625,-31.828125,-53.71875,,296.18560791015625,,,,,,
4770,380.94834620000074,67.75,-18.34375,-46.96875,-67.75,,296.18560791015625,,,,,,
4771,381.0252874000007,-19.015625,-26.546875,44.5,19.015625,,296.18560791015625,,,,,,
4772,381.1008404000004,-93.5625,-16.0,108.1875,93.5625,,296.18560791015625,,,,,,
4773,381.17695660000027,-125.4375,1.5,123.5625,125.4375,,296.18560791015625,,,,,,
4774,381.2535562000003,-0.7431640625,-16.6875,58.25,0.7431640625,,296.18560791015625,,,,,,
4775,381.3310319000011,85.875,4.25,-87.8125,-85.875,,296.18560791015625,,,,,,
4776,381.40760150000096,109.0,-18.25,-102.5625,-109.0,,296.18560791015625,,,,,,
4777,381.4849926000006,82.125,-29.1875,-43.9375,-82.125,,296.18560791015625,,,,,,
4778,381.56094890000077,-86.6875,-25.375,91.25,86.6875,,296.18560791015625,,,,,,
4779,381.63963390000026,-115.5625,-18.25,150.875,115.5625,,296.18560791015625,,,,,,
4780,381.72172330000103,-44.90625,-6.9375,80.375,44.90625,,296.18560791015625,,5.75955867767334,0.3862376809120178,5.177316188812256,5.674854755401611,6.471827030181885
4781,381.8019225000007,-4.8125,-20.75,52.34375,4.8125,,296.18560791015625,,,,,,
4782,381.8781144000004,120.1875,-28.90625,-54.40625,-120.1875,,296.18560791015625,,,,,,
4783,381.9542598000007,64.4375,-21.1875,-60.8125,-64.4375,,296.18560791015625,,,,,,
4784,382.02971160000106,-9.9140625,-15.4296875,23.859375,9.9140625,,296.18560791015625,,,,,,
4785,382.11001150000084,-9.015625,-20.921875,26.03125,9.015625,,296.18560791015625,,,,,,
4786,382.18575430000055,-81.75,-21.6875,93.9375,81.75,,296.18560791015625,,,,,,
4787,382.2633282000006,-91.625,-21.75,87.75,91.625,,296.18560791015625,,,,,,
4788,382.3407793000006,-100.8125,-21.3125,110.1875,100.8125,,296.18560791015625,,,,,,
4789,382.420630900001,-44.0625,-16.9375,65.1875,44.0625,,296.18560791015625,,,,,,
4790,382.49643540000034,68.1875,-23.125,-41.5625,-68.1875,,296.18560791015625,,,,,,
4791,382.57361090000086,-3.697265625,-2.15234375,4.91015625,3.697265625,,296.18560791015625,,,,,,
4792,382.65205010000045,50.0,-27.015625,-0.404541015625,-50.0,,296.18560791015625,,,,,,
4793,382.7299133000006,-34.5625,-23.828125,43.09375,34.5625,,296.18560791015625,,,,,,
4794,382.80955770000037,-102.125,-32.0,119.875,102.125,,296.18560791015625,,,,,,
4795,382.88667970000097,56.8125,-18.703125,-1.9931640625,-56.8125,,296.18560791015625,,,,,,
4796,382.9645879000009,63.25,-22.15625,-51.71875,-63.25,,296.18560791015625,,,,,,
4797,383.0402757000011,67.0625,-25.609375,-25.109375,-67.0625,,296.18560791015625,,,,,,
4798,383.11829990000024,84.875,-20.71875,-42.90625,-84.875,,296.18560791015625,,,,,,
4799,383.19734660000086,-24.984375,-21.484375,33.84375,24.984375,,296.18560791015625,,,,,,
4800,383.279242900001,-84.0625,-24.4375,88.9375,84.0625,,296.18560791015625,,7.538118362426758,1.0951284170150757,5.913881778717041,7.384922981262207,9.508325576782227
4801,383.35841830000027,-84.0625,-19.375,102.0,84.0625,,296.18560791015625,,,,,,
4802,383.4351656000008,96.0625,-41.6875,-34.375,-96.0625,,296.18560791015625,,,,,,
4803,383.512956900001,63.71875,-34.71875,-8.2734375,-63.71875,,296.18560791015625,,,,,,
4804,383.5891027000007,17.265625,-26.328125,-6.421875,-17.265625,,296.18560791015625,,,,,,
4805,383.6665614000003,-65.0,-12.625,94.6875,65.0,,296.18560791015625,,,,,,
4806,383.74711130000105,-78.625,-15.9375,102.5,78.625,,296.18560791015625,,,,,,
4807,383.82505890000084,-79.625,-2.875,113.3125,79.625,,296.18560791015625,,,,,,
4808,383.90302410000095,15.5546875,-30.0625,37.90625,-15.5546875,,296.18560791015625,,,,,,
4809,383.98006610000084,86.9375,-44.875,-46.125,-86.9375,,296.18560791015625,,,,,,
4810,384.0587062000004,26.34375,-37.53125,36.6875,-26.34375,,296.18560791015625,,,,,,
4811,384.1374027000011,22.265625,-21.3125,22.859375,-22.265625,,296.18560791015625,,,,,,
4812,384.21485830000074,59.1875,12.03125,-10.3203125,-59.1875,,296.18560791015625,,,,,,
4813,384.29198110000107,-18.15625,-32.125,20.421875,18.15625,,296.18560791015625,,,,,,
4814,384.3715092000011,-55.25,-15.375,92.3125,55.25,,296.18560791015625,,,,,,
4815,384.4526246000005,8.09375,-20.75,35.46875,-8.09375,,296.18560791015625,,,,,,
4816,384.530541000001,35.40625,-24.59375,-6.5234375,-35.40625,,296.18560791015625,,,,,,
4817,384.60804950000056,-53.0,-8.6875,41.125,53.0,,296.18560791015625,,,,,,
4818,384.68646420000096,-63.5,-21.9375,80.6875,63.5,,296.18560791015625,,,,,,
4819,384.7644936000006,0.78125,-9.96875,26.078125,-0.78125,,296.18560791015625,,,,,,
4820,384.850043800001,-19.453125,-11.015625,33.5625,19.453125,,296.18560791015625,,6.256099700927734,0.5716685056686401,5.498868942260742,6.271649360656738,7.25053071975708
4821,384.9263243000005,-67.9375,-20.625,84.8125,67.9375,,296.18560791015625,,,,,,
4822,385.0041575000005,-63.78125,-25.5625,91.0625,63.78125,,296.18560791015625,,,,,,
4823,385.0817754000009,-109.0,-13.9375,125.75,109.0,,296.18560791015625,,,,,,
4824,385.15886540000065,14.6328125,-22.5625,-4.80078125,-14.6328125,,296.18560791015625,,,,,,
4825,385.23590720000084,135.875,-64.3125,-90.3125,-135.875,,296.18560791015625,,,,,,
4826,385.3124949000003,52.625,-72.75,26.34375,-52.625,,296.18560791015625,,,,,,
4827,385.39002190000065,5.53515625,10.65625,-30.578125,-5.53515625,,296.18560791015625,,,,,,
4828,385.4691412000011,-35.40625,-18.1875,56.5625,35.40625,,296.18560791015625,,,,,,
4829,385.545326800001,-51.59375,-33.1875,77.625,51.59375,,296.18560791015625,,,,,,
4830,385.62098460000107,-74.3125,-19.0,95.3125,74.3125,,296.18560791015625,,,,,,
4831,385.6997659000008,-42.84375,-15.09375,57.40625,42.84375,,296.18560791015625,,,,,,
4832,385.7764844000003,-12.625,-26.109375,32.75,12.625,,296.18560791015625,,,,,,
4833,385.85456410000097,107.4375,-22.28125,-57.28125,-107.4375,,296.18560791015625,,,,,,
4834,385.9302677000005,104.5,-25.6875,-60.5,-104.5,,296.18560791015625,,,,,,
4835,386.0076794000006,57.21875,-22.46875,-24.0,-57.21875,,296.18560791015625,,,,,,
4836,386.0871738000005,-94.6875,-22.84375,66.75,94.6875,,296.18560791015625,,,,,,
4837,386.1654258000008,-143.5,-24.5,168.625,143.5,,296.18560791015625,,,,,,
4838,386.24149640000087,-29.203125,-21.1875,62.15625,29.203125,,296.18560791015625,,,,,,
4839,386.32166790000065,139.25,-38.5625,-78.25,-139.25,,296.18560791015625,,,,,,
4840,386.4037405000008,132.625,-27.5,-116.0,-132.625,,296.18560791015625,,7.399466037750244,0.9619198441505432,5.780741214752197,7.444165229797363,8.900786399841309
4841,386.48307530000056,46.59375,-3.8125,-52.5,-46.59375,,296.18560791015625,,,,,,
4842,386.55830850000075,-57.40625,-31.875,93.5625,57.40625,,296.18560791015625,,,,,,
4843,386.66888820000077,-95.5,-12.3125,112.875,95.5,,296.18560791015625,,,,,,
4844,386.76078790000065,-158.125,-17.625,186.0,158.125,,296.18560791015625,,,,,,
4845,386.85722540000097,-172.0,-42.125,209.75,172.0,,296.18560791015625,,,,,,
4846,386.9417243000007,-39.0625,-14.5,87.4375,39.0625,,296.18560791015625,,,,,,
4847,387.0329528000011,86.5,-64.5625,-44.4375,-86.5,,296.18560791015625,,,,,,
4848,387.11774870000045,101.125,-33.84375,-23.3125,-101.125,,296.18560791015625,,,,,,
4849,387.21460110000044,125.375,-37.78125,-60.28125,-125.375,,296.18560791015625,,,,,,
4850,387.3075888000003,48.65625,-18.375,-42.8125,-48.65625,,296.18560791015625,,,,,,
4851,387.3889317000003,-67.125,-40.65625,69.625,67.125,,296.18560791015625,,,,,,
4852,387.5256194000003,-133.75,-71.0625,193.125,133.75,,296.18560791015625,,,,,,
4853,387.64509630000066,-46.0,-11.8125,76.1875,46.0,,296.18560791015625,,,,,,
4854,387.7680973000006,-54.9375,-22.875,59.3125,54.9375,,296.18560791015625,,,,,,
4855,387.86272370000097,-18.5,-27.5625,42.46875,18.5,,296.18560791015625,,,,,,
4856,387.96066320000045,41.53125,-15.6875,10.96875,-41.53125,,296.18560791015625,,,,,,
4857,388.0616277000008,89.375,-20.625,-74.75,-89.375,,296.18560791015625,,,,,,
4858,388.1579862000008,62.78125,-16.15625,-38.3125,-62.78125,,296.18560791015625,,,,,,
4859,388.254133200001,38.78125,-5.625,-42.5,-38.78125,,296.18560791015625,,,,,,
4860,388.40967420000106,-7.70703125,-10.171875,33.90625,7.70703125,,296.18560791015625,,5.744365215301514,0.44429224729537964,5.153893947601318,5.639184474945068,6.726512908935547
4861,388.507698800001,-153.0,-29.125,152.0,153.0,,296.18560791015625,,,,,,
4862,388.60238390000086,-86.3125,-9.875,126.25,86.3125,,296.18560791015625,,,,,,
4863,388.7437922000008,48.15625,-31.5,32.8125,-48.15625,,296.18560791015625,,,,,,
4864,388.83925270000054,66.625,-12.96875,-51.40625,-66.625,,296.18560791015625,,,,,,
4865,388.92768370000067,37.5625,-10.1640625,-12.3359375,-37.5625,,296.18560791015625,,,,,,
4866,389.0203096000005,-36.59375,-20.53125,58.09375,36.59375,,296.18560791015625,,,,,,
4867,389.1109909000006,-44.09375,-31.59375,86.5,44.09375,,296.18560791015625,,,,,,
4868,389.19433860000026,-63.65625,-23.25,99.0625,63.65625,,296.18560791015625,,,,,,
4869,389.29256760000044,-63.0,-57.84375,95.75,63.0,,296.18560791015625,,,,,,
4870,389.40958090000095,-28.9375,-36.9375,67.25,28.9375,,296.18560791015625,,,,,,
4871,389.4964725000009,116.3125,-31.78125,-50.03125,-116.3125,,296.18560791015625,,,,,,
4872,389.576310800001,129.75,-20.625,-93.0,-129.75,,296.18560791015625,,,,,,
4873,389.6589203000003,45.40625,1.625,-85.4375,-45.40625,,296.18560791015625,,,,,,
4874,389.7387512000005,-90.6875,-29.125,89.3125,90.6875,,296.18560791015625,,,,,,
4875,389.8154654000009,-159.75,-31.0,176.125,159.75,,296.18560791015625,,,,,,
4876,389.8973085000007,-5.1015625,-23.65625,77.3125,5.1015625,,296.18560791015625,,,,,,
4877,389.978417100001,25.21875,-34.875,-4.203125,-25.21875,,296.18560791015625,,,,,,
4878,390.0566346000005,22.5625,-26.6875,-41.4375,-22.5625,,296.18560791015625,,,,,,
4879,390.13401220000105,52.96875,-31.25,-25.5,-52.96875,,296.18560791015625,,,,,,
4880,390.2178341000008,-5.3125,-41.0,43.71875,5.3125,,296.18560791015625,,7.3286261558532715,1.0303077697753906,5.1110663414001465,7.5478973388671875,8.66196346282959
4881,390.29854890000024,-136.625,-42.3125,153.25,136.625,,296.18560791015625,,,,,,
4882,390.37616210000033,-89.5625,-39.3125,114.0,89.5625,,296.18560791015625,,,,,,
4883,390.4563685000003,-80.9375,4.1875,108.3125,80.9375,,296.18560791015625,,,,,,
4884,390.5413507000003,92.125,-20.375,-39.53125,-92.125,,296.18560791015625,,,,,,
4885,390.6277149000007,69.8125,-20.9375,-54.5625,-69.8125,,296.18560791015625,,,,,,
4886,390.7070539000006,77.375,-41.625,-22.984375,-77.375,,296.18560791015625,,,,,,
4887,390.7853646000003,39.625,-11.40625,-44.375,-39.625,,296.18560791015625,,,,,,
4888,390.8671514000007,54.59375,-2.625,-83.0625,-54.59375,,296.18560791015625,,,,,,
4889,390.9443706000011,33.90625,-11.125,-20.40625,-33.90625,,296.18560791015625,,,,,,
4890,391.0263657000005,37.875,-18.921875,15.0703125,-37.875,,296.18560791015625,,,,,,
4891,391.11411880000105,-75.5,-51.09375,88.4375,75.5,,296.18560791015625,,,,,,
4892,391.1929624000004,-97.5,-26.8125,105.0625,97.5,,296.18560791015625,,,,,,
4893,391.27318560000094,9.9921875,-13.515625,-21.734375,-9.9921875,,296.18560791015625,,,,,,
4894,391.353164000001,71.6875,0.21875,-46.65625,-71.6875,,296.18560791015625,,,,,,
4895,391.4359906000009,27.703125,-14.78125,-24.40625,-27.703125,,296.18560791015625,,,,,,
4896,391.514920900001,-55.84375,-23.109375,53.96875,55.84375,,296.18560791015625,,,,,,
4897,391.5963876000005,-99.9375,-0.5625,101.875,99.9375,,296.18560791015625,,,,,,
4898,391.6744256000011,-147.0,-30.5,152.375,147.0,,296.18560791015625,,,,,,
4899,391.75801410000076,20.234375,-5.09375,56.25,-20.234375,,296.18560791015625,,,,,,
4900,391.8416524000004,83.1875,-25.6875,-72.3125,-83.1875,,296.18560791015625,,7.8327836990356445,0.9578644633293152,6.0724310874938965,7.879215717315674,9.41213321685791
4901,391.92323170000054,119.625,-34.5625,-64.6875,-119.625,,296.18560791015625,,,,,,
4902,392.00151370000094,51.46875,9.9375,-76.375,-51.46875,,296.18560791015625,,,,,,
4903,392.08133650000036,-38.46875,-18.71875,43.40625,38.46875,,296.18560791015625,,,,,,
4904,392.16103920000114,-98.125,-30.8125,114.625,98.125,,296.18560791015625,,,,,,
4905,392.23940310000035,-79.8125,-24.625,104.25,79.8125,,296.18560791015625,,,,,,
4906,392.3176224000008,-14.5859375,-17.0625,53.96875,14.5859375,,296.18560791015625,,,,,,
4907,392.3983218000003,12.7265625,-28.109375,29.09375,-12.7265625,,296.18560791015625,,,,,,
4908,392.47885360000055,-29.171875,-23.40625,67.3125,29.171875,,296.18560791015625,,,,,,
4909,392.5587492000004,20.984375,-12.4296875,16.984375,-20.984375,,296.18560791015625,,,,,,
4910,392.640288900001,-7.01953125,-11.5234375,2.287109375,7.01953125,,296.18560791015625,,,,,,
4911,392.7186279000007,33.53125,-14.25,-3.486328125,-33.53125,,296.18560791015625,,,,,,
4912,392.79580910000095,12.15625,-34.28125,34.5,-12.15625,,296.18560791015625,,,,,,
4913,392.87567690000105,10.21875,-21.5625,54.34375,-10.21875,,296.18560791015625,,,,,,
4914,392.9568857000004,-31.859375,-42.90625,34.21875,31.859375,,296.18560791015625,,,,,,
4915,393.03807040000083,-81.875,-19.5,95.8125,81.875,,296.18560791015625,,,,,,
4916,393.12393690000044,-16.546875,-15.25,55.0,16.546875,,296.18560791015625,,,,,,
4917,393.2012741000008,20.359375,-19.84375,-8.34375,-20.359375,,296.18560791015625,,,,,,
4918,393.2819184000009,65.8125,-8.75,-76.625,-65.8125,,296.18560791015625,,,,,,
4919,393.35969490000025,104.875,-34.90625,-39.96875,-104.875,,296.18560791015625,,,,,,
4920,393.44096290000107,5.90625,-20.3125,-10.09375,-5.90625,,296.18560791015625,,6.202457904815674,0.47299662232398987,5.3664655685424805,6.1916327476501465,6.94185209274292
4921,393.51903160000074,30.1875,-18.109375,13.96875,-30.1875,,296.18560791015625,,,,,,
4922,393.59553720000076,25.125,-20.4375,20.765625,-25.125,,296.18560791015625,,,,,,
4923,393.6721326000006,9.921875,-24.640625,23.15625,-9.921875,,296.18560791015625,,,,,,
4924,393.75055580000026,-2.630859375,-18.5,21.046875,2.630859375,,296.18560791015625,,,,,,
4925,393.8270699000004,94.0625,-17.3125,-72.5,-94.0625,,296.18560791015625,,,,,,
4926,393.90703030000077,-38.5,-8.796875,22.6875,38.5,,296.18560791015625,,,,,,
4927,393.98406610000075,-96.375,-15.875,104.25,96.375,,296.18560791015625,,,,,,
4928,394.06139450000046,-125.0,-28.0,165.0,125.0,,296.18560791015625,,,,,,
4929,394.13901650000025,-23.828125,-21.75,86.0,23.828125,,296.18560791015625,,,,,,
4930,394.216613300001,95.1875,-18.3125,-57.9375,-95.1875,,296.18560791015625,,,,,,
4931,394.29496330000075,93.8125,-23.34375,-51.90625,-93.8125,,296.18560791015625,,,,,,
4932,394.37399650000043,49.21875,-29.84375,-54.15625,-49.21875,,296.18560791015625,,,,,,
4933,394.4522994000008,-78.625,-26.65625,66.25,78.625,,296.18560791015625,,,,,,
4934,394.54953210000076,-39.46875,-23.78125,72.375,39.46875,,296.18560791015625,,,,,,
4935,394.6284587000009,-38.125,-11.34375,59.78125,38.125,,296.18560791015625,,,,,,
4936,394.7051696000008,-52.84375,0.1875,64.6875,52.84375,,296.18560791015625,,,,,,
4937,394.78227120000065,52.125,-29.578125,-25.140625,-52.125,,296.18560791015625,,,,,,
4938,394.85985860000073,36.3125,-14.4453125,-1.912109375,-36.3125,,296.18560791015625,,,,,,
4939,394.93869540000105,55.25,-16.34375,-28.125,-55.25,,296.18560791015625,,,,,,
4940,395.0223958000006,8.4140625,-21.5625,-16.78125,-8.4140625,,296.18560791015625,,5.846745014190674,0.41128861904144287,5.333087921142578,5.737504005432129,6.6931047439575195
4941,395.10015230000045,-13.015625,-22.484375,30.296875,13.015625,,296.18560791015625,,,,,,
4942,395.181013800001,31.4375,-20.265625,-11.34375,-31.4375,,296.18560791015625,,,,,,
4943,395.25837430000047,41.09375,-21.765625,-19.109375,-41.09375,,296.18560791015625,,,,,,
4944,395.3361958000005,27.359375,-17.0625,-22.71875,-27.359375,,296.18560791015625,,,,,,
4945,395.41583770000034,35.46875,-10.5546875,-15.2890625,-35.46875,,296.18560791015625,,,,,,
4946,395.4921355000006,-32.84375,-18.96875,60.21875,32.84375,,296.18560791015625,,,,,,
4947,395.56878810000035,13.53125,-26.546875,20.40625,-13.53125,,296.18560791015625,,,,,,
4948,395.6456313000008,-68.875,-31.6875,73.625,68.875,,296.18560791015625,,,,,,
4949,395.72279360000084,-34.625,0.40625,58.09375,34.625,,296.18560791015625,,,,,,
4950,395.8004234000009,63.78125,-18.984375,-27.828125,-63.78125,,296.18560791015625,,,,,,
4951,395.87532920000103,60.5,-23.40625,-28.34375,-60.5,,296.18560791015625,,,,,,
4952,395.95490250000057,-80.75,-72.375,109.1875,80.75,,296.18560791015625,,,,,,
4953,396.03349210000033,-4.0,2.71875,50.625,4.0,,296.18560791015625,,,,,,
4954,396.1119811000008,104.375,-39.1875,-66.25,-104.375,,296.18560791015625,,,,,,
4955,396.18820850000066,78.1875,-38.125,-59.125,-78.1875,,296.18560791015625,,,,,,
4956,396.266703100001,65.125,-7.21875,-34.625,-65.125,,296.18560791015625,,,,,,
4957,396.34600650000084,16.3125,-11.90625,-37.3125,-16.3125,,296.18560791015625,,,,,,
4958,396.4223819000008,-31.203125,-19.625,63.25,31.203125,,296.18560791015625,,,,,,
4959,396.4993379000007,-37.71875,-21.4375,71.4375,37.71875,,296.18560791015625,,,,,,
4960,396.5824865000004,37.03125,-18.15625,-42.96875,-37.03125,,296.18560791015625,,6.659444808959961,0.3951071798801422,6.1512908935546875,6.606046676635742,7.319725513458252
4961,396.66264390000106,97.5625,-83.6875,2.16796875,-97.5625,,296.18560791015625,,,,,,
4962,396.74050180000086,83.125,-22.5625,-9.4765625,-83.125,,296.18560791015625,,,,,,
4963,396.82237200000054,91.125,-21.5625,-86.625,-91.125,,296.18560791015625,,,,,,
4964,396.8989137000008,-54.53125,-22.90625,51.09375,54.53125,,296.18560791015625,,,,,,
4965,396.9755851000009,-39.84375,-15.125,51.0625,39.84375,,296.18560791015625,,,,,,
4966,397.0544286000004,-26.421875,-21.1875,51.3125,26.421875,,296.18560791015625,,,,,,
4967,397.134156000001,16.6875,-19.46875,12.8828125,-16.6875,,296.18560791015625,,,,,,
4968,397.2107167000004,-105.125,-23.1875,88.625,105.125,,296.18560791015625,,,,,,
4969,397.287698600001,-75.5625,-19.8125,108.1875,75.5625,,296.18560791015625,,,,,,
4970,397.367438700001,82.25,-39.8125,-35.5625,-82.25,,296.18560791015625,,,,,,
4971,397.4453583000004,32.40625,-39.0,-28.6875,-32.40625,,296.18560791015625,,,,,,
4972,397.522767800001,14.5546875,-7.6640625,1.482421875,-14.5546875,,296.18560791015625,,,,,,
4973,397.6005460000006,-29.734375,-18.84375,21.78125,29.734375,,296.18560791015625,,,,,,
4974,397.6768987000005,63.09375,-24.96875,-14.3359375,-63.09375,,296.18560791015625,,,,,,
4975,397.75370620000103,-12.1953125,-17.78125,26.90625,12.1953125,,296.18560791015625,,,,,,
4976,397.830093900001,-55.09375,-45.6875,72.9375,55.09375,,296.18560791015625,,,,,,
4977,397.9061035000004,27.21875,-15.765625,17.015625,-27.21875,,296.18560791015625,,,,,,
4978,397.98291900000095,32.75,-20.046875,-24.171875,-32.75,,296.18560791015625,,,,,,
4979,398.0609602000004,11.265625,-12.1875,-19.875,-11.265625,,296.18560791015625,,,,,,
4980,398.1427867000011,-42.0,-22.40625,32.5,42.0,,296.18560791015625,,6.517993927001953,0.529170036315918,5.772128105163574,6.3996124267578125,7.332605838775635
4981,398.21778350000113,-31.03125,-22.546875,42.03125,31.03125,,296.18560791015625,,,,,,
4982,398.29410950000056,-53.71875,-17.0,66.0625,53.71875,,296.18560791015625,,,,,,
4983,398.3728147000011,-22.328125,-16.640625,38.625,22.328125,,296.18560791015625,,,,,,
4984,398.44961310000053,55.875,-26.421875,11.1796875,-55.875,,296.18560791015625,,,,,,
4985,398.525064800001,1.77734375,-14.4453125,11.734375,-1.77734375,,296.18560791015625,,,,,,
4986,398.6004830000011,9.1640625,-25.625,-2.39453125,-9.1640625,,296.18560791015625,,,,,,
4987,398.6774238000007,-45.21875,-18.09375,73.4375,45.21875,,296.18560791015625,,,,,,
4988,398.7543858000008,-31.1875,-21.859375,37.1875,31.1875,,296.18560791015625,,,,,,
4989,398.83118280000053,-70.8125,-15.625,70.0,70.8125,,296.18560791015625,,,,,,
4990,398.9073633000007,-4.6015625,-12.8125,40.21875,4.6015625,,296.18560791015625,,,,,,
4991,398.9850969000008,107.3125,-23.25,-58.875,-107.3125,,296.18560791015625,,,,,,
4992,399.0608564000004,23.453125,-9.140625,-28.265625,-23.453125,,296.18560791015625,,,,,,
4993,399.13702210000065,13.8515625,-12.4296875,27.796875,-13.8515625,,296.18560791015625,,,,,,
4994,399.21456070000113,36.125,-27.296875,-28.234375,-36.125,,296.18560791015625,,,,,,
4995,399.2918234000008,47.5,-24.1875,-10.8046875,-47.5,,296.18560791015625,,,,,,
4996,399.3706312000004,73.375,-23.359375,-24.296875,-73.375,,296.18560791015625,,,,,,
4997,399.4466899000008,-29.328125,-19.96875,38.5,29.328125,,296.18560791015625,,,,,,
4998,399.5232696000003,-15.0703125,-25.859375,39.09375,15.0703125,,296.18560791015625,,,,,,
4999,399.60023060000094,41.71875,-32.53125,14.6171875,-41.71875,,296.18560791015625,,,,,,
5000,399.91420300000027,-54.03125,-26.34375,75.5625,54.03125,,242.00189208984375,,6.165668487548828,0.3193758428096771,5.657565593719482,6.139200210571289,6.781497478485107
5001,400.0019037000002,-63.59375,-25.53125,76.6875,63.59375,,242.00189208984375,,,,,,
5002,400.0879861000003,-16.3125,-20.46875,42.28125,16.3125,,242.00189208984375,,,,,,
5003,400.1682098000001,-3.2421875,-8.46875,45.0625,3.2421875,,242.00189208984375,,,,,,
5004,400.24434740000015,63.21875,-38.375,-21.59375,-63.21875,,242.00189208984375,,,,,,
5005,400.32118270000046,34.5625,-21.359375,-15.953125,-34.5625,,242.00189208984375,,,,,,
5006,400.40131460000066,-38.625,-27.265625,59.1875,38.625,,242.00189208984375,,,,,,
5007,400.47729960000015,14.265625,7.125,35.3125,-14.265625,,242.00189208984375,,,,,,
5008,400.5553275000002,47.75,-30.140625,-31.359375,-47.75,,242.00189208984375,,,,,,
5009,400.6335390000004,28.375,-20.375,12.15625,-28.375,,242.00189208984375,,,,,,
5010,400.7143607000007,10.2265625,4.390625,16.078125,-10.2265625,,242.00189208984375,,,,,,
5011,400.79169980000006,-44.875,-26.0625,38.09375,44.875,,242.00189208984375,,,,,,
5012,400.88069369999994,21.9375,1.6796875,8.3203125,-21.9375,,242.00189208984375,,,,,,
5013,400.96197200000006,45.25,-38.0,-20.484375,-45.25,,242.00189208984375,,,,,,
5014,401.04115120000006,41.46875,-21.828125,-7.625,-41.46875,,242.00189208984375,,,,,,
5015,401.1196523000008,68.4375,-21.21875,-45.46875,-68.4375,,242.00189208984375,,,,,,
5016,401.19796320000023,72.8125,-23.8125,-93.3125,-72.8125,,242.00189208984375,,,,,,
5017,401.2769939,40.28125,-16.125,-24.0,-40.28125,,242.00189208984375,,,,,,
5018,401.35379360000024,-40.90625,-25.375,44.6875,40.90625,,242.00189208984375,,,,,,
5019,401.4318269000005,-100.625,-62.375,137.75,100.625,,242.00189208984375,,,,,,
5020,401.5150377,-70.8125,-43.9375,109.75,70.8125,,242.00189208984375,,9.219942092895508,1.6695910692214966,6.341500759124756,9.289323806762695,11.665325164794922
5021,401.59403960000054,49.5,-18.03125,-34.75,-49.5,,242.00189208984375,,,,,,
5022,401.6716402000002,73.0,-15.1875,-79.9375,-73.0,,242.00189208984375,,,,,,
5023,401.7515739999999,18.3125,-30.453125,27.875,-18.3125,,242.00189208984375,,,,,,
5024,401.82928640000046,28.4375,-17.453125,-2.32421875,-28.4375,,242.00189208984375,,,,,,
5025,401.90462019999995,-10.984375,-17.1875,29.03125,10.984375,,242.00189208984375,,,,,,
5026,401.98171750000074,-92.5,-61.84375,121.5625,92.5,,242.00189208984375,,,,,,
5027,402.0595114000007,-91.4375,-5.5,115.9375,91.4375,,242.00189208984375,,,,,,
5028,402.1388633000006,-51.46875,-52.875,61.4375,51.46875,,242.00189208984375,,,,,,
5029,402.2169577000004,186.625,-32.0,-108.875,-186.625,,242.00189208984375,,,,,,
5030,402.2942885000002,94.8125,-69.1875,-23.703125,-94.8125,,242.00189208984375,,,,,,
5031,402.3719374000002,32.0625,-53.03125,29.40625,-32.0625,,242.00189208984375,,,,,,
5032,402.4472022,-46.40625,-24.96875,67.0,46.40625,,242.00189208984375,,,,,,
5033,402.52495140000065,-3.23046875,-21.703125,43.5625,3.23046875,,242.00189208984375,,,,,,
5034,402.60274990000016,-55.40625,-28.78125,83.625,55.40625,,242.00189208984375,,,,,,
5035,402.6787574,-70.125,-44.46875,106.375,70.125,,242.00189208984375,,,,,,
5036,402.7552175999999,-22.84375,2.03125,36.78125,22.84375,,242.00189208984375,,,,,,
5037,402.8311231000007,75.1875,-17.09375,-60.34375,-75.1875,,242.00189208984375,,,,,,
5038,402.9195072000002,126.25,-21.5625,-97.0625,-126.25,,242.00189208984375,,,,,,
5039,402.99701559999994,113.5,-32.8125,-93.875,-113.5,,242.00189208984375,,,,,,
5040,403.0838216000002,133.25,-30.625,-96.5,-133.25,,242.00189208984375,,8.617055892944336,1.0848771333694458,7.284552097320557,8.48760986328125,10.40422248840332
5041,403.1658516000007,11.5234375,-20.140625,-31.953125,-11.5234375,,242.00189208984375,,,,,,
5042,403.24338250000073,-71.375,-31.375,79.125,71.375,,242.00189208984375,,,,,,
5043,403.32241310000063,-105.8125,-14.875,106.8125,105.8125,,242.00189208984375,,,,,,
5044,403.4014879000006,-25.0,-25.84375,84.0,25.0,,242.00189208984375,,,,,,
5045,403.4795199,24.0625,-44.03125,52.21875,-24.0625,,242.00189208984375,,,,,,
5046,403.55689580000035,11.75,-29.5,19.296875,-11.75,,242.00189208984375,,,,,,
5047,403.6358684000006,2.015625,-28.96875,12.8671875,-2.015625,,242.00189208984375,,,,,,
5048,403.7140073999999,-90.25,-24.75,98.5,90.25,,242.00189208984375,,,,,,
5049,403.7895750000007,-110.375,-20.0,134.25,110.375,,242.00189208984375,,,,,,
5050,403.86680680000063,-32.65625,-20.8125,90.4375,32.65625,,242.00189208984375,,,,,,
5051,403.9459413000004,-46.78125,7.125,87.8125,46.78125,,242.00189208984375,,,,,,
5052,404.0226655000006,84.8125,-78.9375,-36.8125,-84.8125,,242.00189208984375,,,,,,
5053,404.1008672000007,71.5,-96.875,56.8125,-71.5,,242.00189208984375,,,,,,
5054,404.1757628000005,57.21875,41.375,-76.5625,-57.21875,,242.00189208984375,,,,,,
5055,404.25224680000065,57.625,-23.40625,-36.96875,-57.625,,242.00189208984375,,,,,,
5056,404.3309199000005,1.8759765625,-40.4375,10.6171875,-1.8759765625,,242.00189208984375,,,,,,
5057,404.41025549999995,-99.5625,-38.0,130.625,99.5625,,242.00189208984375,,,,,,
5058,404.4879387000001,-68.875,9.46875,48.5,68.875,,242.00189208984375,,,,,,
5059,404.5664357000005,78.875,-40.3125,-17.484375,-78.875,,242.00189208984375,,,,,,
5060,404.6507341000006,53.875,-12.7734375,-15.9765625,-53.875,,242.00189208984375,,6.108415603637695,0.5766026973724365,5.3499250411987305,6.015877723693848,7.243170261383057
5061,404.7270580000004,-5.921875,-27.140625,41.0,5.921875,,242.00189208984375,,,,,,
5062,404.80533970000033,41.09375,-21.46875,-38.96875,-41.09375,,242.00189208984375,,,,,,
5063,404.8836058000006,27.15625,-21.546875,-2.583984375,-27.15625,,242.00189208984375,,,,,,
5064,404.97120970000014,85.3125,-42.875,-40.75,-85.3125,,242.00189208984375,,,,,,
5065,405.0467509,-6.73046875,-3.1875,-32.28125,6.73046875,,242.00189208984375,,,,,,
5066,405.12575540000034,-120.0,-30.1875,123.5625,120.0,,242.00189208984375,,,,,,
5067,405.2018012000008,-66.75,47.03125,43.53125,66.75,,242.00189208984375,,,,,,
5068,405.27812390000054,-139.0,-24.0625,140.5,139.0,,242.00189208984375,,,,,,
5069,405.35566259999996,-53.875,-25.46875,79.3125,53.875,,242.00189208984375,,,,,,
5070,405.43184400000064,12.8203125,-24.34375,32.65625,-12.8203125,,242.00189208984375,,,,,,
5071,405.5100271000001,-43.5625,-19.0625,59.34375,43.5625,,242.00189208984375,,,,,,
5072,405.58473270000013,-36.3125,-24.21875,44.75,36.3125,,242.00189208984375,,,,,,
5073,405.66374260000066,18.828125,-30.625,39.0,-18.828125,,242.00189208984375,,,,,,
5074,405.74004570000034,43.3125,-34.78125,-5.23828125,-43.3125,,242.00189208984375,,,,,,
5075,405.8180490000004,86.75,-12.6875,-69.25,-86.75,,242.00189208984375,,,,,,
5076,405.89831740000045,67.5,-19.375,-52.0,-67.5,,242.00189208984375,,,,,,
5077,405.974209,-63.03125,-24.640625,51.4375,63.03125,,242.00189208984375,,,,,,
5078,406.0521230000004,-47.15625,-20.75,103.75,47.15625,,242.00189208984375,,,,,,
5079,406.1280102999999,39.75,-24.125,-36.3125,-39.75,,242.00189208984375,,,,,,
5080,406.2108375000007,9.28125,-15.46875,-23.15625,-9.28125,,242.00189208984375,,8.471424102783203,1.2799495458602905,6.6289753913879395,8.369346618652344,10.787358283996582
5081,406.29251340000064,60.875,-31.1875,7.578125,-60.875,,242.00189208984375,,,,,,
5082,406.36755280000034,21.3125,-15.21875,-37.875,-21.3125,,242.00189208984375,,,,,,
5083,406.4448581000006,-33.59375,-20.515625,41.03125,33.59375,,242.00189208984375,,,,,,
5084,406.52132150000034,-75.0,-23.21875,82.3125,75.0,,242.00189208984375,,,,,,
5085,406.59786410000015,-33.03125,-26.4375,74.4375,33.03125,,242.00189208984375,,,,,,
5086,406.67434890000004,-113.125,12.4375,116.5625,113.125,,242.00189208984375,,,,,,
5087,406.7518110000001,-35.9375,-20.59375,75.875,35.9375,,242.00189208984375,,,,,,
5088,406.82915720000074,-68.125,-15.75,103.625,68.125,,242.00189208984375,,,,,,
5089,406.90498220000063,67.6875,-10.15625,-37.5,-67.6875,,242.00189208984375,,,,,,
5090,406.9809911000002,103.875,-35.3125,-28.265625,-103.875,,242.00189208984375,,,,,,
5091,407.05832290000035,62.28125,6.875,-76.375,-62.28125,,242.00189208984375,,,,,,
5092,407.13313330000074,-28.109375,-2.921875,26.4375,28.109375,,242.00189208984375,,,,,,
5093,407.2086573000006,-115.4375,-19.75,148.5,115.4375,,242.00189208984375,,,,,,
5094,407.2829978,-69.4375,-1.3125,91.0,69.4375,,242.00189208984375,,,,,,
5095,407.3614916000006,32.75,-24.1875,3.306640625,-32.75,,242.00189208984375,,,,,,
5096,407.4380293000004,76.8125,-28.640625,-30.390625,-76.8125,,242.00189208984375,,,,,,
5097,407.51520729999993,93.3125,-26.78125,-41.96875,-93.3125,,242.00189208984375,,,,,,
5098,407.5919208000005,80.0625,-17.59375,-59.84375,-80.0625,,242.00189208984375,,,,,,
5099,407.6673156000006,50.53125,-16.5,-34.0,-50.53125,,242.00189208984375,,,,,,
5100,407.7506867000002,-68.8125,-22.0625,69.5,68.8125,,242.00189208984375,,6.602972984313965,0.5788376331329346,5.739325046539307,6.5222649574279785,7.476687908172607
5101,407.82860880000044,-64.8125,-18.0625,83.8125,64.8125,,242.00189208984375,,,,,,
5102,407.9045992000001,-52.8125,-16.0,67.125,52.8125,,242.00189208984375,,,,,,
5103,407.9820705000002,-66.6875,-2.96875,49.8125,66.6875,,242.00189208984375,,,,,,
5104,408.05953130000034,-7.79296875,-20.515625,38.96875,7.79296875,,242.00189208984375,,,,,,
5105,408.13533200000074,55.65625,-56.8125,16.5,-55.65625,,242.00189208984375,,,,,,
5106,408.2116764000002,16.96875,-17.0,1.509765625,-16.96875,,242.00189208984375,,,,,,
5107,408.28740220000054,84.75,-20.0,-20.4375,-84.75,,242.00189208984375,,,,,,
5108,408.3654428,-0.303466796875,-13.7421875,-3.3359375,0.303466796875,,242.00189208984375,,,,,,
5109,408.44134290000056,-138.0,-7.25,137.75,138.0,,242.00189208984375,,,,,,
5110,408.5189895000003,6.9296875,-36.09375,44.96875,-6.9296875,,242.00189208984375,,,,,,
5111,408.59573640000053,-78.875,-10.25,83.6875,78.875,,242.00189208984375,,,,,,
5112,408.67296590000024,-47.28125,-20.5,49.65625,47.28125,,242.00189208984375,,,,,,
5113,408.75111600000037,13.3671875,-13.125,9.0390625,-13.3671875,,242.00189208984375,,,,,,
5114,408.8271725000004,49.40625,-18.109375,-29.984375,-49.40625,,242.00189208984375,,,,,,
5115,408.90594090000013,39.71875,-14.53125,-59.03125,-39.71875,,242.00189208984375,,,,,,
5116,408.9875722000006,61.46875,-15.9375,-91.875,-61.46875,,242.00189208984375,,,,,,
5117,409.0639680000004,55.53125,-18.71875,-35.71875,-55.53125,,242.00189208984375,,,,,,
5118,409.1406713000006,30.796875,-26.28125,-10.84375,-30.796875,,242.00189208984375,,,,,,
5119,409.2184393000007,34.875,-13.5390625,-13.4921875,-34.875,,242.00189208984375,,,,,,
5120,409.3002067000007,-22.046875,-22.5,9.90625,22.046875,,242.00189208984375,,6.561779499053955,0.5137887001037598,5.893184661865234,6.499356269836426,7.371279239654541
5121,409.3764200000005,-6.00390625,-45.4375,67.875,6.00390625,,242.00189208984375,,,,,,
5122,409.4524300000003,-61.625,-24.15625,68.25,61.625,,242.00189208984375,,,,,,
5123,409.5294339000002,-29.53125,-20.25,35.71875,29.53125,,242.00189208984375,,,,,,
5124,409.6056429,-67.4375,-37.46875,89.625,67.4375,,242.00189208984375,,,,,,
5125,409.6817338000001,9.3984375,-19.25,18.25,-9.3984375,,242.00189208984375,,,,,,
5126,409.75862420000067,5.796875,-11.421875,22.515625,-5.796875,,242.00189208984375,,,,,,
5127,409.83485330000076,55.6875,-17.5,-52.6875,-55.6875,,242.00189208984375,,,,,,
5128,409.91135699999995,-9.40625,-22.25,13.484375,9.40625,,242.00189208984375,,,,,,
5129,409.98818670000037,-99.5625,-31.6875,114.4375,99.5625,,242.00189208984375,,,,,,
5130,410.0643024000001,-7.98046875,-9.921875,-0.41015625,7.98046875,,242.00189208984375,,,,,,
5131,410.1413949000007,37.65625,5.9375,-62.5625,-37.65625,,242.00189208984375,,,,,,
5132,410.2183558000006,39.09375,-18.625,-11.109375,-39.09375,,242.00189208984375,,,,,,
5133,410.2943535000004,-3.86328125,-25.78125,17.0,3.86328125,,242.00189208984375,,,,,,
5134,410.3726348,5.6484375,-27.765625,24.09375,-5.6484375,,242.00189208984375,,,,,,
5135,410.4495456000004,24.140625,-18.03125,2.7734375,-24.140625,,242.00189208984375,,,,,,
5136,410.5249953000002,45.53125,-5.5,-73.6875,-45.53125,,242.00189208984375,,,,,,
5137,410.60239940000065,60.5625,-33.375,-27.953125,-60.5625,,242.00189208984375,,,,,,
5138,410.6808894000005,95.3125,-22.46875,-33.3125,-95.3125,,242.00189208984375,,,,,,
5139,410.75979030000053,65.875,-20.75,-46.8125,-65.875,,242.00189208984375,,,,,,
5140,410.8435801000005,43.03125,-33.5,-54.9375,-43.03125,,242.00189208984375,,6.748198509216309,1.106755018234253,4.614955425262451,7.061765670776367,8.217331886291504
5141,410.92305880000004,-54.09375,-17.59375,63.21875,54.09375,,242.00189208984375,,,,,,
5142,411.0017327000005,-37.46875,-10.375,105.6875,37.46875,,242.00189208984375,,,,,,
5143,411.07917240000006,-93.1875,-26.5,125.1875,93.1875,,242.00189208984375,,,,,,
5144,411.1584192,-25.90625,-22.375,55.78125,25.90625,,242.00189208984375,,,,,,
5145,411.23456370000076,14.140625,-19.8125,-24.625,-14.140625,,242.00189208984375,,,,,,
5146,411.3100361000006,-7.640625,-11.75,-2.814453125,7.640625,,242.00189208984375,,,,,,
5147,411.38534190000064,16.3125,-18.625,8.3671875,-16.3125,,242.00189208984375,,,,,,
5148,411.4632607000003,78.0,8.875,-73.0,-78.0,,242.00189208984375,,,,,,
5149,411.5391382000007,-72.125,-63.125,78.8125,72.125,,242.00189208984375,,,,,,
5150,411.61692590000075,-106.0,-19.8125,104.0625,106.0,,242.00189208984375,,,,,,
5151,411.6940327000002,-59.09375,-21.8125,100.6875,59.09375,,242.00189208984375,,,,,,
5152,411.7705586000002,49.28125,-22.8125,-6.12109375,-49.28125,,242.00189208984375,,,,,,
5153,411.8483156000002,105.4375,-6.4375,-76.875,-105.4375,,242.00189208984375,,,,,,
5154,411.9259099000001,97.5,-9.3125,-96.125,-97.5,,242.00189208984375,,,,,,
5155,412.0031340000005,-43.15625,-27.4375,65.5625,43.15625,,242.00189208984375,,,,,,
5156,412.08048620000045,-7.1953125,-10.828125,28.875,7.1953125,,242.00189208984375,,,,,,
5157,412.1589167000002,-22.703125,-20.953125,24.171875,22.703125,,242.00189208984375,,,,,,
5158,412.2373978000005,43.6875,-5.453125,-16.25,-43.6875,,242.00189208984375,,,,,,
5159,412.3145179000003,66.625,-42.3125,-29.0,-66.625,,242.00189208984375,,,,,,
5160,412.39576810000017,-22.015625,-21.40625,17.296875,22.015625,,242.00189208984375,,6.377900123596191,0.48166871070861816,5.603401184082031,6.365246295928955,7.296590328216553
5161,412.47262690000025,-48.78125,-24.5625,99.125,48.78125,,242.00189208984375,,,,,,
5162,412.5506604000002,15.59375,-26.1875,13.8125,-15.59375,,242.00189208984375,,,,,,
5163,412.63439970000036,76.125,-18.125,-35.3125,-76.125,,242.00189208984375,,,,,,
5164,412.7165423000006,54.5,-17.15625,-43.6875,-54.5,,242.00189208984375,,,,,,
5165,412.8020741,76.125,-2.5625,-88.0625,-76.125,,242.00189208984375,,,,,,
5166,412.89590170000065,64.375,-18.53125,-31.65625,-64.375,,242.00189208984375,,,,,,
5167,412.97900070000014,-13.890625,-24.953125,48.65625,13.890625,,242.00189208984375,,,,,,
5168,413.0654075000002,-26.15625,-17.90625,65.25,26.15625,,242.00189208984375,,,,,,
5169,413.14920299999994,-51.03125,-3.96875,63.625,51.03125,,242.00189208984375,,,,,,
5170,413.2373956000001,-89.375,-19.3125,115.25,89.375,,242.00189208984375,,,,,,
5171,413.31564359999993,-58.71875,-17.90625,77.625,58.71875,,242.00189208984375,,,,,,
5172,413.3957840000003,-71.375,-15.875,98.25,71.375,,242.00189208984375,,,,,,
5173,413.47368929999993,66.875,-47.6875,-12.828125,-66.875,,242.00189208984375,,,,,,
5174,413.55053320000025,49.59375,-34.9375,-5.41796875,-49.59375,,242.00189208984375,,,,,,
5175,413.6296600000005,43.78125,-13.0,-35.0625,-43.78125,,242.00189208984375,,,,,,
5176,413.7087224000006,43.15625,-6.26171875,-5.65234375,-43.15625,,242.00189208984375,,,,,,
5177,413.79009380000025,8.3515625,9.75,-12.421875,-8.3515625,,242.00189208984375,,,,,,
5178,413.8698027999999,-9.2265625,-24.421875,15.7421875,9.2265625,,242.00189208984375,,,,,,
5179,413.94708290000017,35.8125,-24.59375,6.96484375,-35.8125,,242.00189208984375,,,,,,
5180,414.03135980000025,-34.375,-6.53125,61.78125,34.375,,242.00189208984375,,5.842537879943848,0.42871224880218506,5.243064880371094,5.838562488555908,6.668833255767822
5181,414.11087020000014,-79.6875,-29.96875,83.8125,79.6875,,242.00189208984375,,,,,,
5182,414.1886709999999,33.84375,-35.71875,37.5,-33.84375,,242.00189208984375,,,,,,
5183,414.2694551000004,-1.484375,7.9375,-38.53125,1.484375,,242.00189208984375,,,,,,
5184,414.3623469000004,-78.8125,-22.25,115.75,78.8125,,242.00189208984375,,,,,,
5185,414.44601990000046,-33.4375,-18.03125,70.5,33.4375,,242.00189208984375,,,,,,
5186,414.5321283000003,4.125,-20.125,15.734375,-4.125,,242.00189208984375,,,,,,
5187,414.61635540000043,-8.828125,-22.828125,38.0,8.828125,,242.00189208984375,,,,,,
5188,414.69613840000056,-10.859375,-22.234375,23.59375,10.859375,,242.00189208984375,,,,,,
5189,414.7781350000005,-57.0625,-37.65625,77.0625,57.0625,,242.00189208984375,,,,,,
5190,414.8644245000005,-19.15625,-20.203125,39.46875,19.15625,,242.00189208984375,,,,,,
5191,414.9462953000002,62.875,-19.21875,-35.46875,-62.875,,242.00189208984375,,,,,,
5192,415.03738670000075,55.15625,-22.09375,-45.46875,-55.15625,,242.00189208984375,,,,,,
5193,415.12954810000065,112.0625,-40.46875,-51.21875,-112.0625,,242.00189208984375,,,,,,
5194,415.23278670000036,102.1875,-12.375,-76.9375,-102.1875,,242.00189208984375,,,,,,
5195,415.32031910000023,55.25,-22.171875,-30.515625,-55.25,,242.00189208984375,,,,,,
5196,415.4055788000005,-51.46875,-32.21875,86.375,51.46875,,242.00189208984375,,,,,,
5197,415.48308840000027,-108.1875,-36.5625,147.375,108.1875,,242.00189208984375,,,,,,
5198,415.5607473,-96.75,-22.5,132.375,96.75,,242.00189208984375,,,,,,
5199,415.6418440000007,-35.0625,-15.5625,69.6875,35.0625,,242.00189208984375,,,,,,
5200,415.7248875000005,55.78125,-39.09375,2.3671875,-55.78125,,242.00189208984375,,8.631526947021484,1.0143765211105347,6.9668803215026855,8.928831100463867,9.90896987915039
5201,415.8037409000008,110.75,-15.125,-109.1875,-110.75,,242.00189208984375,,,,,,
5202,415.88312900000074,69.625,-25.84375,-60.15625,-69.625,,242.00189208984375,,,,,,
5203,415.96215400000074,-79.25,-27.875,67.0,79.25,,242.00189208984375,,,,,,
5204,416.0425462000003,-79.4375,-28.125,116.0,79.4375,,242.00189208984375,,,,,,
5205,416.12313500000073,27.5625,-15.46875,29.09375,-27.5625,,242.00189208984375,,,,,,
5206,416.2013784999999,54.5625,-17.75,-38.125,-54.5625,,242.00189208984375,,,,,,
5207,416.27973610000026,84.9375,-17.375,-76.0,-84.9375,,242.00189208984375,,,,,,
5208,416.35930910000025,-32.0625,-24.09375,11.8671875,32.0625,,242.00189208984375,,,,,,
5209,416.4392920999999,-62.96875,-40.34375,86.0,62.96875,,242.00189208984375,,,,,,
5210,416.51796360000026,70.875,-16.0625,-37.75,-70.875,,242.00189208984375,,,,,,
5211,416.59725250000065,126.4375,-34.875,-67.75,-126.4375,,242.00189208984375,,,,,,
5212,416.67499230000067,93.9375,-15.0,-104.6875,-93.9375,,242.00189208984375,,,,,,
5213,416.75285970000004,-51.1875,-22.484375,35.40625,51.1875,,242.00189208984375,,,,,,
5214,416.83172470000045,-126.125,-31.3125,144.875,126.125,,242.00189208984375,,,,,,
5215,416.9147946000003,-72.625,-27.375,99.8125,72.625,,242.00189208984375,,,,,,
5216,416.99300290000065,19.71875,-21.5,10.0625,-19.71875,,242.00189208984375,,,,,,
5217,417.07012230000055,75.875,-26.625,-19.6875,-75.875,,242.00189208984375,,,,,,
5218,417.1486438000002,66.1875,-32.875,-65.6875,-66.1875,,242.00189208984375,,,,,,
5219,417.2284264,112.6875,-30.75,-73.9375,-112.6875,,242.00189208984375,,,,,,
5220,417.3112154999999,-9.96875,-9.2265625,-1.095703125,9.96875,,242.00189208984375,,5.968199729919434,0.3663640320301056,5.555759906768799,5.877447128295898,6.745633602142334
5221,417.3878949,-58.90625,-22.640625,53.09375,58.90625,,242.00189208984375,,,,,,
5222,417.46439100000043,-56.25,-22.875,103.6875,56.25,,242.00189208984375,,,,,,
5223,417.5420776000001,-84.1875,-25.3125,88.5625,84.1875,,242.00189208984375,,,,,,
5224,417.61890590000075,-17.984375,-9.4375,75.3125,17.984375,,242.00189208984375,,,,,,
5225,417.69647650000024,25.40625,-27.890625,13.25,-25.40625,,242.00189208984375,,,,,,
5226,417.77425630000016,51.90625,-27.796875,-27.421875,-51.90625,,242.00189208984375,,,,,,
5227,417.8498995,30.6875,-22.46875,17.453125,-30.6875,,242.00189208984375,,,,,,
5228,417.92605080000067,29.84375,-26.875,-1.7685546875,-29.84375,,242.00189208984375,,,,,,
5229,418.00420980000035,-6.3359375,-19.234375,7.73046875,6.3359375,,242.00189208984375,,,,,,
5230,418.08028230000036,19.0,-8.4921875,24.265625,-19.0,,242.00189208984375,,,,,,
5231,418.15797810000004,31.140625,-16.46875,-13.40625,-31.140625,,242.00189208984375,,,,,,
5232,418.2355838000003,-19.171875,-24.203125,25.46875,19.171875,,242.00189208984375,,,,,,
5233,418.3126200000006,-73.1875,-27.75,64.5,73.1875,,242.00189208984375,,,,,,
5234,418.38784750000013,-94.6875,-17.4375,81.8125,94.6875,,242.00189208984375,,,,,,
5235,418.4671865,-48.9375,-13.34375,70.625,48.9375,,242.00189208984375,,,,,,
5236,418.54316000000017,13.421875,-21.6875,-6.57421875,-13.421875,,242.00189208984375,,,,,,
5237,418.6255092000001,13.7734375,-14.203125,18.796875,-13.7734375,,242.00189208984375,,,,,,
5238,418.7029143,65.375,-17.25,-32.84375,-65.375,,242.00189208984375,,,,,,
5239,418.78020390000074,19.703125,-26.125,-9.9140625,-19.703125,,242.00189208984375,,,,,,
5240,418.8625847000003,-15.421875,-27.34375,40.0,15.421875,,242.00189208984375,,7.92889404296875,1.5475022792816162,4.534912586212158,8.269075393676758,9.876232147216797
5241,418.9397888000003,-36.71875,-28.0,63.75,36.71875,,242.00189208984375,,,,,,
5242,419.0181083000007,29.140625,-20.671875,19.203125,-29.140625,,242.00189208984375,,,,,,
5243,419.09641230000034,20.265625,-17.09375,-38.875,-20.265625,,242.00189208984375,,,,,,
5244,419.1768111000001,45.71875,-29.359375,23.53125,-45.71875,,242.00189208984375,,,,,,
5245,419.25250380000034,36.28125,-6.875,-16.359375,-36.28125,,242.00189208984375,,,,,,
5246,419.33002639999995,10.1875,-16.296875,-9.1875,-10.1875,,242.00189208984375,,,,,,
5247,419.4090328000002,-50.40625,-21.40625,69.1875,50.40625,,242.00189208984375,,,,,,
5248,419.48501730000044,-102.1875,-7.0625,115.0,102.1875,,242.00189208984375,,,,,,
5249,419.5628391,26.15625,-23.21875,-33.3125,-26.15625,,242.00189208984375,,,,,,
5250,419.6420222000006,85.5,18.5,-93.1875,-85.5,,242.00189208984375,,,,,,
5251,419.7195781999999,59.15625,-27.53125,-34.21875,-59.15625,,242.00189208984375,,,,,,
5252,419.79733600000054,-25.0625,-21.8125,48.625,25.0625,,242.00189208984375,,,,,,
5253,419.8765407000001,28.328125,-18.96875,-34.15625,-28.328125,,242.00189208984375,,,,,,
5254,419.9527613999999,10.1171875,-24.328125,22.671875,-10.1171875,,242.00189208984375,,,,,,
5255,420.0287100000005,102.875,-8.9375,-79.9375,-102.875,,242.00189208984375,,,,,,
5256,420.1062520000005,-17.03125,-10.3828125,0.42041015625,17.03125,,242.00189208984375,,,,,,
5257,420.1833478000008,7.47265625,-24.78125,21.96875,-7.47265625,,242.00189208984375,,,,,,
5258,420.2610429000006,22.015625,-5.0625,-0.6689453125,-22.015625,,242.00189208984375,,,,,,
5259,420.33736600000066,-26.9375,-24.015625,53.625,26.9375,,242.00189208984375,,,,,,
5260,420.4200905000007,-12.3984375,-13.2734375,22.390625,12.3984375,,242.00189208984375,,6.039271354675293,0.400553435087204,5.48357629776001,5.986110210418701,6.625539302825928
5261,420.4967348,-7.94921875,-30.890625,43.28125,7.94921875,,242.00189208984375,,,,,,
5262,420.57315070000004,-10.8828125,-11.265625,24.8125,10.8828125,,242.00189208984375,,,,,,
5263,420.64936260000013,-2.03125,-17.0625,41.46875,2.03125,,242.00189208984375,,,,,,
5264,420.7278231,13.5,-15.875,21.421875,-13.5,,242.00189208984375,,,,,,
5265,420.80586100000073,29.4375,-17.140625,-0.072265625,-29.4375,,242.00189208984375,,,,,,
5266,420.8821134,-7.234375,-3.6796875,-5.2421875,7.234375,,242.00189208984375,,,,,,
5267,420.9602766000007,0.1729736328125,-20.3125,40.0625,-0.1729736328125,,242.00189208984375,,,,,,
5268,421.0364453000002,28.921875,-2.125,-26.625,-28.921875,,242.00189208984375,,,,,,
5269,421.1138213000004,29.5625,-7.65625,-21.953125,-29.5625,,242.00189208984375,,,,,,
5270,421.19086890000017,19.296875,-30.640625,7.78515625,-19.296875,,242.00189208984375,,,,,,
5271,421.2667271,-24.65625,-19.015625,16.84375,24.65625,,242.00189208984375,,,,,,
5272,421.3442481000002,20.359375,-44.78125,23.921875,-20.359375,,242.00189208984375,,,,,,
5273,421.4201554000001,-51.96875,-40.8125,52.625,51.96875,,242.00189208984375,,,,,,
5274,421.4986144000004,61.21875,-34.96875,3.732421875,-61.21875,,242.00189208984375,,,,,,
5275,421.57802510000056,88.875,-26.0625,-65.875,-88.875,,242.00189208984375,,,,,,
5276,421.6544607000005,7.28125,-16.4375,23.78125,-7.28125,,242.00189208984375,,,,,,
5277,421.7297219000002,-31.203125,-19.03125,44.78125,31.203125,,242.00189208984375,,,,,,
5278,421.80698350000057,-61.15625,-16.625,61.65625,61.15625,,242.00189208984375,,,,,,
5279,421.88720580000063,-33.90625,-19.59375,62.90625,33.90625,,242.00189208984375,,,,,,
5280,421.9700532000006,1.34765625,-26.140625,43.53125,-1.34765625,,242.00189208984375,,6.725224018096924,0.6369292140007019,5.872401714324951,6.607442855834961,7.851751804351807
5281,422.0470098000005,42.53125,-18.265625,-31.734375,-42.53125,,242.00189208984375,,,,,,
5282,422.1242705000004,31.46875,-24.3125,-50.3125,-31.46875,,242.00189208984375,,,,,,
5283,422.20361370000046,-9.109375,-25.65625,16.5625,9.109375,,242.00189208984375,,,,,,
5284,422.28067100000044,8.1640625,-22.15625,-0.1739501953125,-8.1640625,,242.00189208984375,,,,,,
5285,422.3575516000001,25.8125,-17.71875,-4.7265625,-25.8125,,242.00189208984375,,,,,,
5286,422.43427130000055,34.5625,-19.171875,2.796875,-34.5625,,242.00189208984375,,,,,,
5287,422.51176770000075,45.53125,-68.4375,19.859375,-45.53125,,242.00189208984375,,,,,,
5288,422.58933180000076,-32.53125,5.10546875,-11.9609375,32.53125,,242.00189208984375,,,,,,
5289,422.6655844000006,-80.875,-40.5625,117.5,80.875,,242.00189208984375,,,,,,
5290,422.74425450000035,-65.1875,-4.25,74.8125,65.1875,,242.00189208984375,,,,,,
5291,422.82296490000044,12.21875,-23.59375,10.4296875,-12.21875,,242.00189208984375,,,,,,
5292,422.9012036000004,73.75,-25.0625,-33.96875,-73.75,,242.00189208984375,,,,,,
5293,422.9798500000006,-20.140625,-29.5,50.84375,20.140625,,242.00189208984375,,,,,,
5294,423.05637110000043,25.921875,-37.25,-6.39453125,-25.921875,,242.00189208984375,,,,,,
5295,423.1335200000003,-19.0,-0.4296875,5.31640625,19.0,,242.00189208984375,,,,,,
5296,423.2108005,41.5625,-9.015625,12.34375,-41.5625,,242.00189208984375,,,,,,
5297,423.2869599000005,63.46875,-27.109375,-23.828125,-63.46875,,242.00189208984375,,,,,,
5298,423.36403380000047,4.234375,-14.953125,-5.50390625,-4.234375,,242.00189208984375,,,,,,
5299,423.4413075000002,26.296875,-23.0,-4.1796875,-26.296875,,242.00189208984375,,,,,,
5300,423.5249668000006,-18.46875,-22.46875,45.75,18.46875,,242.00189208984375,,6.102650165557861,0.5279762744903564,5.461215496063232,5.943084716796875,7.038768291473389
5301,423.6022522000003,-25.46875,-32.9375,69.875,25.46875,,242.00189208984375,,,,,,
5302,423.6798669,-65.125,-22.4375,97.875,65.125,,242.00189208984375,,,,,,
5303,423.7603914000001,-69.1875,-23.6875,68.1875,69.1875,,242.00189208984375,,,,,,
5304,423.8367882000002,9.828125,-3.375,12.5234375,-9.828125,,242.00189208984375,,,,,,
5305,423.91581250000036,39.34375,-76.25,21.4375,-39.34375,,242.00189208984375,,,,,,
5306,423.993872,45.59375,-2.6875,-24.53125,-45.59375,,242.00189208984375,,,,,,
5307,424.0711166000001,39.9375,-25.59375,-7.8359375,-39.9375,,242.00189208984375,,,,,,
5308,424.1467472000004,1.9873046875,-22.140625,7.86328125,-1.9873046875,,242.00189208984375,,,,,,
5309,424.22579250000035,-4.359375,-29.234375,31.421875,4.359375,,242.00189208984375,,,,,,
5310,424.3029286000001,57.125,-22.84375,2.185546875,-57.125,,242.00189208984375,,,,,,
5311,424.3802902000007,75.375,-18.5625,-42.46875,-75.375,,242.00189208984375,,,,,,
5312,424.45796100000007,2.904296875,-16.8125,-3.810546875,-2.904296875,,242.00189208984375,,,,,,
5313,424.53496170000017,-49.9375,-11.515625,27.953125,49.9375,,242.00189208984375,,,,,,
5314,424.6131350000005,-109.8125,-27.5625,123.25,109.8125,,242.00189208984375,,,,,,
5315,424.69178060000013,-101.75,-24.375,121.9375,101.75,,242.00189208984375,,,,,,
5316,424.76957800000037,-67.875,-13.875,94.5625,67.875,,242.00189208984375,,,,,,
5317,424.84861830000045,87.875,-43.90625,-9.21875,-87.875,,242.00189208984375,,,,,,
5318,424.9262596000008,110.125,-27.9375,-80.625,-110.125,,242.00189208984375,,,,,,
5319,425.00239910000073,53.34375,-28.5625,-44.0,-53.34375,,242.00189208984375,,,,,,
5320,425.0857928000005,-4.1328125,-15.578125,-3.345703125,4.1328125,,242.00189208984375,,6.129703521728516,0.43202680349349976,5.5726728439331055,6.0209550857543945,6.9266862869262695
5321,425.1621740999999,-98.6875,-20.3125,115.5,98.6875,,242.00189208984375,,,,,,
5322,425.2417722,-101.4375,-15.75,128.875,101.4375,,242.00189208984375,,,,,,
5323,425.32029970000076,16.5625,-18.46875,55.84375,-16.5625,,242.00189208984375,,,,,,
5324,425.39695140000003,62.4375,-3.0625,-56.40625,-62.4375,,242.00189208984375,,,,,,
5325,425.4747352000004,66.3125,-25.46875,-60.53125,-66.3125,,242.00189208984375,,,,,,
5326,425.5523049000003,-46.15625,-35.375,40.28125,46.15625,,242.00189208984375,,,,,,
5327,425.63127970000005,-6.0078125,-19.96875,36.5625,6.0078125,,242.00189208984375,,,,,,
5328,425.7076962000001,111.875,-34.40625,-39.28125,-111.875,,242.00189208984375,,,,,,
5329,425.7859305000002,18.40625,-18.390625,2.783203125,-18.40625,,242.00189208984375,,,,,,
5330,425.86548200000016,-37.375,-25.5,45.21875,37.375,,242.00189208984375,,,,,,
5331,425.9430102000006,-85.6875,-29.6875,102.375,85.6875,,242.00189208984375,,,,,,
5332,426.0216880000007,-75.25,-7.0,94.375,75.25,,242.00189208984375,,,,,,
5333,426.0968843999999,34.65625,-30.828125,-10.515625,-34.65625,,242.00189208984375,,,,,,
5334,426.1747335,19.921875,-12.328125,-18.71875,-19.921875,,242.00189208984375,,,,,,
5335,426.2547903000004,72.0625,-24.75,-30.5625,-72.0625,,242.00189208984375,,,,,,
5336,426.3306854000002,74.0625,-32.375,-26.046875,-74.0625,,242.00189208984375,,,,,,
5337,426.40735760000007,18.46875,-26.25,31.15625,-18.46875,,242.00189208984375,,,,,,
5338,426.4847641000006,-76.75,-100.75,187.0,76.75,,242.00189208984375,,,,,,
5339,426.5619230000002,-108.5625,-20.8125,139.125,108.5625,,242.00189208984375,,,,,,
5340,426.64514000000054,-37.3125,-17.96875,64.5,37.3125,,242.00189208984375,,5.894085884094238,0.4775499999523163,5.311996936798096,5.869111061096191,6.684140682220459
5341,426.7239253000007,-34.09375,-27.1875,75.9375,34.09375,,242.00189208984375,,,,,,
5342,426.8023224000008,57.40625,-38.46875,32.875,-57.40625,,242.00189208984375,,,,,,
5343,426.8797701000003,74.8125,-19.234375,-26.703125,-74.8125,,242.00189208984375,,,,,,
5344,426.9577893000005,55.40625,-28.90625,-42.28125,-55.40625,,242.00189208984375,,,,,,
5345,427.0360371000006,-7.0234375,-19.65625,9.375,7.0234375,,242.00189208984375,,,,,,
5346,427.1155625000001,-35.28125,0.1875,56.3125,35.28125,,242.00189208984375,,,,,,
5347,427.1972646000004,-63.28125,-20.25,86.9375,63.28125,,242.00189208984375,,,,,,
5348,427.2731131999999,-23.53125,-27.71875,60.0,23.53125,,242.00189208984375,,,,,,
5349,427.37991580000016,78.6875,-22.03125,-42.03125,-78.6875,,242.00189208984375,,,,,,
5350,427.45787460000065,115.375,-10.0625,-74.3125,-115.375,,242.00189208984375,,,,,,
5351,427.53400070000043,33.875,-22.375,-23.875,-33.875,,242.00189208984375,,,,,,
5352,427.6125602000002,28.296875,-17.390625,-2.70703125,-28.296875,,242.00189208984375,,,,,,
5353,427.68756100000064,-51.875,-17.921875,40.71875,51.875,,242.00189208984375,,,,,,
5354,427.7648052000004,-99.1875,-23.875,106.5,99.1875,,242.00189208984375,,,,,,
5355,427.8417958,-46.1875,-20.875,93.75,46.1875,,242.00189208984375,,,,,,
5356,427.92133920000015,5.3125,-19.96875,14.2421875,-5.3125,,242.00189208984375,,,,,,
5357,427.9978811000001,-35.625,-17.9375,66.3125,35.625,,242.00189208984375,,,,,,
5358,428.07523540000057,12.890625,-22.875,9.109375,-12.890625,,242.00189208984375,,,,,,
5359,428.1546773,1.7626953125,-21.578125,27.421875,-1.7626953125,,242.00189208984375,,,,,,
5360,428.2387617000004,-25.53125,-20.171875,47.125,25.53125,,242.00189208984375,,6.120985984802246,0.5321752429008484,5.427953243255615,6.0626726150512695,7.11322546005249
5361,428.3157062999999,-9.828125,-20.6875,59.90625,9.828125,,242.00189208984375,,,,,,
5362,428.3928192000003,29.046875,-7.84375,39.96875,-29.046875,,242.00189208984375,,,,,,
5363,428.4697664000005,71.4375,-22.34375,-42.71875,-71.4375,,242.00189208984375,,,,,,
5364,428.5460174,37.65625,-18.6875,-43.59375,-37.65625,,242.00189208984375,,,,,,
5365,428.62287170000036,5.7265625,-20.0,28.90625,-5.7265625,,242.00189208984375,,,,,,
5366,428.7010426000006,-36.875,-15.71875,72.0,36.875,,242.00189208984375,,,,,,
5367,428.7771436000003,-27.671875,-20.53125,62.1875,27.671875,,242.00189208984375,,,,,,
5368,428.8550184000005,-63.90625,-29.5,87.875,63.90625,,242.00189208984375,,,,,,
5369,428.9331135000002,-69.625,-27.3125,96.3125,69.625,,242.00189208984375,,,,,,
5370,429.01020289999997,9.65625,-22.90625,18.890625,-9.65625,,242.00189208984375,,,,,,
5371,429.08882020000055,62.21875,-14.046875,-6.63671875,-62.21875,,242.00189208984375,,,,,,
5372,429.1665044000001,44.25,-29.390625,15.4609375,-44.25,,242.00189208984375,,,,,,
5373,429.24421299999995,26.703125,-17.1875,-14.8359375,-26.703125,,242.00189208984375,,,,,,
5374,429.32338640000035,38.6875,-25.796875,-23.515625,-38.6875,,242.00189208984375,,,,,,
5375,429.4002000999999,35.09375,-25.75,-1.8154296875,-35.09375,,242.00189208984375,,,,,,
5376,429.4769175000001,101.5625,-25.875,-63.3125,-101.5625,,242.00189208984375,,,,,,
5377,429.5588146,38.8125,1.96875,-44.375,-38.8125,,242.00189208984375,,,,,,
5378,429.6373429000005,-99.8125,-33.75,115.9375,99.8125,,242.00189208984375,,,,,,
5379,429.7149779000001,-99.75,-26.875,103.75,99.75,,242.00189208984375,,,,,,
5380,429.80120420000003,5.66796875,-12.1171875,-9.6953125,-5.66796875,,242.00189208984375,,8.75074577331543,0.8964136838912964,7.187489032745361,8.851322174072266,9.938775062561035
5381,429.8768571999999,-62.34375,-21.875,83.625,62.34375,,242.00189208984375,,,,,,
5382,429.9558284000004,-29.625,-3.75,48.0625,29.625,,242.00189208984375,,,,,,
5383,430.0351266000007,39.46875,-16.21875,-3.3671875,-39.46875,,242.00189208984375,,,,,,
5384,430.11368949999996,137.0,-37.9375,-70.875,-137.0,,242.00189208984375,,,,,,
5385,430.1893227999999,54.8125,-12.6875,-52.625,-54.8125,,242.00189208984375,,,,,,
5386,430.2709523000003,-10.6796875,-22.3125,19.578125,10.6796875,,242.00189208984375,,,,,,
5387,430.3482899999999,0.0828857421875,-16.4375,16.765625,-0.0828857421875,,242.00189208984375,,,,,,
5388,430.42569860000003,-57.96875,-26.0,84.875,57.96875,,242.00189208984375,,,,,,
5389,430.5037841000003,-72.5,-26.25,91.4375,72.5,,242.00189208984375,,,,,,
5390,430.58146810000017,29.234375,-26.40625,7.31640625,-29.234375,,242.00189208984375,,,,,,
5391,430.6591333000006,14.953125,-14.5703125,-10.6953125,-14.953125,,242.00189208984375,,,,,,
5392,430.7375221000002,40.03125,-20.1875,-7.125,-40.03125,,242.00189208984375,,,,,,
5393,430.81432660000064,-12.9375,-16.125,-7.8046875,12.9375,,242.00189208984375,,,,,,
5394,430.8930700000001,-59.28125,-26.5625,78.9375,59.28125,,242.00189208984375,,,,,,
5395,430.96973660000003,-30.265625,-18.0625,49.46875,30.265625,,242.00189208984375,,,,,,
5396,431.04567210000005,-119.6875,-19.125,125.0,119.6875,,242.00189208984375,,,,,,
5397,431.12412230000064,-5.68359375,-12.953125,37.90625,5.68359375,,242.00189208984375,,,,,,
5398,431.20127240000056,91.4375,-5.6875,-37.53125,-91.4375,,242.00189208984375,,,,,,
5399,431.2786352000003,74.5,-16.0,-64.0,-74.5,,242.00189208984375,,,,,,
5400,431.3607211000008,8.546875,-23.734375,6.4375,-8.546875,,242.00189208984375,,6.563528060913086,0.563118577003479,5.598970413208008,6.5896711349487305,7.39090633392334
5401,431.4391060000007,-33.15625,-22.796875,40.09375,33.15625,,242.00189208984375,,,,,,
5402,431.5163757999999,-36.125,-37.875,65.5,36.125,,242.00189208984375,,,,,,
5403,431.5937610000001,19.40625,-24.1875,10.296875,-19.40625,,242.00189208984375,,,,,,
5404,431.6718200000005,45.625,-30.28125,12.6796875,-45.625,,242.00189208984375,,,,,,
5405,431.7498903000005,93.1875,-26.3125,-42.1875,-93.1875,,242.00189208984375,,,,,,
5406,431.8273816000001,-95.1875,-66.4375,110.875,95.1875,,242.00189208984375,,,,,,
5407,431.90633870000056,-114.9375,-31.5,160.625,114.9375,,242.00189208984375,,,,,,
5408,431.98235230000046,31.71875,-5.984375,33.78125,-31.71875,,242.00189208984375,,,,,,
5409,432.06052270000055,48.53125,-60.75,38.1875,-48.53125,,242.00189208984375,,,,,,
5410,432.1378702000002,22.359375,-42.78125,52.40625,-22.359375,,242.00189208984375,,,,,,
5411,432.2156866000005,18.390625,-30.09375,-11.3046875,-18.390625,,242.00189208984375,,,,,,
5412,432.2920281000006,-32.15625,-53.0,72.25,32.15625,,242.00189208984375,,,,,,
5413,432.37015770000016,-34.5625,-26.34375,39.90625,34.5625,,242.00189208984375,,,,,,
5414,432.44876100000056,-53.0625,-19.03125,78.8125,53.0625,,242.00189208984375,,,,,,
5415,432.5295587999999,26.40625,-32.6875,0.6044921875,-26.40625,,242.00189208984375,,,,,,
5416,432.6072548000002,38.21875,-20.4375,-24.53125,-38.21875,,242.00189208984375,,,,,,
5417,432.6847846999999,50.71875,-18.4375,-18.625,-50.71875,,242.00189208984375,,,,,,
5418,432.7611551,-8.890625,-22.265625,-7.796875,8.890625,,242.00189208984375,,,,,,
5419,432.83864750000066,-51.46875,-4.78125,54.03125,51.46875,,242.00189208984375,,,,,,
5420,432.9207701000005,39.3125,-20.375,-27.1875,-39.3125,,242.00189208984375,,6.3117475509643555,0.4412466585636139,5.756368160247803,6.285562992095947,7.12887716293335
5421,432.99771899999996,23.5,-4.5703125,-15.7890625,-23.5,,242.00189208984375,,,,,,
5422,433.0748721,35.875,-15.5625,11.2109375,-35.875,,242.00189208984375,,,,,,
5423,433.1526936,16.15625,-15.375,-13.96875,-16.15625,,242.00189208984375,,,,,,
5424,433.23039210000024,-68.625,-31.46875,90.9375,68.625,,242.00189208984375,,,,,,
5425,433.30790870000055,-23.671875,-15.5625,35.71875,23.671875,,242.00189208984375,,,,,,
5426,433.3845202000002,8.6484375,-23.71875,30.796875,-8.6484375,,242.00189208984375,,,,,,
5427,433.4618784000004,34.34375,-14.59375,-32.625,-34.34375,,242.00189208984375,,,,,,
5428,433.5378552000002,92.0625,-22.28125,-41.78125,-92.0625,,242.00189208984375,,,,,,
5429,433.6147226000003,4.6796875,-27.34375,5.71875,-4.6796875,,242.00189208984375,,,,,,
5430,433.69195820000004,28.34375,-11.828125,-3.56640625,-28.34375,,242.00189208984375,,,,,,
5431,433.7709726000003,11.1953125,-12.9609375,4.2890625,-11.1953125,,242.00189208984375,,,,,,
5432,433.84789870000077,-30.578125,-25.21875,40.65625,30.578125,,242.00189208984375,,,,,,
5433,433.9255525000008,-67.6875,-27.8125,81.4375,67.6875,,242.00189208984375,,,,,,
5434,434.00447020000047,-21.84375,-16.578125,44.28125,21.84375,,242.00189208984375,,,,,,
5435,434.08141109999997,1.08984375,-3.07421875,-4.23828125,-1.08984375,,242.00189208984375,,,,,,
5436,434.15740020000067,55.75,-30.34375,3.5546875,-55.75,,242.00189208984375,,,,,,
5437,434.2343584,27.15625,-25.40625,-5.9296875,-27.15625,,242.00189208984375,,,,,,
5438,434.31475820000014,-50.46875,-20.03125,37.03125,50.46875,,242.00189208984375,,,,,,
5439,434.39133390000006,-29.75,-20.6875,70.0625,29.75,,242.00189208984375,,,,,,
5440,434.4761490000001,-64.0625,-14.3125,89.5,64.0625,,242.00189208984375,,6.492327690124512,0.6304417252540588,5.7410664558410645,6.343841552734375,7.619227409362793
5441,434.55224309999994,-86.625,-22.0625,120.375,86.625,,242.00189208984375,,,,,,
5442,434.6318304000006,-132.375,-24.5625,137.375,132.375,,242.00189208984375,,,,,,
5443,434.70809290000034,-59.5625,-18.6875,95.6875,59.5625,,242.00189208984375,,,,,,
5444,434.7846507000004,2.27734375,-17.703125,34.1875,-2.27734375,,242.00189208984375,,,,,,
5445,434.86162650000006,97.6875,-29.78125,-42.78125,-97.6875,,242.00189208984375,,,,,,
5446,434.9389004000004,117.875,-7.0,-90.25,-117.875,,242.00189208984375,,,,,,
5447,435.0176308,42.25,-28.8125,-15.6171875,-42.25,,242.00189208984375,,,,,,
5448,435.09391420000065,86.1875,-31.171875,-29.109375,-86.1875,,242.00189208984375,,,,,,
5449,435.1705679000006,44.9375,-21.71875,-15.5390625,-44.9375,,242.00189208984375,,,,,,
5450,435.2489562999999,-69.25,-14.703125,35.46875,69.25,,242.00189208984375,,,,,,
5451,435.3241442000008,-65.4375,-22.65625,75.0,65.4375,,242.00189208984375,,,,,,
5452,435.40138990000014,17.9375,-14.40625,14.4296875,-17.9375,,242.00189208984375,,,,,,
5453,435.47812690000046,32.28125,-22.125,-12.8359375,-32.28125,,242.00189208984375,,,,,,
5454,435.5556927000007,6.7109375,-13.8125,7.46484375,-6.7109375,,242.00189208984375,,,,,,
5455,435.63285390000055,-13.6875,-16.59375,53.375,13.6875,,242.00189208984375,,,,,,
5456,435.71088150000014,51.59375,-26.21875,-8.8515625,-51.59375,,242.00189208984375,,,,,,
5457,435.78836670000055,22.640625,-42.75,20.703125,-22.640625,,242.00189208984375,,,,,,
5458,435.86536760000035,23.421875,-30.65625,15.0390625,-23.421875,,242.00189208984375,,,,,,
5459,435.94304009999996,-45.75,-27.71875,57.96875,45.75,,242.00189208984375,,,,,,
5460,436.02721980000024,-30.171875,-20.65625,59.46875,30.171875,,242.00189208984375,,6.426420211791992,0.5493956208229065,5.817448616027832,6.281102657318115,7.683940410614014
5461,436.1031225000006,-80.25,-16.1875,93.375,80.25,,242.00189208984375,,,,,,
5462,436.1821651,40.34375,-28.84375,9.8515625,-40.34375,,242.00189208984375,,,,,,
5463,436.2587048000005,-10.3984375,-15.5390625,30.125,10.3984375,,242.00189208984375,,,,,,
5464,436.3353364000004,-0.57861328125,-22.203125,18.21875,0.57861328125,,242.00189208984375,,,,,,
5465,436.41287900000043,77.875,-18.4375,-50.1875,-77.875,,242.00189208984375,,,,,,
5466,436.49123430000054,-42.84375,-21.15625,37.8125,42.84375,,242.00189208984375,,,,,,
5467,436.56823729999996,-46.0,-13.375,71.5625,46.0,,242.00189208984375,,,,,,
5468,436.6459461000004,1.6669921875,-21.75,17.96875,-1.6669921875,,242.00189208984375,,,,,,
5469,436.72284480000053,22.75,-4.578125,-4.8046875,-22.75,,242.00189208984375,,,,,,
5470,436.7997273000001,39.46875,-19.171875,-17.984375,-39.46875,,242.00189208984375,,,,,,
5471,436.8776269,-3.58203125,-19.609375,2.625,3.58203125,,242.00189208984375,,,,,,
5472,436.9550024,-12.8671875,-10.796875,21.171875,12.8671875,,242.00189208984375,,,,,,
5473,437.0318857000002,-1.0185546875,-14.796875,3.21484375,1.0185546875,,242.00189208984375,,,,,,
5474,437.1123152,120.25,-16.9375,-53.5625,-120.25,,242.00189208984375,,,,,,
5475,437.1882678000002,33.5625,-22.46875,-16.1875,-33.5625,,242.00189208984375,,,,,,
5476,437.26479220000056,39.6875,-17.328125,-29.171875,-39.6875,,242.00189208984375,,,,,,
5477,437.34093140000004,3.0,-32.8125,39.0625,-3.0,,242.00189208984375,,,,,,
5478,437.4196688000002,-49.125,-5.375,53.125,49.125,,242.00189208984375,,,,,,
5479,437.4981127000001,-25.640625,-16.15625,44.125,25.640625,,242.00189208984375,,,,,,
5480,437.57792300000074,-35.5625,-14.6328125,30.21875,35.5625,,242.00189208984375,,8.527399063110352,1.085010290145874,6.392178535461426,8.695398330688477,9.87175464630127
5481,437.65766370000074,-99.9375,-12.5625,110.75,99.9375,,242.00189208984375,,,,,,
5482,437.7341034000001,10.03125,-17.46875,50.46875,-10.03125,,242.00189208984375,,,,,,
5483,437.81073220000053,44.09375,-15.8203125,4.265625,-44.09375,,242.00189208984375,,,,,,
5484,437.88802830000077,68.3125,-13.625,-98.375,-68.3125,,242.00189208984375,,,,,,
5485,437.9651780000004,90.25,-20.453125,-21.203125,-90.25,,242.00189208984375,,,,,,
5486,438.0437096000005,42.21875,-22.546875,-25.953125,-42.21875,,242.00189208984375,,,,,,
5487,438.12135650000073,22.03125,-21.53125,1.3076171875,-22.03125,,242.00189208984375,,,,,,
5488,438.1976837000002,5.03125,-23.90625,14.390625,-5.03125,,242.00189208984375,,,,,,
5489,438.2754543000001,-96.5,-18.125,116.8125,96.5,,242.00189208984375,,,,,,
5490,438.35397660000035,-47.25,-16.09375,78.3125,47.25,,242.00189208984375,,,,,,
5491,438.43262159999995,-27.21875,-17.46875,51.3125,27.21875,,242.00189208984375,,,,,,
5492,438.51323540000067,22.0625,-19.625,21.546875,-22.0625,,242.00189208984375,,,,,,
5493,438.58950730000015,-8.4921875,-11.515625,-6.80859375,8.4921875,,242.00189208984375,,,,,,
5494,438.66838000000007,-32.8125,-14.890625,40.21875,32.8125,,242.00189208984375,,,,,,
5495,438.74548720000075,-16.21875,-23.75,30.0,16.21875,,242.00189208984375,,,,,,
5496,438.82236550000016,69.5625,-72.75,25.78125,-69.5625,,242.00189208984375,,,,,,
5497,438.89821160000065,27.75,-60.65625,52.90625,-27.75,,242.00189208984375,,,,,,
5498,438.97675530000015,94.3125,-17.03125,-44.9375,-94.3125,,242.00189208984375,,,,,,
5499,439.05494160000035,25.0,-29.8125,8.2109375,-25.0,,242.00189208984375,,,,,,
5500,439.1373646000002,-41.84375,-24.234375,51.53125,41.84375,,242.00189208984375,,7.181336879730225,0.7010048031806946,6.297756195068359,7.126979827880859,8.376934051513672
5501,439.2162281000001,-115.0625,-24.75,153.375,115.0625,,242.00189208984375,,,,,,
5502,439.29137510000055,-77.0625,-17.21875,73.0,77.0625,,242.00189208984375,,,,,,
5503,439.36945319999995,40.375,-25.015625,7.30859375,-40.375,,242.00189208984375,,,,,,
5504,439.4459904000005,86.8125,2.8125,-53.40625,-86.8125,,242.00189208984375,,,,,,
5505,439.5227493000002,58.6875,-23.09375,-61.90625,-58.6875,,242.00189208984375,,,,,,
5506,439.5986485000003,24.375,-22.375,-47.9375,-24.375,,242.00189208984375,,,,,,
5507,439.6766271000006,29.546875,-25.265625,4.38671875,-29.546875,,242.00189208984375,,,,,,
5508,439.7542529000002,-26.71875,-26.21875,46.03125,26.71875,,242.00189208984375,,,,,,
5509,439.83171850000053,27.984375,-43.625,38.71875,-27.984375,,242.00189208984375,,,,,,
5510,439.9105612000003,98.8125,-12.0625,-88.1875,-98.8125,,242.00189208984375,,,,,,
5511,439.98789450000004,36.46875,-11.15625,-56.59375,-36.46875,,242.00189208984375,,,,,,
5512,440.06471150000016,90.3125,-17.6875,-70.75,-90.3125,,242.00189208984375,,,,,,
5513,440.14080880000074,-74.0625,-26.875,91.6875,74.0625,,242.00189208984375,,,,,,
5514,440.21759180000026,-84.3125,-20.59375,81.375,84.3125,,242.00189208984375,,,,,,
5515,440.2972982000001,-89.1875,-15.125,121.5,89.1875,,242.00189208984375,,,,,,
5516,440.37389520000033,-106.3125,-11.6875,135.25,106.3125,,242.00189208984375,,,,,,
5517,440.45118900000034,-60.1875,-32.1875,102.8125,60.1875,,242.00189208984375,,,,,,
5518,440.5282448000007,42.21875,-22.3125,-18.03125,-42.21875,,242.00189208984375,,,,,,
5519,440.60547360000055,101.125,-26.0625,-69.1875,-101.125,,242.00189208984375,,,,,,
5520,440.68918830000075,113.6875,-16.125,-80.625,-113.6875,,242.00189208984375,,6.0288896560668945,0.7153071761131287,4.528831958770752,6.092886447906494,6.9391679763793945
5521,440.76474020000023,78.625,-17.6875,-78.8125,-78.625,,242.00189208984375,,,,,,
5522,440.84263050000027,23.109375,-20.96875,-7.2421875,-23.109375,,242.00189208984375,,,,,,
5523,440.92008460000034,-51.71875,-51.6875,59.375,51.71875,,242.00189208984375,,,,,,
5524,440.99656480000067,-65.3125,10.8125,37.4375,65.3125,,242.00189208984375,,,,,,
5525,441.07253240000045,-37.78125,6.1640625,2.060546875,37.78125,,242.00189208984375,,,,,,
5526,441.15069740000035,17.21875,-17.34375,20.96875,-17.21875,,242.00189208984375,,,,,,
5527,441.2286090000007,15.09375,-26.328125,20.453125,-15.09375,,242.00189208984375,,,,,,
5528,441.30537809999987,-26.5,-16.125,63.3125,26.5,,242.00189208984375,,,,,,
5529,441.38174700000036,32.9375,-16.53125,-34.5625,-32.9375,,242.00189208984375,,,,,,
5530,441.45889680000073,38.40625,-42.9375,-13.0625,-38.40625,,242.00189208984375,,,,,,
5531,441.53650540000035,0.354248046875,-24.640625,37.34375,-0.354248046875,,242.00189208984375,,,,,,
5532,441.6131539000007,8.984375,-19.09375,31.8125,-8.984375,,242.00189208984375,,,,,,
5533,441.6897920000001,-16.109375,-6.546875,32.6875,16.109375,,242.00189208984375,,,,,,
5534,441.76893350000046,21.140625,-72.9375,24.765625,-21.140625,,242.00189208984375,,,,,,
5535,441.84585810000044,19.921875,1.015625,-5.0625,-19.921875,,242.00189208984375,,,,,,
5536,441.92251060000035,12.2734375,-22.1875,3.27734375,-12.2734375,,242.00189208984375,,,,,,
5537,441.99946249999994,-4.40625,-9.96875,23.546875,4.40625,,242.00189208984375,,,,,,
5538,442.0770470000007,-20.75,-31.1875,21.109375,20.75,,242.00189208984375,,,,,,
5539,442.1543554,-10.6171875,-13.5546875,23.171875,10.6171875,,242.00189208984375,,,,,,
5540,442.23581040000045,-2.896484375,-20.90625,-4.7734375,2.896484375,,242.00189208984375,,6.626454830169678,0.5429647564888,6.000458240509033,6.541004180908203,7.764764308929443
5541,442.31382960000064,27.59375,-28.28125,16.09375,-27.59375,,242.00189208984375,,,,,,
5542,442.38946170000054,33.4375,-13.03125,-32.71875,-33.4375,,242.00189208984375,,,,,,
5543,442.46638729999995,30.0,-27.140625,-19.921875,-30.0,,242.00189208984375,,,,,,
5544,442.5446560999999,20.265625,-10.53125,11.296875,-20.265625,,242.00189208984375,,,,,,
5545,442.63242230000014,-24.296875,-24.6875,36.5,24.296875,,242.00189208984375,,,,,,
5546,442.7181894000005,50.84375,-6.4375,-28.4375,-50.84375,,242.00189208984375,,,,,,
5547,442.8038569,56.8125,-21.0,-24.40625,-56.8125,,242.00189208984375,,,,,,
5548,442.9054044000004,14.1875,-18.640625,-18.390625,-14.1875,,242.00189208984375,,,,,,
5549,442.9940526999999,-78.0625,-25.5,89.8125,78.0625,,242.00189208984375,,,,,,
5550,443.07761180000034,32.40625,-30.0,12.6796875,-32.40625,,242.00189208984375,,,,,,
5551,443.1685131000004,-47.3125,-22.09375,75.875,47.3125,,242.00189208984375,,,,,,
5552,443.2550927000002,-6.5625,-20.109375,43.6875,6.5625,,242.00189208984375,,,,,,
5553,443.3366573000003,47.65625,-14.734375,-26.421875,-47.65625,,242.00189208984375,,,,,,
5554,443.4176533,48.78125,-21.859375,-17.953125,-48.78125,,242.00189208984375,,,,,,
5555,443.49837410000055,25.6875,-36.03125,12.7421875,-25.6875,,242.00189208984375,,,,,,
5556,443.57948100000067,16.40625,-36.0,2.09375,-16.40625,,242.00189208984375,,,,,,
5557,443.6589020000001,-50.9375,-48.6875,86.625,50.9375,,242.00189208984375,,,,,,
5558,443.7397565000001,-28.90625,-25.0625,79.5625,28.90625,,242.00189208984375,,,,,,
5559,443.8201549000005,-49.25,-17.4375,70.5625,49.25,,242.00189208984375,,,,,,
5560,443.9057928000002,5.42578125,-14.65625,16.96875,-5.42578125,,242.00189208984375,,6.257076740264893,0.4124949276447296,5.728819370269775,6.189129829406738,7.002064228057861
5561,443.9827402000001,91.3125,-25.03125,-45.40625,-91.3125,,242.00189208984375,,,,,,
5562,444.0629763000006,24.53125,-18.28125,-21.78125,-24.53125,,242.00189208984375,,,,,,
5563,444.1422399000003,-15.3359375,-19.359375,50.21875,15.3359375,,242.00189208984375,,,,,,
5564,444.2192404000007,71.375,-20.46875,-38.09375,-71.375,,242.00189208984375,,,,,,
5565,444.29656690000047,85.5625,-32.78125,-34.34375,-85.5625,,242.00189208984375,,,,,,
5566,444.37550180000017,43.84375,-18.25,-22.28125,-43.84375,,242.00189208984375,,,,,,
5567,444.45428340000035,-3.966796875,-22.328125,34.625,3.966796875,,242.00189208984375,,,,,,
5568,444.53477920000023,-54.125,-5.1875,67.3125,54.125,,242.00189208984375,,,,,,
5569,444.61309359999996,4.18359375,-11.2578125,1.7099609375,-4.18359375,,242.00189208984375,,,,,,
5570,444.69202490000043,-125.6875,-33.9375,118.375,125.6875,,242.00189208984375,,,,,,
5571,444.77094340000076,-114.0,-21.875,141.375,114.0,,242.00189208984375,,,,,,
5572,444.85113660000025,10.984375,-22.78125,29.53125,-10.984375,,242.00189208984375,,,,,,
5573,444.93339340000057,31.03125,-9.09375,-29.6875,-31.03125,,242.00189208984375,,,,,,
5574,445.0183803,-29.859375,-12.9765625,8.28125,29.859375,,242.00189208984375,,,,,,
5575,445.09846600000037,30.046875,-18.953125,4.12890625,-30.046875,,242.00189208984375,,,,,,
5576,445.1810811000005,30.375,-28.25,-33.78125,-30.375,,242.00189208984375,,,,,,
5577,445.2604781,74.6875,-14.625,-70.375,-74.6875,,242.00189208984375,,,,,,
5578,445.3379943,-6.96484375,-21.09375,-7.61328125,6.96484375,,242.00189208984375,,,,,,
5579,445.4164427000005,-53.90625,-8.21875,31.484375,53.90625,,242.00189208984375,,,,,,
5580,445.50117450000016,56.90625,-26.046875,-11.984375,-56.90625,,242.00189208984375,,9.265796661376953,1.285011649131775,6.559114933013916,9.716102600097656,10.698505401611328
5581,445.5778221999999,-18.0,-20.0,37.46875,18.0,,242.00189208984375,,,,,,
5582,445.65547890000016,28.8125,-6.21875,-20.90625,-28.8125,,242.00189208984375,,,,,,
5583,445.7357623000007,14.703125,-21.3125,32.375,-14.703125,,242.00189208984375,,,,,,
5584,445.8134286000004,-8.8359375,-59.40625,56.1875,8.8359375,,242.00189208984375,,,,,,
5585,445.8929764000004,-54.125,-43.625,89.5625,54.125,,242.00189208984375,,,,,,
5586,445.9716363000007,-62.90625,38.3125,66.0,62.90625,,242.00189208984375,,,,,,
5587,446.05021020000004,-0.2286376953125,-18.265625,41.34375,0.2286376953125,,242.00189208984375,,,,,,
5588,446.1283575000007,33.15625,-16.5,-11.6484375,-33.15625,,242.00189208984375,,,,,,
5589,446.20641950000027,99.0625,-38.6875,-53.0625,-99.0625,,242.00189208984375,,,,,,
5590,446.28389460000017,37.40625,-15.25,-38.46875,-37.40625,,242.00189208984375,,,,,,
5591,446.36185000000023,110.0,-23.125,-59.3125,-110.0,,242.00189208984375,,,,,,
5592,446.43902010000056,57.8125,-11.40625,-57.59375,-57.8125,,242.00189208984375,,,,,,
5593,446.51913440000044,-95.5625,-27.84375,86.0,95.5625,,242.00189208984375,,,,,,
5594,446.5969352000002,-37.25,-7.78125,60.125,37.25,,242.00189208984375,,,,,,
5595,446.67695600000025,25.96875,-28.921875,21.40625,-25.96875,,242.00189208984375,,,,,,
5596,446.7568237000005,-14.6953125,-24.3125,32.78125,14.6953125,,242.00189208984375,,,,,,
5597,446.83512880000035,28.234375,-15.140625,12.5625,-28.234375,,242.00189208984375,,,,,,
5598,446.9134520000007,25.09375,-17.515625,-15.546875,-25.09375,,242.00189208984375,,,,,,
5599,446.9941886000006,-25.671875,-22.765625,10.390625,25.671875,,242.00189208984375,,,,,,
5600,447.07738190000055,-27.421875,-18.671875,48.46875,27.421875,,242.00189208984375,,7.16248893737793,0.7582864761352539,6.062225818634033,7.188966751098633,8.621477127075195
5601,447.1585595000006,3.53515625,-30.859375,27.78125,-3.53515625,,242.00189208984375,,,,,,
5602,447.2366591,46.0625,-42.75,-26.078125,-46.0625,,242.00189208984375,,,,,,
5603,447.31283820000044,37.125,-36.15625,6.51171875,-37.125,,242.00189208984375,,,,,,
5604,447.3890512000007,-0.466064453125,6.98828125,-4.1171875,0.466064453125,,242.00189208984375,,,,,,
5605,447.46549680000044,-43.15625,-12.984375,34.09375,43.15625,,242.00189208984375,,,,,,
5606,447.54227290000017,-94.4375,-40.5,110.4375,94.4375,,242.00189208984375,,,,,,
5607,447.61944500000027,-49.40625,-22.84375,81.8125,49.40625,,242.00189208984375,,,,,,
5608,447.69591200000013,-1.1533203125,-24.46875,33.875,1.1533203125,,242.00189208984375,,,,,,
5609,447.77327700000023,-28.453125,2.0625,42.0,28.453125,,242.00189208984375,,,,,,
5610,447.8495348000006,0.249755859375,-41.3125,18.171875,-0.249755859375,,242.00189208984375,,,,,,
5611,447.9257282000008,62.8125,-12.265625,-22.640625,-62.8125,,242.00189208984375,,,,,,
5612,448.0027368000001,101.9375,-21.125,-82.8125,-101.9375,,242.00189208984375,,,,,,
5613,448.08223180000005,67.9375,-23.3125,-51.625,-67.9375,,242.00189208984375,,,,,,
5614,448.15991290000056,27.5,-18.625,10.28125,-27.5,,242.00189208984375,,,,,,
5615,448.2400307000007,-98.4375,-22.5,113.75,98.4375,,242.00189208984375,,,,,,
5616,448.3164753000001,-44.21875,-5.9375,47.84375,44.21875,,242.00189208984375,,,,,,
5617,448.3949978999999,0.9375,-21.1875,23.703125,-0.9375,,242.00189208984375,,,,,,
5618,448.4722876000005,68.5,-31.0625,-36.5625,-68.5,,242.00189208984375,,,,,,
5619,448.5478294000004,100.625,-18.9375,-67.75,-100.625,,242.00189208984375,,,,,,
5620,448.63142620000053,74.75,-22.671875,-27.734375,-74.75,,242.00189208984375,,6.26492977142334,0.5968648195266724,5.598287105560303,6.075218200683594,7.464069366455078
5621,448.7096919000005,-13.09375,11.5,29.0625,13.09375,,242.00189208984375,,,,,,
5622,448.7884825000001,-102.75,-32.875,102.3125,102.75,,242.00189208984375,,,,,,
5623,448.8650067000008,-67.9375,-29.5,135.375,67.9375,,242.00189208984375,,,,,,
5624,448.94195630000013,-41.375,-25.3125,87.75,41.375,,242.00189208984375,,,,,,
5625,449.0204328,42.8125,-19.625,-1.3408203125,-42.8125,,242.00189208984375,,,,,,
5626,449.10046760000023,-23.328125,-26.90625,19.515625,23.328125,,242.00189208984375,,,,,,
5627,449.1792753,41.65625,-19.734375,20.984375,-41.65625,,242.00189208984375,,,,,,
5628,449.2558175000004,64.25,-22.78125,-36.1875,-64.25,,242.00189208984375,,,,,,
5629,449.33401780000077,28.359375,-6.40625,-30.15625,-28.359375,,242.00189208984375,,,,,,
5630,449.4101408000006,31.625,-12.03125,-45.09375,-31.625,,242.00189208984375,,,,,,
5631,449.48639080000066,-62.34375,20.203125,3.1875,62.34375,,242.00189208984375,,,,,,
5632,449.5636402,-65.6875,-18.9375,85.5625,65.6875,,242.00189208984375,,,,,,
5633,449.6410833,-56.84375,-18.8125,63.78125,56.84375,,242.00189208984375,,,,,,
5634,449.71910430000025,59.0625,-6.765625,-20.0,-59.0625,,242.00189208984375,,,,,,
5635,449.79576110000016,107.25,-22.375,-19.90625,-107.25,,242.00189208984375,,,,,,
5636,449.87169489999997,83.5,-18.4375,-75.0625,-83.5,,242.00189208984375,,,,,,
5637,449.9505638999999,114.625,-28.0,-65.1875,-114.625,,242.00189208984375,,,,,,
5638,450.0270935000008,69.6875,-40.65625,-36.46875,-69.6875,,242.00189208984375,,,,,,
5639,450.10558370000035,-34.4375,-11.5390625,7.09375,34.4375,,242.00189208984375,,,,,,
5640,450.18869150000046,-120.125,-12.625,120.625,120.125,,242.00189208984375,,7.2693071365356445,1.0768671035766602,5.7749924659729,7.2617597579956055,9.067939758300781
5641,450.26534660000016,-108.0,4.25,131.375,108.0,,242.00189208984375,,,,,,
5642,450.3430894000003,-89.1875,-21.9375,105.0,89.1875,,242.00189208984375,,,,,,
5643,450.41914070000075,55.625,-48.375,47.25,-55.625,,242.00189208984375,,,,,,
5644,450.4948033999999,-45.5,-11.5,68.1875,45.5,,242.00189208984375,,,,,,
5645,450.57359130000077,64.0625,-25.703125,-16.921875,-64.0625,,242.00189208984375,,,,,,
5646,450.6517631000006,14.9765625,-27.4375,-9.1875,-14.9765625,,242.00189208984375,,,,,,
5647,450.7308956000006,-37.3125,34.25,12.6953125,37.3125,,242.00189208984375,,,,,,
5648,450.8075968000003,-32.375,7.0625,51.34375,32.375,,242.00189208984375,,,,,,
5649,450.8863879999999,-4.3671875,-24.5625,48.5,4.3671875,,242.00189208984375,,,,,,
5650,450.96605,8.65625,0.875,-27.328125,-8.65625,,242.00189208984375,,,,,,
5651,451.0453182000001,24.46875,-27.234375,25.703125,-24.46875,,242.00189208984375,,,,,,
5652,451.1254263999999,35.96875,-36.75,-6.78515625,-35.96875,,242.00189208984375,,,,,,
5653,451.2020504000002,37.46875,-15.3125,-30.375,-37.46875,,242.00189208984375,,,,,,
5654,451.27880900000036,49.75,-11.5625,-67.75,-49.75,,242.00189208984375,,,,,,
5655,451.3553001,90.875,-11.125,-56.0,-90.875,,242.00189208984375,,,,,,
5656,451.43154760000016,59.65625,-13.390625,-25.328125,-59.65625,,242.00189208984375,,,,,,
5657,451.5090485999999,37.53125,-17.15625,-1.0166015625,-37.53125,,242.00189208984375,,,,,,
5658,451.58514820000073,-80.0,-37.09375,90.0625,80.0,,242.00189208984375,,,,,,
5659,451.6619545000003,-113.6875,-27.0,181.875,113.6875,,242.00189208984375,,,,,,
5660,451.7441680000002,-170.5,-18.125,180.0,170.5,,242.00189208984375,,7.138731002807617,0.8652059435844421,6.032017230987549,6.9291300773620605,8.929770469665527
5661,451.82272400000056,-89.625,-32.1875,110.1875,89.625,,242.00189208984375,,,,,,
5662,451.8997577,58.3125,-31.8125,2.234375,-58.3125,,242.00189208984375,,,,,,
5663,451.9779722000003,45.5,-11.5625,-56.0625,-45.5,,242.00189208984375,,,,,,
5664,452.05604519999997,81.125,-12.8125,-78.875,-81.125,,242.00189208984375,,,,,,
5665,452.13431110000056,45.53125,-23.40625,-3.94140625,-45.53125,,242.00189208984375,,,,,,
5666,452.2100479999999,34.125,-19.15625,-5.8515625,-34.125,,242.00189208984375,,,,,,
5667,452.28476860000046,5.625,-20.265625,39.0625,-5.625,,242.00189208984375,,,,,,
5668,452.3614983000007,14.484375,-16.6875,0.349609375,-14.484375,,242.00189208984375,,,,,,
5669,452.43884030000027,-40.34375,-39.625,85.875,40.34375,,242.00189208984375,,,,,,
5670,452.514948,-38.46875,7.40625,49.0625,38.46875,,242.00189208984375,,,,,,
5671,452.6212409,-68.75,-21.203125,41.09375,68.75,,242.00189208984375,,,,,,
5672,452.69886640000004,38.03125,-29.15625,27.4375,-38.03125,,242.00189208984375,,,,,,
5673,452.7740067000004,15.7578125,6.859375,-3.30859375,-15.7578125,,242.00189208984375,,,,,,
5674,452.8512915000001,27.8125,-31.296875,-1.2587890625,-27.8125,,242.00189208984375,,,,,,
5675,452.92675710000003,-2.494140625,-17.5625,23.28125,2.494140625,,242.00189208984375,,,,,,
5676,453.0050478000003,52.59375,-21.4375,10.34375,-52.59375,,242.00189208984375,,,,,,
5677,453.08106339999995,62.03125,-30.3125,-34.25,-62.03125,,242.00189208984375,,,,,,
5678,453.16065849999995,66.875,-19.46875,-49.40625,-66.875,,242.00189208984375,,,,,,
5679,453.2366928000001,-55.78125,-1.25,38.03125,55.78125,,242.00189208984375,,,,,,
5680,453.31877070000064,-131.0,-35.125,150.375,131.0,,242.00189208984375,,7.546731948852539,1.0283740758895874,5.818082809448242,7.3556742668151855,9.246464729309082
5681,453.39659440000014,-69.4375,-23.5,104.3125,69.4375,,242.00189208984375,,,,,,
5682,453.47281640000074,9.484375,-35.25,33.40625,-9.484375,,242.00189208984375,,,,,,
5683,453.55076180000015,107.5625,-17.4375,-75.625,-107.5625,,242.00189208984375,,,,,,
5684,453.6277084000003,21.421875,-17.65625,-6.0078125,-21.421875,,242.00189208984375,,,,,,
5685,453.7052401000001,-8.53125,-18.28125,21.328125,8.53125,,242.00189208984375,,,,,,
5686,453.7825947000001,31.859375,-0.65625,-48.21875,-31.859375,,242.00189208984375,,,,,,
5687,453.8581918,-30.5,-19.0625,53.4375,30.5,,242.00189208984375,,,,,,
5688,453.93604180000057,-49.8125,-10.265625,41.4375,49.8125,,242.00189208984375,,,,,,
5689,454.0142635000002,-13.609375,1.6875,60.0625,13.609375,,242.00189208984375,,,,,,
5690,454.0909351999999,0.0859375,-15.0625,32.875,-0.0859375,,242.00189208984375,,,,,,
5691,454.16718240000046,-33.78125,-17.21875,38.40625,33.78125,,242.00189208984375,,,,,,
5692,454.2436378000002,52.375,-21.1875,-36.3125,-52.375,,242.00189208984375,,,,,,
5693,454.3195974,19.90625,-28.25,-14.6171875,-19.90625,,242.00189208984375,,,,,,
5694,454.3960480000005,0.92919921875,-15.3515625,-9.8984375,-0.92919921875,,242.00189208984375,,,,,,
5695,454.47342580000077,2.916015625,-19.625,17.875,-2.916015625,,242.00189208984375,,,,,,
5696,454.55080570000064,42.03125,-20.90625,-13.4765625,-42.03125,,242.00189208984375,,,,,,
5697,454.62705170000027,-29.8125,-18.0,53.65625,29.8125,,242.00189208984375,,,,,,
5698,454.70400470000004,-67.6875,-30.0625,70.375,67.6875,,242.00189208984375,,,,,,
5699,454.78042860000005,-39.625,-0.1875,70.5,39.625,,242.00189208984375,,,,,,
5700,454.86157000000003,30.703125,-22.90625,30.0625,-30.703125,,242.00189208984375,,6.186437606811523,0.5019438862800598,5.531711101531982,6.156948566436768,7.167344570159912
5701,454.9388138000004,27.5,-10.4375,-32.03125,-27.5,,242.00189208984375,,,,,,
5702,455.0156833000001,16.046875,-10.6875,-25.40625,-16.046875,,242.00189208984375,,,,,,
5703,455.0908098,50.4375,-36.3125,-14.5234375,-50.4375,,242.00189208984375,,,,,,
5704,455.16820200000075,-12.3359375,13.59375,-14.3046875,12.3359375,,242.00189208984375,,,,,,
5705,455.2444918000001,49.5,-21.3125,-47.4375,-49.5,,242.00189208984375,,,,,,
5706,455.3209314000005,-46.3125,-31.71875,89.5,46.3125,,242.00189208984375,,,,,,
5707,455.3965354000002,-70.6875,-21.1875,72.5,70.6875,,242.00189208984375,,,,,,
5708,455.4737184000005,5.15625,-14.84375,55.25,-5.15625,,242.00189208984375,,,,,,
5709,455.54901229999996,49.65625,-20.71875,-1.2890625,-49.65625,,242.00189208984375,,,,,,
5710,455.6265390000008,57.96875,-11.75,-76.4375,-57.96875,,242.00189208984375,,,,,,
5711,455.7039216000003,35.59375,-15.5625,-35.8125,-35.59375,,242.00189208984375,,,,,,
5712,455.7805197000007,-33.625,-13.1796875,26.5,33.625,,242.00189208984375,,,,,,
5713,455.85764950000066,-68.5625,-9.8125,64.6875,68.5625,,242.00189208984375,,,,,,
5714,455.9340032,-10.8671875,-17.421875,30.515625,10.8671875,,242.00189208984375,,,,,,
5715,456.0147426000003,-5.2265625,-18.6875,50.8125,5.2265625,,242.00189208984375,,,,,,
5716,456.0903904000006,57.03125,-12.4375,-42.75,-57.03125,,242.00189208984375,,,,,,
5717,456.16694820000066,-0.425537109375,-14.765625,10.265625,0.425537109375,,242.00189208984375,,,,,,
5718,456.24306049999996,-2.59375,-20.953125,21.03125,2.59375,,242.00189208984375,,,,,,
5719,456.3189387000002,4.54296875,-47.53125,26.59375,-4.54296875,,242.00189208984375,,,,,,
5720,456.40107530000023,10.4296875,-16.90625,48.125,-10.4296875,,242.00189208984375,,6.218873500823975,0.3586236834526062,5.718167304992676,6.172811508178711,6.803396224975586
5721,456.4784311000003,8.78125,-11.8125,-16.640625,-8.78125,,242.00189208984375,,,,,,
5722,456.5549563000004,4.94921875,-22.84375,31.6875,-4.94921875,,242.00189208984375,,,,,,
5723,456.6325133999999,-12.921875,-14.5859375,17.90625,12.921875,,242.00189208984375,,,,,,
5724,456.7099954000005,-32.0625,-34.0,44.40625,32.0625,,242.00189208984375,,,,,,
5725,456.7877131000005,-25.609375,-16.765625,43.8125,25.609375,,242.00189208984375,,,,,,
5726,456.86290480000025,-35.65625,-19.703125,25.0625,35.65625,,242.00189208984375,,,,,,
5727,456.9386101,52.3125,-30.53125,-17.53125,-52.3125,,242.00189208984375,,,,,,
5728,457.01512170000024,36.09375,-42.0,-13.40625,-36.09375,,242.00189208984375,,,,,,
5729,457.0920636000001,3.65625,-16.28125,27.0625,-3.65625,,242.00189208984375,,,,,,
5730,457.1720619000007,-24.390625,-45.65625,23.34375,24.390625,,242.00189208984375,,,,,,
5731,457.2487772000004,-35.0625,-40.6875,86.0,35.0625,,242.00189208984375,,,,,,
5732,457.3267454000006,-21.0625,-14.484375,45.625,21.0625,,242.00189208984375,,,,,,
5733,457.4032143000004,1.5625,-20.515625,3.796875,-1.5625,,242.00189208984375,,,,,,
5734,457.4794883000004,35.9375,-19.5625,-16.53125,-35.9375,,242.00189208984375,,,,,,
5735,457.5576380000002,55.78125,-35.75,3.138671875,-55.78125,,242.00189208984375,,,,,,
5736,457.6334768000006,-37.84375,-7.65625,42.21875,37.84375,,242.00189208984375,,,,,,
5737,457.71118449999994,-31.703125,-18.125,36.1875,31.703125,,242.00189208984375,,,,,,
5738,457.7884941000002,-17.234375,8.59375,35.75,17.234375,,242.00189208984375,,,,,,
5739,457.8640335,28.375,-21.625,-11.8828125,-28.375,,242.00189208984375,,,,,,
5740,457.9487939999999,12.5,-20.34375,-21.9375,-12.5,,242.00189208984375,,6.857226848602295,0.47475099563598633,6.225337028503418,6.938228607177734,7.49802827835083
5741,458.02585400000044,-19.390625,-13.75,42.0625,19.390625,,242.00189208984375,,,,,,
5742,458.10341340000014,-28.0625,-12.328125,40.75,28.0625,,242.00189208984375,,,,,,
5743,458.1803995999999,-53.375,-0.03125,54.96875,53.375,,242.00189208984375,,,,,,
5744,458.2576555000005,-66.75,-63.625,126.8125,66.75,,242.00189208984375,,,,,,
5745,458.33379910000076,-1.67578125,8.453125,7.46875,1.67578125,,242.00189208984375,,,,,,
5746,458.4099862000003,122.25,-24.5625,-66.875,-122.25,,242.00189208984375,,,,,,
5747,458.48519579999993,117.875,-24.625,-122.75,-117.875,,242.00189208984375,,,,,,
5748,458.56425089999993,4.09765625,-17.5,-17.78125,-4.09765625,,242.00189208984375,,,,,,
5749,458.6417562000006,9.984375,-21.875,35.3125,-9.984375,,242.00189208984375,,,,,,
5750,458.7177506000007,-65.1875,-51.375,102.5625,65.1875,,242.00189208984375,,,,,,
5751,458.79527230000076,-105.875,-20.0,131.625,105.875,,242.00189208984375,,,,,,
5752,458.87236160000066,-47.96875,-13.3125,99.5625,47.96875,,242.00189208984375,,,,,,
5753,458.95083109999996,26.59375,-11.5,-31.34375,-26.59375,,242.00189208984375,,,,,,
5754,459.0284016000005,56.15625,-17.453125,-11.9375,-56.15625,,242.00189208984375,,,,,,
5755,459.10568090000015,11.6875,-9.46875,-41.71875,-11.6875,,242.00189208984375,,,,,,
5756,459.18698720000066,-18.984375,-18.28125,31.4375,18.984375,,242.00189208984375,,,,,,
5757,459.26358770000024,-2.546875,-5.28125,9.546875,2.546875,,242.00189208984375,,,,,,
5758,459.3423425000001,-7.6640625,-23.59375,19.484375,7.6640625,,242.00189208984375,,,,,,
5759,459.4185182000001,33.0625,-13.40625,11.2578125,-33.0625,,242.00189208984375,,,,,,
5760,459.5029299000007,32.71875,4.09375,-43.3125,-32.71875,,242.00189208984375,,6.513111591339111,0.48614728450775146,5.926944732666016,6.400069236755371,7.584537982940674
5761,459.5797706000003,28.875,-26.953125,-17.515625,-28.875,,242.00189208984375,,,,,,
5762,459.6572046000001,61.71875,-22.46875,-23.96875,-61.71875,,242.00189208984375,,,,,,
5763,459.7369828000001,-77.25,-18.15625,73.125,77.25,,242.00189208984375,,,,,,
5764,459.8142344000007,-116.9375,-18.125,155.125,116.9375,,242.00189208984375,,,,,,
5765,459.89150210000025,-18.0,-33.25,58.21875,18.0,,242.00189208984375,,,,,,
5766,459.96930710000015,-1.130859375,-12.765625,32.625,1.130859375,,242.00189208984375,,,,,,
5767,460.0463749999999,13.296875,-18.1875,-17.53125,-13.296875,,242.00189208984375,,,,,,
5768,460.1252688000004,43.28125,-19.46875,-10.4921875,-43.28125,,242.00189208984375,,,,,,
5769,460.2029719000002,20.046875,-19.75,-12.2421875,-20.046875,,242.00189208984375,,,,,,
5770,460.2798892999999,4.9765625,-6.62890625,-1.1455078125,-4.9765625,,242.00189208984375,,,,,,
5771,460.3556357000007,-18.953125,-21.625,12.0859375,18.953125,,242.00189208984375,,,,,,
5772,460.4356363000006,48.09375,-19.875,-30.125,-48.09375,,242.00189208984375,,,,,,
5773,460.5232851999999,-4.5703125,-17.75,47.0,4.5703125,,242.00189208984375,,,,,,
5774,460.60412369999995,17.40625,-35.5625,17.03125,-17.40625,,242.00189208984375,,,,,,
5775,460.6823021,-34.21875,-37.25,76.1875,34.21875,,242.00189208984375,,,,,,
5776,460.7592785000006,-33.84375,40.25,45.875,33.84375,,242.00189208984375,,,,,,
5777,460.8389706000007,-19.84375,-17.0,62.59375,19.84375,,242.00189208984375,,,,,,
5778,460.91622929999994,-40.03125,-14.09375,31.28125,40.03125,,242.00189208984375,,,,,,
5779,460.99417900000026,43.21875,-15.3671875,1.1162109375,-43.21875,,242.00189208984375,,,,,,
5780,461.07806190000065,54.6875,-20.21875,-3.41796875,-54.6875,,242.00189208984375,,5.717308044433594,0.45739269256591797,5.079319953918457,5.6145124435424805,6.564467906951904
5781,461.15542750000077,95.625,-32.3125,-74.5625,-95.625,,242.00189208984375,,,,,,
5782,461.23499830000037,27.265625,-16.921875,-23.484375,-27.265625,,242.00189208984375,,,,,,
5783,461.31449969999994,-4.8359375,-18.34375,4.5625,4.8359375,,242.00189208984375,,,,,,
5784,461.39234770000076,-46.0,-35.9375,77.6875,46.0,,242.00189208984375,,,,,,
5785,461.46813230000043,-66.625,23.4375,63.0,66.625,,242.00189208984375,,,,,,
5786,461.54453319999993,-40.59375,-9.5,81.1875,40.59375,,242.00189208984375,,,,,,
5787,461.6236286000003,44.375,-23.0625,11.328125,-44.375,,242.00189208984375,,,,,,
5788,461.7032417999999,49.84375,-24.3125,-0.52001953125,-49.84375,,242.00189208984375,,,,,,
5789,461.7787711000001,-26.890625,-20.703125,26.390625,26.890625,,242.00189208984375,,,,,,
5790,461.85557530000005,-82.1875,-19.0,75.1875,82.1875,,242.00189208984375,,,,,,
5791,461.9323830000003,-49.625,-18.0,85.625,49.625,,242.00189208984375,,,,,,
5792,462.01045840000006,40.53125,-38.3125,-36.875,-40.53125,,242.00189208984375,,,,,,
5793,462.08631760000026,-47.25,-5.15625,53.84375,47.25,,242.00189208984375,,,,,,
5794,462.1635704,-18.9375,-3.609375,18.359375,18.9375,,242.00189208984375,,,,,,
5795,462.24238070000047,39.875,-57.0625,4.94921875,-39.875,,242.00189208984375,,,,,,
5796,462.318706,47.3125,-35.4375,-52.875,-47.3125,,242.00189208984375,,,,,,
5797,462.3961343000001,-50.0,5.1875,46.21875,50.0,,242.00189208984375,,,,,,
5798,462.47505850000016,14.9609375,-27.15625,25.515625,-14.9609375,,242.00189208984375,,,,,,
5799,462.5529675000007,-9.5625,-39.8125,58.96875,9.5625,,242.00189208984375,,,,,,
5800,462.6377572000001,-38.71875,-14.875,88.0,38.71875,,242.00189208984375,,6.526445388793945,0.3790782392024994,6.099128723144531,6.480953216552734,7.081236839294434
5801,462.71571630000017,-40.9375,-42.0625,59.09375,40.9375,,242.00189208984375,,,,,,
5802,462.7938060000006,-83.625,-35.96875,97.3125,83.625,,242.00189208984375,,,,,,
5803,462.8713753000002,-7.109375,-17.3125,61.1875,7.109375,,242.00189208984375,,,,,,
5804,462.94840980000026,33.5625,-22.15625,13.6171875,-33.5625,,242.00189208984375,,,,,,
5805,463.0256242000005,43.84375,-51.46875,19.375,-43.84375,,242.00189208984375,,,,,,
5806,463.1051642000002,85.0625,-26.28125,-41.59375,-85.0625,,242.00189208984375,,,,,,
5807,463.1829846999999,74.0,-18.96875,-39.1875,-74.0,,242.00189208984375,,,,,,
5808,463.2603939999999,-0.439453125,-15.1640625,-15.4453125,0.439453125,,242.00189208984375,,,,,,
5809,463.3387485000003,-28.359375,-34.375,51.5625,28.359375,,242.00189208984375,,,,,,
5810,463.41706690000046,-147.75,-30.75,144.5,147.75,,242.00189208984375,,,,,,
5811,463.49425150000025,-68.3125,-27.6875,139.0,68.3125,,242.00189208984375,,,,,,
5812,463.57022959999995,-39.34375,-46.9375,138.125,39.34375,,242.00189208984375,,,,,,
5813,463.6481130000002,-33.34375,-22.6875,60.09375,33.34375,,242.00189208984375,,,,,,
5814,463.7246691999999,3.3984375,-7.6875,13.7421875,-3.3984375,,242.00189208984375,,,,,,
5815,463.8036219000005,78.4375,-24.34375,-42.90625,-78.4375,,242.00189208984375,,,,,,
5816,463.88145150000037,86.0625,-37.09375,-58.34375,-86.0625,,242.00189208984375,,,,,,
5817,463.9588151000007,42.84375,-20.375,-14.9765625,-42.84375,,242.00189208984375,,,,,,
5818,464.0365074000001,52.84375,-18.0,-71.0625,-52.84375,,242.00189208984375,,,,,,
5819,464.11420570000064,3.626953125,-18.28125,3.208984375,-3.626953125,,242.00189208984375,,,,,,
5820,464.1966108000006,-80.4375,-18.6875,83.5625,80.4375,,242.00189208984375,,6.784811973571777,0.7013471722602844,5.882403373718262,6.664885520935059,8.07310676574707
5821,464.2730552000003,-98.6875,-21.75,132.0,98.6875,,242.00189208984375,,,,,,
5822,464.3478783999999,-64.6875,-32.0625,122.1875,64.6875,,242.00189208984375,,,,,,
5823,464.4244828000001,-38.59375,-18.546875,45.1875,38.59375,,242.00189208984375,,,,,,
5824,464.50316830000065,46.75,-24.0,-48.8125,-46.75,,242.00189208984375,,,,,,
5825,464.58325480000076,-10.7109375,9.1875,32.125,10.7109375,,242.00189208984375,,,,,,
5826,464.6616168999999,9.0546875,-26.953125,-7.30078125,-9.0546875,,242.00189208984375,,,,,,
5827,464.7375130999999,-45.40625,-16.78125,47.5625,45.40625,,242.00189208984375,,,,,,
5828,464.814797,53.21875,-6.4921875,-13.2890625,-53.21875,,242.00189208984375,,,,,,
5829,464.89060770000015,17.640625,-19.5,-17.6875,-17.640625,,242.00189208984375,,,,,,
5830,464.9666289000006,103.625,-19.6875,-67.0,-103.625,,242.00189208984375,,,,,,
5831,465.0437382,42.0,-3.640625,-16.5625,-42.0,,242.00189208984375,,,,,,
5832,465.1210873,22.5,-15.96875,5.3125,-22.5,,242.00189208984375,,,,,,
5833,465.2004723,45.03125,-13.0,-50.03125,-45.03125,,242.00189208984375,,,,,,
5834,465.27738040000077,7.234375,-30.21875,20.265625,-7.234375,,242.00189208984375,,,,,,
5835,465.3538057000005,-49.53125,-28.0625,61.8125,49.53125,,242.00189208984375,,,,,,
5836,465.43040330000076,-154.0,-35.75,174.375,154.0,,242.00189208984375,,,,,,
5837,465.50749130000077,-130.75,-9.125,148.125,130.75,,242.00189208984375,,,,,,
5838,465.58560990000024,-28.453125,-8.5,75.5625,28.453125,,242.00189208984375,,,,,,
5839,465.6638416000005,9.171875,-28.078125,14.578125,-9.171875,,242.00189208984375,,,,,,
5840,465.74844850000045,17.28125,-17.234375,-7.640625,-17.28125,,242.00189208984375,,7.576770782470703,0.8294478058815002,6.412437915802002,7.48312520980835,9.119775772094727
5841,465.8295558,76.5,-1.625,-68.3125,-76.5,,242.00189208984375,,,,,,
5842,465.9071455000003,105.125,-19.9375,-112.0625,-105.125,,242.00189208984375,,,,,,
5843,465.98433730000033,-30.03125,-23.484375,36.46875,30.03125,,242.00189208984375,,,,,,
5844,466.0631266999999,-111.375,-25.625,118.6875,111.375,,242.00189208984375,,,,,,
5845,466.13932810000006,-165.25,-22.6875,141.0,165.25,,242.00189208984375,,,,,,
5846,466.2176113000005,-23.875,-17.90625,63.71875,23.875,,242.00189208984375,,,,,,
5847,466.2941071000005,99.375,-22.25,-36.9375,-99.375,,242.00189208984375,,,,,,
5848,466.3726772,99.9375,-10.4375,-108.75,-99.9375,,242.00189208984375,,,,,,
5849,466.45152959999996,94.3125,-40.375,-89.25,-94.3125,,242.00189208984375,,,,,,
5850,466.52894560000004,-75.8125,-15.25,47.09375,75.8125,,242.00189208984375,,,,,,
5851,466.60691510000015,0.1845703125,-10.71875,12.0,-0.1845703125,,242.00189208984375,,,,,,
5852,466.6827258000003,-23.46875,-15.671875,46.6875,23.46875,,242.00189208984375,,,,,,
5853,466.7612233,13.6171875,-18.828125,16.265625,-13.6171875,,242.00189208984375,,,,,,
5854,466.8415147000005,30.796875,-17.25,-14.703125,-30.796875,,242.00189208984375,,,,,,
5855,466.9183619000005,-21.5,-31.296875,57.15625,21.5,,242.00189208984375,,,,,,
5856,466.99417210000047,-12.8203125,5.3125,33.28125,12.8203125,,242.00189208984375,,,,,,
5857,467.0694061000004,-9.015625,-19.390625,29.4375,9.015625,,242.00189208984375,,,,,,
5858,467.1462893000007,13.1328125,-21.578125,23.28125,-13.1328125,,242.00189208984375,,,,,,
5859,467.22904760000074,-0.50244140625,-28.78125,50.25,0.50244140625,,242.00189208984375,,,,,,
5860,467.31153410000024,44.3125,-8.1875,-75.25,-44.3125,,242.00189208984375,,6.752560138702393,0.7558594346046448,5.6280694007873535,6.696409225463867,8.029658317565918
5861,467.3889125000005,-44.0,11.234375,19.125,44.0,,242.00189208984375,,,,,,
5862,467.46688580000045,-25.171875,-13.6640625,6.12890625,25.171875,,242.00189208984375,,,,,,
5863,467.54346070000065,-49.28125,-48.625,124.5,49.28125,,242.00189208984375,,,,,,
5864,467.62009209999997,-41.0,-11.28125,54.6875,41.0,,242.00189208984375,,,,,,
5865,467.6980147000004,-81.9375,-18.75,75.75,81.9375,,242.00189208984375,,,,,,
5866,467.77507740000055,2.23828125,-57.0625,65.0,-2.23828125,,242.00189208984375,,,,,,
5867,467.8526505,-25.703125,-28.84375,44.75,25.703125,,242.00189208984375,,,,,,
5868,467.93019580000055,99.1875,-15.84375,-28.125,-99.1875,,242.00189208984375,,,,,,
5869,468.0070022,-10.28125,-9.296875,13.46875,10.28125,,242.00189208984375,,,,,,
5870,468.0842382000001,-82.0,-22.875,53.96875,82.0,,242.00189208984375,,,,,,
5871,468.16145720000077,-96.9375,-30.625,110.5,96.9375,,242.00189208984375,,,,,,
5872,468.24064050000015,-44.125,-15.46875,54.375,44.125,,242.00189208984375,,,,,,
5873,468.3177074000005,58.375,-22.609375,-25.265625,-58.375,,242.00189208984375,,,,,,
5874,468.3940085000004,109.6875,-20.5625,-81.4375,-109.6875,,242.00189208984375,,,,,,
5875,468.47241120000035,117.625,-5.0,-117.6875,-117.625,,242.00189208984375,,,,,,
5876,468.54887640000015,97.875,-12.125,-100.0,-97.875,,242.00189208984375,,,,,,
5877,468.6282306000003,-24.109375,-29.765625,33.4375,24.109375,,242.00189208984375,,,,,,
5878,468.7056749000003,-23.15625,-45.875,87.75,23.15625,,242.00189208984375,,,,,,
5879,468.7823954000005,-60.09375,-22.71875,61.84375,60.09375,,242.00189208984375,,,,,,
5880,468.8655978000006,-58.875,-40.3125,118.1875,58.875,,242.00189208984375,,8.31332778930664,1.1119612455368042,6.30806303024292,8.42218017578125,10.02505111694336
5881,468.9429069000007,4.59765625,1.515625,11.109375,-4.59765625,,242.00189208984375,,,,,,
5882,469.0209768000004,-9.265625,-1.390625,11.84375,9.265625,,242.00189208984375,,,,,,
5883,469.0991655000007,16.578125,-19.15625,0.62939453125,-16.578125,,242.00189208984375,,,,,,
5884,469.1776292000004,-2.05078125,-21.390625,23.421875,2.05078125,,242.00189208984375,,,,,,
5885,469.25316870000006,-11.21875,-36.78125,59.0,11.21875,,242.00189208984375,,,,,,
5886,469.3301627999999,-20.4375,-18.65625,42.625,20.4375,,242.00189208984375,,,,,,
5887,469.40787870000077,-28.46875,-29.140625,48.75,28.46875,,242.00189208984375,,,,,,
5888,469.48393730000043,9.875,-11.859375,35.59375,-9.875,,242.00189208984375,,,,,,
5889,469.5614065,63.3125,-15.0,-74.125,-63.3125,,242.00189208984375,,,,,,
5890,469.6402179000006,36.09375,-18.3125,18.09375,-36.09375,,242.00189208984375,,,,,,
5891,469.7167165999999,-8.0078125,-17.21875,2.427734375,8.0078125,,242.00189208984375,,,,,,
5892,469.7922586000004,-117.125,-14.1875,122.75,117.125,,242.00189208984375,,,,,,
5893,469.8686937000002,-100.0,-21.4375,86.1875,100.0,,242.00189208984375,,,,,,
5894,469.9474506000006,50.40625,-18.5,0.54345703125,-50.40625,,242.00189208984375,,,,,,
5895,470.0253739,79.9375,-27.9375,-38.6875,-79.9375,,242.00189208984375,,,,,,
5896,470.1022012000003,37.375,-22.84375,-25.71875,-37.375,,242.00189208984375,,,,,,
5897,470.18152780000037,-3.671875,-41.9375,35.375,3.671875,,242.00189208984375,,,,,,
5898,470.2617220000002,44.71875,-18.234375,2.45703125,-44.71875,,242.00189208984375,,,,,,
5899,470.3411979000002,21.046875,8.96875,-62.53125,-21.046875,,242.00189208984375,,,,,,
5900,470.4236924000006,-72.875,-7.1875,79.25,72.875,,242.00189208984375,,7.262562274932861,0.8113833069801331,6.008594036102295,7.167726516723633,8.794706344604492
5901,470.50257430000056,-46.75,-29.8125,89.875,46.75,,242.00189208984375,,,,,,
5902,470.5796026000007,-37.84375,-14.140625,19.390625,37.84375,,242.00189208984375,,,,,,
5903,470.6568977000006,-83.1875,-26.375,121.5,83.1875,,242.00189208984375,,,,,,
5904,470.7341142000005,-108.0625,-18.75,126.75,108.0625,,242.00189208984375,,,,,,
5905,470.81126960000074,-76.0,-18.5,85.5625,76.0,,242.00189208984375,,,,,,
5906,470.8873747000007,34.90625,-31.15625,38.1875,-34.90625,,242.00189208984375,,,,,,
5907,470.9645498,39.3125,-16.125,-74.8125,-39.3125,,242.00189208984375,,,,,,
5908,471.04221190000044,8.953125,-18.90625,-3.70703125,-8.953125,,242.00189208984375,,,,,,
5909,471.11932030000025,-67.8125,-68.625,95.125,67.8125,,242.00189208984375,,,,,,
5910,471.1951345000007,77.125,-1.84375,-36.65625,-77.125,,242.00189208984375,,,,,,
5911,471.2759098000006,78.0,-16.75,-66.0,-78.0,,242.00189208984375,,,,,,
5912,471.35627830000067,76.875,-28.359375,-7.140625,-76.875,,242.00189208984375,,,,,,
5913,471.4335256000004,84.4375,-4.4375,-74.125,-84.4375,,242.00189208984375,,,,,,
5914,471.5107484,-40.625,-19.9375,40.8125,40.625,,242.00189208984375,,,,,,
5915,471.59049010000035,-23.84375,-19.3125,27.390625,23.84375,,242.00189208984375,,,,,,
5916,471.66933250000056,-8.75,-15.390625,46.71875,8.75,,242.00189208984375,,,,,,
5917,471.7470735000006,58.9375,-18.3125,-11.859375,-58.9375,,242.00189208984375,,,,,,
5918,471.82478380000066,-13.078125,-12.453125,-5.40625,13.078125,,242.00189208984375,,,,,,
5919,471.9015952,-93.875,-17.0,88.75,93.875,,242.00189208984375,,,,,,
5920,471.9847316000005,-79.625,-12.5625,130.375,79.625,,242.00189208984375,,6.182765960693359,0.6582646369934082,5.302847385406494,6.147609233856201,7.4564642906188965
5921,472.062132,-26.953125,-28.6875,96.4375,26.953125,,242.00189208984375,,,,,,
5922,472.13996810000026,-7.6796875,-13.265625,29.4375,7.6796875,,242.00189208984375,,,,,,
5923,472.2161537000002,-23.734375,-10.671875,40.75,23.734375,,242.00189208984375,,,,,,
5924,472.29178780000075,52.9375,-28.375,9.5859375,-52.9375,,242.00189208984375,,,,,,
5925,472.36789730000055,68.375,-24.3125,-37.59375,-68.375,,242.00189208984375,,,,,,
5926,472.4452188000005,12.2578125,-22.0625,-8.6015625,-12.2578125,,242.00189208984375,,,,,,
5927,472.5225889000003,-4.48046875,-17.34375,-6.11328125,4.48046875,,242.00189208984375,,,,,,
5928,472.60246069999994,-2.1875,-21.203125,-13.796875,2.1875,,242.00189208984375,,,,,,
5929,472.68355750000046,-44.21875,-26.703125,42.875,44.21875,,242.00189208984375,,,,,,
5930,472.7640011000003,47.96875,-29.09375,26.984375,-47.96875,,242.00189208984375,,,,,,
5931,472.8529896,60.125,-25.84375,-18.71875,-60.125,,242.00189208984375,,,,,,
5932,472.9332686000007,-45.34375,-8.28125,29.84375,45.34375,,242.00189208984375,,,,,,
5933,473.0146187,-143.5,0.625,119.5,143.5,,242.00189208984375,,,,,,
5934,473.0955334999999,-24.03125,-26.84375,70.4375,24.03125,,242.00189208984375,,,,,,
5935,473.17703640000036,-37.0625,-25.8125,88.9375,37.0625,,242.00189208984375,,,,,,
5936,473.25983500000075,-121.9375,30.3125,83.5,121.9375,,242.00189208984375,,,,,,
5937,473.3446094000001,-69.125,-12.125,105.3125,69.125,,242.00189208984375,,,,,,
5938,473.4228612000006,54.875,-7.6875,-23.890625,-54.875,,242.00189208984375,,,,,,
5939,473.4992972,119.125,-9.0625,-97.0,-119.125,,242.00189208984375,,,,,,
5940,473.58408020000024,93.3125,-14.75,-106.5,-93.3125,,242.00189208984375,,7.129293918609619,0.5921118855476379,6.387032985687256,7.078158378601074,8.123344421386719
5941,473.6637638000002,117.1875,-20.1875,-72.9375,-117.1875,,242.00189208984375,,,,,,
5942,473.74122270000043,44.21875,-17.375,-46.6875,-44.21875,,242.00189208984375,,,,,,
5943,473.8206762,1.3671875,-7.890625,12.1953125,-1.3671875,,242.00189208984375,,,,,,
5944,473.90065550000054,-64.0625,-20.25,61.40625,64.0625,,242.00189208984375,,,,,,
5945,473.9828969,-88.5,-38.375,147.625,88.5,,242.00189208984375,,,,,,
5946,474.0633028000002,-28.828125,-23.1875,50.46875,28.828125,,242.00189208984375,,,,,,
5947,474.1480551000004,-1.958984375,-18.5625,51.15625,1.958984375,,242.00189208984375,,,,,,
5948,474.2265508999999,4.4296875,-28.375,38.90625,-4.4296875,,242.00189208984375,,,,,,
5949,474.3081480000001,19.5,-4.4296875,-14.6328125,-19.5,,242.00189208984375,,,,,,
5950,474.3871564000001,-38.9375,-17.953125,38.625,38.9375,,242.00189208984375,,,,,,
5951,474.46847660000003,-51.46875,-16.59375,75.875,51.46875,,242.00189208984375,,,,,,
5952,474.5480473000007,-48.84375,-21.0,80.8125,48.84375,,242.00189208984375,,,,,,
5953,474.62962440000047,-34.125,4.46875,41.65625,34.125,,242.00189208984375,,,,,,
5954,474.71210150000024,-37.96875,-12.15625,52.875,37.96875,,242.00189208984375,,,,,,
5955,474.7928947999999,-16.578125,-19.34375,69.375,16.578125,,242.00189208984375,,,,,,
5956,474.87464249999994,41.1875,-14.3828125,3.236328125,-41.1875,,242.00189208984375,,,,,,
5957,474.96442060000027,101.4375,-13.9375,-69.875,-101.4375,,242.00189208984375,,,,,,
5958,475.0478100999999,74.3125,-18.4375,-57.875,-74.3125,,242.00189208984375,,,,,,
5959,475.13435840000056,56.46875,-14.84375,-55.15625,-56.46875,,242.00189208984375,,,,,,
5960,475.22488780000003,-37.28125,-26.96875,66.5625,37.28125,,242.00189208984375,,6.498534202575684,0.4929770231246948,5.698094844818115,6.4799323081970215,7.384325981140137
5961,475.30660010000065,-77.1875,-14.6875,122.4375,77.1875,,242.00189208984375,,,,,,
5962,475.38607520000005,-117.5,-9.625,113.4375,117.5,,242.00189208984375,,,,,,
5963,475.46411570000055,-58.625,-17.84375,71.0625,58.625,,242.00189208984375,,,,,,
5964,475.54335960000026,-33.84375,-20.65625,64.625,33.84375,,242.00189208984375,,,,,,
5965,475.6248695000004,-26.890625,-55.21875,72.0,26.890625,,242.00189208984375,,,,,,
5966,475.7035255999999,-21.5,11.1484375,9.1328125,21.5,,242.00189208984375,,,,,,
5967,475.78574990000016,59.09375,-29.4375,-57.1875,-59.09375,,242.00189208984375,,,,,,
5968,475.86749260000033,55.3125,-14.09375,-7.328125,-55.3125,,242.00189208984375,,,,,,
5969,475.9471123000003,25.890625,-21.578125,-9.46875,-25.890625,,242.00189208984375,,,,,,
5970,476.0255600999999,65.375,-25.15625,-48.21875,-65.375,,242.00189208984375,,,,,,
5971,476.10297059999994,16.234375,-25.84375,-11.5,-16.234375,,242.00189208984375,,,,,,
5972,476.1826461999999,-72.1875,-47.75,107.6875,72.1875,,242.00189208984375,,,,,,
5973,476.26069929999994,-35.4375,-14.90625,44.59375,35.4375,,242.00189208984375,,,,,,
5974,476.3404070000006,-60.125,-19.8125,102.1875,60.125,,242.00189208984375,,,,,,
5975,476.41998740000054,-8.0390625,-24.578125,27.8125,8.0390625,,242.00189208984375,,,,,,
5976,476.5022564000001,28.390625,-23.25,-13.0859375,-28.390625,,242.00189208984375,,,,,,
5977,476.5792743000002,-1.9521484375,-23.546875,1.4169921875,1.9521484375,,242.00189208984375,,,,,,
5978,476.66135120000035,5.60546875,-4.6953125,6.7578125,-5.60546875,,242.00189208984375,,,,,,
5979,476.7401606000003,-34.875,-24.859375,26.6875,34.875,,242.00189208984375,,,,,,
5980,476.8243796000006,-122.8125,-34.5625,110.5,122.8125,,242.00189208984375,,9.738407135009766,1.241842269897461,7.385358810424805,9.911581039428711,11.338438987731934
5981,476.9037871999999,-19.328125,-23.75,60.15625,19.328125,,242.00189208984375,,,,,,
5982,476.9838950000003,-29.375,-9.546875,16.03125,29.375,,242.00189208984375,,,,,,
5983,477.06234140000015,-32.15625,-11.5,48.21875,32.15625,,242.00189208984375,,,,,,
5984,477.14145910000025,79.9375,-28.75,-9.28125,-79.9375,,242.00189208984375,,,,,,
5985,477.2200048000004,59.65625,-25.015625,-23.140625,-59.65625,,242.00189208984375,,,,,,
5986,477.2967972000006,22.09375,-9.328125,-3.01171875,-22.09375,,242.00189208984375,,,,,,
5987,477.3750135999999,-35.90625,-65.1875,118.875,35.90625,,242.00189208984375,,,,,,
5988,477.452902,-95.875,-38.625,177.75,95.875,,242.00189208984375,,,,,,
5989,477.53014560000065,-69.25,-15.4375,96.75,69.25,,242.00189208984375,,,,,,
5990,477.60956140000053,6.62109375,-18.6875,8.9140625,-6.62109375,,242.00189208984375,,,,,,
5991,477.68901200000073,8.28125,-26.8125,41.6875,-8.28125,,242.00189208984375,,,,,,
5992,477.76678640000046,46.5,-16.78125,-2.91796875,-46.5,,242.00189208984375,,,,,,
5993,477.8453898000007,66.9375,-33.0625,-19.890625,-66.9375,,242.00189208984375,,,,,,
5994,477.92361940000046,31.78125,-9.484375,-10.828125,-31.78125,,242.00189208984375,,,,,,
5995,478.0012400000005,-15.3515625,-19.15625,39.5625,15.3515625,,242.00189208984375,,,,,,
5996,478.07687179999994,-74.3125,-18.625,98.4375,74.3125,,242.00189208984375,,,,,,
5997,478.153139,-100.875,10.375,103.5625,100.875,,242.00189208984375,,,,,,
5998,478.2291107000001,-29.765625,-22.40625,32.84375,29.765625,,242.00189208984375,,,,,,
5999,478.3088598000004,18.25,-19.34375,-8.4296875,-18.25,,242.00189208984375,,,,,,
6000,478.3908873999999,102.6875,-22.4375,-43.25,-102.6875,,242.00189208984375,,6.171639442443848,0.44614171981811523,5.609830379486084,6.060817718505859,7.0420708656311035
6001,478.4690926000003,34.3125,-21.65625,-36.90625,-34.3125,,242.00189208984375,,,,,,
6002,478.54696310000054,18.59375,-30.5,-10.5703125,-18.59375,,242.00189208984375,,,,,,
6003,478.62342910000007,-52.1875,-44.59375,81.1875,52.1875,,242.00189208984375,,,,,,
6004,478.70053310000003,-86.8125,-14.296875,44.53125,86.8125,,242.00189208984375,,,,,,
6005,478.77618600000005,-49.375,-31.9375,96.1875,49.375,,242.00189208984375,,,,,,
6006,478.8537288000007,0.5810546875,-12.015625,32.90625,-0.5810546875,,242.00189208984375,,,,,,
6007,478.93068960000073,79.9375,-20.1875,-75.0625,-79.9375,,242.00189208984375,,,,,,
6008,479.0069919000007,61.34375,-34.21875,-36.53125,-61.34375,,242.00189208984375,,,,,,
6009,479.0823108000004,-73.5625,-1.0625,46.03125,73.5625,,242.00189208984375,,,,,,
6010,479.15963270000066,-128.875,-26.125,178.375,128.875,,242.00189208984375,,,,,,
6011,479.2389358999999,-55.71875,-31.0,120.0625,55.71875,,242.00189208984375,,,,,,
6012,479.31593969999994,-4.63671875,-11.6875,37.1875,4.63671875,,242.00189208984375,,,,,,
6013,479.3926541000001,81.6875,-15.78125,-49.46875,-81.6875,,242.00189208984375,,,,,,
6014,479.47030500000074,4.05859375,-41.65625,49.75,-4.05859375,,242.00189208984375,,,,,,
6015,479.55030290000013,5.390625,-22.46875,12.8671875,-5.390625,,242.00189208984375,,,,,,
6016,479.6275899000002,34.65625,-15.234375,-28.890625,-34.65625,,242.00189208984375,,,,,,
6017,479.7041407000006,56.5625,-17.109375,-13.59375,-56.5625,,242.00189208984375,,,,,,
6018,479.78133810000054,47.96875,-32.28125,-59.09375,-47.96875,,242.00189208984375,,,,,,
6019,479.85867230000076,-35.25,-12.25,17.859375,35.25,,242.00189208984375,,,,,,
6020,479.94282590000057,-78.6875,-19.0625,77.625,78.6875,,242.00189208984375,,6.612307548522949,0.6170496940612793,5.806877613067627,6.423374176025391,7.733609676361084
6021,480.0209924999999,-70.375,-11.25,76.125,70.375,,242.00189208984375,,,,,,
6022,480.0971040000004,-86.5625,-13.125,127.0625,86.5625,,242.00189208984375,,,,,,
6023,480.17441060000056,0.1773681640625,-10.21875,46.84375,-0.1773681640625,,242.00189208984375,,,,,,
6024,480.25185039999997,21.21875,-27.109375,11.5234375,-21.21875,,242.00189208984375,,,,,,
6025,480.32840639999995,15.6328125,-26.84375,14.84375,-15.6328125,,242.00189208984375,,,,,,
6026,480.4060478000001,-1.9794921875,-16.15625,23.453125,1.9794921875,,242.00189208984375,,,,,,
6027,480.4836002000002,23.65625,-38.0,-22.671875,-23.65625,,242.00189208984375,,,,,,
6028,480.5630662000003,-41.21875,-19.78125,66.6875,41.21875,,242.00189208984375,,,,,,
6029,480.63744550000047,-0.9716796875,-26.546875,43.15625,0.9716796875,,242.00189208984375,,,,,,
6030,480.71514000000025,46.5625,-27.078125,20.1875,-46.5625,,242.00189208984375,,,,,,
6031,480.79220200000054,13.34375,-18.03125,-28.28125,-13.34375,,242.00189208984375,,,,,,
6032,480.8693352,-70.4375,-18.875,85.875,70.4375,,242.00189208984375,,,,,,
6033,480.9453532000007,9.8515625,-18.15625,27.328125,-9.8515625,,242.00189208984375,,,,,,
6034,481.02237090000017,-49.46875,-15.1875,64.6875,49.46875,,242.00189208984375,,,,,,
6035,481.1237475000007,-62.625,-20.125,89.9375,62.625,,242.00189208984375,,,,,,
6036,481.20180600000003,-76.625,-14.0,94.1875,76.625,,242.00189208984375,,,,,,
6037,481.2817577000005,-23.546875,-13.390625,-5.47265625,23.546875,,242.00189208984375,,,,,,
6038,481.3584058000006,5.87890625,-20.90625,16.546875,-5.87890625,,242.00189208984375,,,,,,
6039,481.4347452000002,35.8125,-21.0,13.6484375,-35.8125,,242.00189208984375,,,,,,
6040,481.5166342000002,39.9375,-24.109375,-5.65234375,-39.9375,,242.00189208984375,,7.4715728759765625,0.7408286333084106,6.534154415130615,7.456465721130371,8.812052726745605
6041,481.59076320000077,45.78125,-19.921875,-18.203125,-45.78125,,242.00189208984375,,,,,,
6042,481.6691557000004,-34.71875,-18.890625,47.65625,34.71875,,242.00189208984375,,,,,,
6043,481.7445482000003,-39.5,-19.75,62.46875,39.5,,242.00189208984375,,,,,,
6044,481.8199590000004,7.22265625,-9.875,15.5078125,-7.22265625,,242.00189208984375,,,,,,
6045,481.89610340000036,38.28125,-14.875,-56.25,-38.28125,,242.00189208984375,,,,,,
6046,481.9733399000006,40.78125,-34.96875,-13.4609375,-40.78125,,242.00189208984375,,,,,,
6047,482.04881079999996,39.375,-18.6875,-20.875,-39.375,,242.00189208984375,,,,,,
6048,482.12628140000015,-34.96875,-7.34375,47.15625,34.96875,,242.00189208984375,,,,,,
6049,482.2022018000007,-84.3125,-18.0625,101.0,84.3125,,242.00189208984375,,,,,,
6050,482.27975940000033,-92.75,-29.25,112.875,92.75,,242.00189208984375,,,,,,
6051,482.35715490000075,-30.078125,-7.59375,32.96875,30.078125,,242.00189208984375,,,,,,
6052,482.4340247,22.09375,-13.4921875,-6.4453125,-22.09375,,242.00189208984375,,,,,,
6053,482.51059990000067,-12.1640625,-9.109375,20.3125,12.1640625,,242.00189208984375,,,,,,
6054,482.5892134000005,-62.65625,-18.4375,91.25,62.65625,,242.00189208984375,,,,,,
6055,482.6672464000003,-6.6875,-17.46875,33.65625,6.6875,,242.00189208984375,,,,,,
6056,482.7438957000004,53.96875,-1.8125,-39.71875,-53.96875,,242.00189208984375,,,,,,
6057,482.82078770000044,-23.15625,-14.8359375,12.6171875,23.15625,,242.00189208984375,,,,,,
6058,482.89923760000056,-21.625,-21.34375,37.46875,21.625,,242.00189208984375,,,,,,
6059,482.9771199000006,8.1171875,-41.5625,17.46875,-8.1171875,,242.00189208984375,,,,,,
6060,483.06173220000073,-96.5625,-46.875,156.5,96.5625,,242.00189208984375,,10.006368637084961,1.1445586681365967,7.820958137512207,10.291667938232422,11.320077896118164
6061,483.14060730000074,-53.90625,-6.625,90.5625,53.90625,,242.00189208984375,,,,,,
6062,483.2163964000001,30.046875,-36.59375,-10.9296875,-30.046875,,242.00189208984375,,,,,,
6063,483.2953477000001,54.9375,-12.453125,-29.390625,-54.9375,,242.00189208984375,,,,,,
6064,483.3752174000001,22.765625,-3.03125,-26.890625,-22.765625,,242.00189208984375,,,,,,
6065,483.4516942,58.4375,-17.09375,-44.90625,-58.4375,,242.00189208984375,,,,,,
6066,483.5278911000005,-23.5625,-2.6875,46.71875,23.5625,,242.00189208984375,,,,,,
6067,483.6060535000006,-81.8125,-26.53125,69.4375,81.8125,,242.00189208984375,,,,,,
6068,483.68165170000066,-52.6875,21.8125,38.5625,52.6875,,242.00189208984375,,,,,,
6069,483.76206020000063,-31.09375,-3.8046875,19.765625,31.09375,,242.00189208984375,,,,,,
6070,483.8402076000002,36.96875,-38.125,25.296875,-36.96875,,242.00189208984375,,,,,,
6071,483.9159047000003,40.15625,-4.53125,-21.9375,-40.15625,,242.00189208984375,,,,,,
6072,483.9933716000005,45.28125,-15.296875,-27.140625,-45.28125,,242.00189208984375,,,,,,
6073,484.07116960000076,-25.140625,-18.84375,60.75,25.140625,,242.00189208984375,,,,,,
6074,484.14996300000075,-28.953125,-28.03125,84.3125,28.953125,,242.00189208984375,,,,,,
6075,484.22867620000034,-29.203125,-18.34375,37.25,29.203125,,242.00189208984375,,,,,,
6076,484.30677090000063,-94.375,-21.25,112.6875,94.375,,242.00189208984375,,,,,,
6077,484.3859387000002,-23.25,-21.375,58.03125,23.25,,242.00189208984375,,,,,,
6078,484.46308560000034,-1.09765625,17.375,-9.46875,1.09765625,,242.00189208984375,,,,,,
6079,484.5420200000008,48.0,-2.53125,-30.9375,-48.0,,242.00189208984375,,,,,,
6080,484.6245777000004,52.0,-19.984375,-28.515625,-52.0,,242.00189208984375,,6.1051177978515625,0.4119437336921692,5.544293403625488,6.098026752471924,6.915963649749756
6081,484.7024545000004,-26.546875,4.5390625,-17.359375,26.546875,,242.00189208984375,,,,,,
6082,484.7809479000007,-28.15625,-18.953125,36.5,28.15625,,242.00189208984375,,,,,,
6083,484.85727680000036,9.3203125,9.515625,-4.62890625,-9.3203125,,242.00189208984375,,,,,,
6084,484.9370576000001,81.625,-21.9375,-34.6875,-81.625,,242.00189208984375,,,,,,
6085,485.0157472000001,-40.53125,-13.1875,3.21484375,40.53125,,242.00189208984375,,,,,,
6086,485.09456000000046,-123.4375,-13.1875,128.5,123.4375,,242.00189208984375,,,,,,
6087,485.17158560000007,-105.875,-32.6875,142.625,105.875,,242.00189208984375,,,,,,
6088,485.24842440000066,-49.59375,-46.6875,110.5625,49.59375,,242.00189208984375,,,,,,
6089,485.32519200000024,-71.25,-4.5,86.375,71.25,,242.00189208984375,,,,,,
6090,485.40350620000027,15.09375,-31.21875,4.47265625,-15.09375,,242.00189208984375,,,,,,
6091,485.47965509999995,36.1875,-1.158203125,-2.296875,-36.1875,,242.00189208984375,,,,,,
6092,485.55627170000025,40.90625,-19.53125,-21.03125,-40.90625,,242.00189208984375,,,,,,
6093,485.6332127000005,16.328125,-35.6875,20.890625,-16.328125,,242.00189208984375,,,,,,
6094,485.7098216000004,45.46875,-29.359375,-12.921875,-45.46875,,242.00189208984375,,,,,,
6095,485.7861803000005,18.078125,-30.90625,58.65625,-18.078125,,242.00189208984375,,,,,,
6096,485.8655601999999,59.75,-22.34375,-5.5234375,-59.75,,242.00189208984375,,,,,,
6097,485.94211799999994,-13.9140625,-18.734375,2.970703125,13.9140625,,242.00189208984375,,,,,,
6098,486.02191519999997,-96.1875,9.75,76.1875,96.1875,,242.00189208984375,,,,,,
6099,486.0996431000003,-97.4375,-22.0625,79.0625,97.4375,,242.00189208984375,,,,,,
6100,486.18041580000045,-78.125,-16.125,117.125,78.125,,242.00189208984375,,7.652369499206543,0.7325844764709473,6.190037727355957,7.746374130249023,8.691546440124512
6101,486.2572768,-61.65625,-11.1875,68.375,61.65625,,242.00189208984375,,,,,,
6102,486.3341579000007,-32.03125,-16.484375,35.53125,32.03125,,242.00189208984375,,,,,,
6103,486.4119739000007,65.3125,-19.5625,-31.8125,-65.3125,,242.00189208984375,,,,,,
6104,486.48963150000054,44.15625,-20.984375,-16.921875,-44.15625,,242.00189208984375,,,,,,
6105,486.5663387000004,-47.0,-36.75,92.625,47.0,,242.00189208984375,,,,,,
6106,486.64394280000033,35.375,-22.328125,28.90625,-35.375,,242.00189208984375,,,,,,
6107,486.7213055000002,-37.28125,-38.28125,50.65625,37.28125,,242.00189208984375,,,,,,
6108,486.7985273000004,56.125,-21.984375,-16.578125,-56.125,,242.00189208984375,,,,,,
6109,486.87558700000045,-10.0390625,-17.46875,29.59375,10.0390625,,242.00189208984375,,,,,,
6110,486.95716260000063,-5.578125,-16.578125,14.046875,5.578125,,242.00189208984375,,,,,,
6111,487.03508370000054,-24.65625,-21.828125,21.90625,24.65625,,242.00189208984375,,,,,,
6112,487.1119537000004,47.6875,-18.84375,-20.75,-47.6875,,242.00189208984375,,,,,,
6113,487.1876955000007,80.625,-20.3125,-51.8125,-80.625,,242.00189208984375,,,,,,
6114,487.2665641000003,-1.791015625,-18.1875,0.89404296875,1.791015625,,242.00189208984375,,,,,,
6115,487.34472820000065,-61.5,-25.65625,84.25,61.5,,242.00189208984375,,,,,,
6116,487.4247146000007,-7.94921875,-24.15625,27.890625,7.94921875,,242.00189208984375,,,,,,
6117,487.5004321000006,-24.0,-18.9375,37.1875,24.0,,242.00189208984375,,,,,,
6118,487.5779405000003,-18.5625,-27.78125,35.46875,18.5625,,242.00189208984375,,,,,,
6119,487.65532450000046,-38.5,-17.46875,39.59375,38.5,,242.00189208984375,,,,,,
6120,487.73829340000066,30.828125,-16.65625,2.6640625,-30.828125,,242.00189208984375,,6.064852237701416,0.40233564376831055,5.53433084487915,6.003871440887451,6.851817607879639
6121,487.81479500000023,54.78125,-3.625,-50.6875,-54.78125,,242.00189208984375,,,,,,
6122,487.8926123000001,-3.5078125,-22.828125,7.9453125,3.5078125,,242.00189208984375,,,,,,
6123,487.9695492000001,-78.375,-24.4375,101.25,78.375,,242.00189208984375,,,,,,
6124,488.0461131000002,-117.125,-20.375,137.875,117.125,,242.00189208984375,,,,,,
6125,488.1224761000003,-20.21875,-21.03125,41.4375,20.21875,,242.00189208984375,,,,,,
6126,488.2000743000008,55.4375,-13.0,-68.5625,-55.4375,,242.00189208984375,,,,,,
6127,488.27656190000016,45.40625,-32.8125,-27.09375,-45.40625,,242.00189208984375,,,,,,
6128,488.3544350000002,79.875,-21.8125,-76.625,-79.875,,242.00189208984375,,,,,,
6129,488.4307441000001,33.75,-18.0,-18.71875,-33.75,,242.00189208984375,,,,,,
6130,488.5086985000007,-74.5625,-22.21875,47.46875,74.5625,,242.00189208984375,,,,,,
6131,488.5844093000005,-104.4375,-17.5,101.0625,104.4375,,242.00189208984375,,,,,,
6132,488.66285850000077,-60.3125,-12.0625,92.8125,60.3125,,242.00189208984375,,,,,,
6133,488.7419495000004,-15.484375,-19.796875,13.3203125,15.484375,,242.00189208984375,,,,,,
6134,488.8197418,28.546875,-22.078125,-18.984375,-28.546875,,242.00189208984375,,,,,,
6135,488.8975229000007,113.25,-13.4375,-90.875,-113.25,,242.00189208984375,,,,,,
6136,488.97494050000023,23.140625,-41.3125,-38.125,-23.140625,,242.00189208984375,,,,,,
6137,489.0554879000001,-70.1875,6.34375,40.78125,70.1875,,242.00189208984375,,,,,,
6138,489.13413390000005,-49.625,-16.875,55.0,49.625,,242.00189208984375,,,,,,
6139,489.2118444000007,-30.046875,-26.46875,60.5625,30.046875,,242.00189208984375,,,,,,
6140,489.2950701,-91.75,-21.5625,108.875,91.75,,242.00189208984375,,7.831184387207031,0.7679414749145508,6.739497184753418,7.694529056549072,9.164470672607422
6141,489.3728101000006,-20.578125,-20.875,53.28125,20.578125,,242.00189208984375,,,,,,
6142,489.45596449999994,-19.265625,-21.265625,35.125,19.265625,,242.00189208984375,,,,,,
6143,489.53567770000063,5.23046875,0.12109375,7.1015625,-5.23046875,,242.00189208984375,,,,,,
6144,489.6131574000001,26.90625,-19.46875,-15.8046875,-26.90625,,242.00189208984375,,,,,,
6145,489.6914019000005,41.90625,-26.875,-10.4296875,-41.90625,,242.00189208984375,,,,,,
6146,489.7676311000005,-1.4755859375,-10.4921875,1.3662109375,1.4755859375,,242.00189208984375,,,,,,
6147,489.8459499999999,0.40625,-10.6171875,7.6328125,-0.40625,,242.00189208984375,,,,,,
6148,489.9231832000005,-16.328125,-16.4375,87.5625,16.328125,,242.00189208984375,,,,,,
6149,490.0015652000002,-34.25,-20.28125,59.125,34.25,,242.00189208984375,,,,,,
6150,490.0788650000004,15.4296875,-8.4453125,-7.0,-15.4296875,,242.00189208984375,,,,,,
6151,490.1584891000002,29.765625,-16.453125,-3.67578125,-29.765625,,242.00189208984375,,,,,,
6152,490.23692290000054,107.5625,-28.875,-31.40625,-107.5625,,242.00189208984375,,,,,,
6153,490.3143620000001,14.4921875,-13.546875,-12.296875,-14.4921875,,242.00189208984375,,,,,,
6154,490.3939482000005,-22.78125,-17.4375,31.515625,22.78125,,242.00189208984375,,,,,,
6155,490.4731752000007,-124.0625,-18.8125,107.375,124.0625,,242.00189208984375,,,,,,
6156,490.54842350000035,-141.875,-22.625,150.75,141.875,,242.00189208984375,,,,,,
6157,490.6263724999999,-62.1875,-91.75,127.625,62.1875,,242.00189208984375,,,,,,
6158,490.7043454000004,-69.5,-4.6875,65.125,69.5,,242.00189208984375,,,,,,
6159,490.78311030000077,7.0234375,-21.875,9.15625,-7.0234375,,242.00189208984375,,,,,,
6160,490.86931820000063,-0.392333984375,-63.53125,1.2724609375,0.392333984375,,242.00189208984375,,8.751972198486328,1.0618212223052979,6.993612289428711,8.907135963439941,10.201386451721191
6161,490.9476540000005,3.125,-53.875,61.625,-3.125,,242.00189208984375,,,,,,
6162,491.02737010000055,22.59375,-13.03125,-45.09375,-22.59375,,242.00189208984375,,,,,,
6163,491.10470690000056,91.3125,-27.875,-47.625,-91.3125,,242.00189208984375,,,,,,
6164,491.18081410000013,56.96875,-29.6875,-36.9375,-56.96875,,242.00189208984375,,,,,,
6165,491.25770270000066,-21.71875,-24.6875,60.90625,21.71875,,242.00189208984375,,,,,,
6166,491.3342323000006,-76.375,-17.5625,106.5625,76.375,,242.00189208984375,,,,,,
6167,491.4126182,-74.5625,-24.0,99.875,74.5625,,242.00189208984375,,,,,,
6168,491.4865212000004,-32.1875,-16.8125,68.75,32.1875,,242.00189208984375,,,,,,
6169,491.5632544,-6.671875,-18.8125,4.51953125,6.671875,,242.00189208984375,,,,,,
6170,491.6412489000004,2.53515625,-46.46875,57.28125,-2.53515625,,242.00189208984375,,,,,,
6171,491.71700690000034,-35.4375,-25.671875,51.4375,35.4375,,242.00189208984375,,,,,,
6172,491.79360540000016,-19.125,-17.90625,43.09375,19.125,,242.00189208984375,,,,,,
6173,491.8755793999999,-18.8125,-31.734375,37.0,18.8125,,242.00189208984375,,,,,,
6174,491.9520129000002,-7.98046875,-18.640625,22.28125,7.98046875,,242.00189208984375,,,,,,
6175,492.02868540000054,-30.671875,-34.40625,46.375,30.671875,,242.00189208984375,,,,,,
6176,492.1039289,-29.171875,-17.375,44.75,29.171875,,242.00189208984375,,,,,,
6177,492.1819249,-15.59375,-34.125,23.046875,15.59375,,242.00189208984375,,,,,,
6178,492.2566843000004,36.40625,-20.21875,18.875,-36.40625,,242.00189208984375,,,,,,
6179,492.3351929999999,43.46875,-31.84375,-42.65625,-43.46875,,242.00189208984375,,,,,,
6180,492.42113510000036,3.576171875,-13.984375,-9.34375,-3.576171875,,242.00189208984375,,6.106804847717285,0.3714773654937744,5.62159538269043,6.014017105102539,6.670168399810791
6181,492.49831240000003,14.2578125,-15.265625,-5.44140625,-14.2578125,,242.00189208984375,,,,,,
6182,492.57572210000035,-44.65625,-24.6875,18.875,44.65625,,242.00189208984375,,,,,,
6183,492.6548394000001,-17.328125,-28.296875,58.0,17.328125,,242.00189208984375,,,,,,
6184,492.73262500000055,29.375,-1.65625,-34.8125,-29.375,,242.00189208984375,,,,,,
6185,492.81022550000034,11.4453125,-13.78125,-0.67724609375,-11.4453125,,242.00189208984375,,,,,,
6186,492.8858237000004,-7.16796875,-11.34375,28.59375,7.16796875,,242.00189208984375,,,,,,
6187,492.9620332000004,30.90625,-18.78125,-16.6875,-30.90625,,242.00189208984375,,,,,,
6188,493.0395040000003,-25.453125,-24.84375,19.71875,25.453125,,242.00189208984375,,,,,,
6189,493.1182456000006,-43.875,-18.96875,32.09375,43.875,,242.00189208984375,,,,,,
6190,493.1949054000006,-29.234375,-5.359375,33.15625,29.234375,,242.00189208984375,,,,,,
6191,493.2716655000004,-25.15625,0.6875,8.25,25.15625,,242.00189208984375,,,,,,
6192,493.34862730000077,-109.5625,40.0625,30.546875,109.5625,,242.00189208984375,,,,,,
6193,493.4258878999999,-42.21875,-13.0,83.0,42.21875,,242.00189208984375,,,,,,
6194,493.5047772000007,26.796875,-26.734375,33.5,-26.796875,,242.00189208984375,,,,,,
6195,493.5811770999999,-11.9765625,-52.9375,34.9375,11.9765625,,242.00189208984375,,,,,,
6196,493.65980149999996,-51.5,-19.875,58.09375,51.5,,242.00189208984375,,,,,,
6197,493.7382282000008,73.125,-28.96875,-14.0546875,-73.125,,242.00189208984375,,,,,,
6198,493.8137850000003,44.6875,-23.625,-23.8125,-44.6875,,242.00189208984375,,,,,,
6199,493.8910248000002,-28.78125,-22.15625,56.96875,28.78125,,242.00189208984375,,,,,,
6200,493.97460670000055,-10.140625,-3.92578125,6.33203125,10.140625,,242.00189208984375,,6.130558490753174,0.3140259087085724,5.716377258300781,6.092593669891357,6.629642963409424
6201,494.05350610000005,-27.421875,-10.8125,56.5,27.421875,,242.00189208984375,,,,,,
6202,494.13099910000074,-14.125,-28.0625,42.28125,14.125,,242.00189208984375,,,,,,
6203,494.2067674,-100.0,-36.625,94.75,100.0,,242.00189208984375,,,,,,
6204,494.2834332000002,-57.5625,-18.1875,100.125,57.5625,,242.00189208984375,,,,,,
6205,494.361175,-18.21875,-32.21875,95.75,18.21875,,242.00189208984375,,,,,,
6206,494.43722720000005,-9.359375,-41.0625,68.25,9.359375,,242.00189208984375,,,,,,
6207,494.5140523,30.6875,-13.921875,7.90234375,-30.6875,,242.00189208984375,,,,,,
6208,494.59300669999993,76.1875,-5.8125,-67.0,-76.1875,,242.00189208984375,,,,,,
6209,494.6717693999999,89.0,-22.90625,-62.84375,-89.0,,242.00189208984375,,,,,,
6210,494.74941320000016,41.34375,-16.0,-19.15625,-41.34375,,242.00189208984375,,,,,,
6211,494.82572640000035,14.703125,-24.75,0.431640625,-14.703125,,242.00189208984375,,,,,,
6212,494.9025408000007,-67.375,-8.90625,58.28125,67.375,,242.00189208984375,,,,,,
6213,494.9805008000003,-76.0625,-0.375,41.84375,76.0625,,242.00189208984375,,,,,,
6214,495.0571594000003,-86.1875,-23.71875,86.75,86.1875,,242.00189208984375,,,,,,
6215,495.1392867000004,38.78125,-50.9375,43.0,-38.78125,,242.00189208984375,,,,,,
6216,495.2157536000004,24.703125,-12.484375,16.59375,-24.703125,,242.00189208984375,,,,,,
6217,495.2924303,18.171875,10.7890625,-0.273681640625,-18.171875,,242.00189208984375,,,,,,
6218,495.36845790000007,5.4453125,-31.0625,26.1875,-5.4453125,,242.00189208984375,,,,,,
6219,495.4473207000001,-30.40625,-18.609375,37.28125,30.40625,,242.00189208984375,,,,,,
6220,495.5306416000003,2.470703125,-21.9375,69.375,-2.470703125,,242.00189208984375,,7.444553852081299,0.3079521954059601,7.035319805145264,7.384347915649414,8.019551277160645
6221,495.6076460000004,24.734375,-19.3125,15.65625,-24.734375,,242.00189208984375,,,,,,
6222,495.6848024000001,5.02734375,-25.453125,19.640625,-5.02734375,,242.00189208984375,,,,,,
6223,495.76179649999995,-74.1875,-16.4375,91.5625,74.1875,,242.00189208984375,,,,,,
6224,495.8384077999999,22.421875,-21.78125,48.4375,-22.421875,,242.00189208984375,,,,,,
6225,495.9169007999999,-38.75,-11.4140625,26.8125,38.75,,242.00189208984375,,,,,,
6226,495.99467920000006,-23.625,-14.15625,24.953125,23.625,,242.00189208984375,,,,,,
6227,496.07253390000005,-60.15625,-11.9375,92.6875,60.15625,,242.00189208984375,,,,,,
6228,496.1503007000001,-95.9375,-20.3125,127.25,95.9375,,242.00189208984375,,,,,,
6229,496.22774690000006,-12.4609375,-11.125,53.53125,12.4609375,,242.00189208984375,,,,,,
6230,496.3043883999999,-38.5625,-31.859375,51.1875,38.5625,,242.00189208984375,,,,,,
6231,496.3808942000005,-6.48046875,2.734375,-13.078125,6.48046875,,242.00189208984375,,,,,,
6232,496.4580829000006,52.3125,-5.28125,-57.59375,-52.3125,,242.00189208984375,,,,,,
6233,496.5354647000004,24.078125,1.234375,-31.53125,-24.078125,,242.00189208984375,,,,,,
6234,496.6126357000003,17.109375,-34.625,25.765625,-17.109375,,242.00189208984375,,,,,,
6235,496.6907755000002,-69.75,-8.4375,43.1875,69.75,,242.00189208984375,,,,,,
6236,496.7671212000005,-9.734375,-17.6875,24.125,9.734375,,242.00189208984375,,,,,,
6237,496.8448527999999,-36.625,-17.9375,48.53125,36.625,,242.00189208984375,,,,,,
6238,496.92201250000016,-16.546875,-21.9375,61.28125,16.546875,,242.00189208984375,,,,,,
6239,496.99970550000035,-51.28125,-17.34375,55.28125,51.28125,,242.00189208984375,,,,,,
6240,497.0848762000005,11.375,-24.53125,9.5390625,-11.375,,242.00189208984375,,7.347302436828613,0.42609235644340515,6.717475891113281,7.342119216918945,8.107215881347656
6241,497.1612595000006,14.234375,-4.9453125,20.515625,-14.234375,,242.00189208984375,,,,,,
6242,497.237298,-2.20703125,-52.25,43.46875,2.20703125,,242.00189208984375,,,,,,
6243,497.3180889000005,-58.59375,-3.375,75.6875,58.59375,,242.00189208984375,,,,,,
6244,497.3941652000003,-17.96875,-41.28125,94.0,17.96875,,242.00189208984375,,,,,,
6245,497.47212500000023,-37.34375,-16.828125,40.5,37.34375,,242.00189208984375,,,,,,
6246,497.5488421,33.46875,-20.484375,51.59375,-33.46875,,242.00189208984375,,,,,,
6247,497.6243295000004,50.84375,-16.625,-51.6875,-50.84375,,242.00189208984375,,,,,,
6248,497.7017083999999,42.3125,-9.46875,-40.5625,-42.3125,,242.00189208984375,,,,,,
6249,497.7773752000003,21.015625,-16.328125,11.1484375,-21.015625,,242.00189208984375,,,,,,
6250,497.8533875000003,-15.171875,-3.671875,34.40625,15.171875,,242.00189208984375,,,,,,
6251,497.93035000000054,-60.71875,-20.375,76.5,60.71875,,242.00189208984375,,,,,,
6252,498.00805500000024,-56.59375,-15.625,98.75,56.59375,,242.00189208984375,,,,,,
6253,498.08426130000043,1.0029296875,-23.6875,2.396484375,-1.0029296875,,242.00189208984375,,,,,,
6254,498.1609991000005,75.5625,-9.9375,-38.46875,-75.5625,,242.00189208984375,,,,,,
6255,498.23732010000003,23.546875,-1.375,-46.0,-23.546875,,242.00189208984375,,,,,,
6256,498.3143477000003,-18.375,-22.875,16.421875,18.375,,242.00189208984375,,,,,,
6257,498.3914313000005,-66.4375,-20.5625,59.40625,66.4375,,242.00189208984375,,,,,,
6258,498.4670130000004,27.4375,-17.71875,10.2421875,-27.4375,,242.00189208984375,,,,,,
6259,498.5444703000003,29.625,-22.65625,9.796875,-29.625,,242.00189208984375,,,,,,
6260,498.62754660000064,-12.484375,-38.75,63.6875,12.484375,,242.00189208984375,,7.970702171325684,0.7698488831520081,6.709561347961426,7.936219215393066,9.287420272827148
6261,498.70365870000023,-2.88671875,5.05859375,-12.78125,2.88671875,,242.00189208984375,,,,,,
6262,498.7807526000006,-9.828125,-20.53125,55.96875,9.828125,,242.00189208984375,,,,,,
6263,498.8572193,-57.71875,-28.21875,72.5625,57.71875,,242.00189208984375,,,,,,
6264,498.9355793000004,-51.75,-16.125,82.125,51.75,,242.00189208984375,,,,,,
6265,499.01444940000056,22.84375,-16.140625,2.662109375,-22.84375,,242.00189208984375,,,,,,
6266,499.09201810000013,76.5625,-24.71875,-45.34375,-76.5625,,242.00189208984375,,,,,,
6267,499.1717279000004,69.1875,-17.953125,-27.859375,-69.1875,,242.00189208984375,,,,,,
6268,499.2498802,-7.94140625,-8.828125,5.82421875,7.94140625,,242.00189208984375,,,,,,
6269,499.32838250000077,-106.25,-19.8125,106.9375,106.25,,242.00189208984375,,,,,,
6270,499.4048264000003,-110.9375,-10.25,159.75,110.9375,,242.00189208984375,,,,,,
6271,499.4804044000002,-129.375,-21.125,146.75,129.375,,242.00189208984375,,,,,,
6272,499.55936550000024,-38.75,-9.34375,62.5,38.75,,242.00189208984375,,,,,,
6273,499.6384286000002,23.890625,-19.765625,21.34375,-23.890625,,242.00189208984375,,,,,,
6274,499.71647420000045,85.4375,-21.625,-50.5,-85.4375,,242.00189208984375,,,,,,
6275,499.7922459000001,55.5625,-1.0,-63.75,-55.5625,,242.00189208984375,,,,,,
6276,499.86921410000014,-1.505859375,-34.71875,24.0625,1.505859375,,242.00189208984375,,,,,,
6277,499.94834979999996,-6.609375,-19.140625,13.5,6.609375,,242.00189208984375,,,,,,
6278,500.0264772999999,-4.98046875,-25.5,22.59375,4.98046875,,242.00189208984375,,,,,,
6279,500.1041167000003,-79.9375,8.3125,58.5,79.9375,,242.00189208984375,,,,,,
6280,500.18546440000046,-85.0625,-20.9375,129.625,85.0625,,242.00189208984375,,7.125400066375732,0.7000772953033447,6.062570095062256,7.216850280761719,8.059830665588379
6281,500.26319409999996,-37.65625,-21.875,68.4375,37.65625,,242.00189208984375,,,,,,
6282,500.3416778999999,-3.7421875,-16.0,9.1015625,3.7421875,,242.00189208984375,,,,,,
6283,500.4178442000002,60.125,-35.84375,-11.2109375,-60.125,,242.00189208984375,,,,,,
6284,500.4933662000003,-24.484375,-15.21875,8.8828125,24.484375,,242.00189208984375,,,,,,
6285,500.57241049999993,26.171875,-23.5625,7.13671875,-26.171875,,242.00189208984375,,,,,,
6286,500.6494848000002,19.0,-33.875,19.78125,-19.0,,242.00189208984375,,,,,,
6287,500.7294391000005,2.099609375,-23.234375,24.28125,-2.099609375,,242.00189208984375,,,,,,
6288,500.8071366000004,-42.15625,-27.6875,42.59375,42.15625,,242.00189208984375,,,,,,
6289,500.8824037000004,-86.0,14.4375,64.4375,86.0,,242.00189208984375,,,,,,
6290,500.9594397000001,-33.375,-20.3125,32.34375,33.375,,242.00189208984375,,,,,,
6291,501.03667940000014,-13.0859375,-34.8125,0.330322265625,13.0859375,,242.00189208984375,,,,,,
6292,501.1146402000004,-50.40625,3.15625,22.859375,50.40625,,242.00189208984375,,,,,,
6293,501.1908108000007,-47.65625,-2.375,99.4375,47.65625,,242.00189208984375,,,,,,
6294,501.2679839000002,0.9970703125,-10.2890625,9.265625,-0.9970703125,,242.00189208984375,,,,,,
6295,501.3464029000006,-0.44775390625,-18.140625,24.0,0.44775390625,,242.00189208984375,,,,,,
6296,501.4240276999999,24.03125,-16.703125,-19.703125,-24.03125,,242.00189208984375,,,,,,
6297,501.5018915999999,18.140625,-19.34375,-0.96630859375,-18.140625,,242.00189208984375,,,,,,
6298,501.57965370000056,78.75,-35.0625,-21.015625,-78.75,,242.00189208984375,,,,,,
6299,501.65772580000066,18.0,-12.859375,-28.703125,-18.0,,242.00189208984375,,,,,,
6300,501.7430215000004,-38.875,-8.40625,52.125,38.875,,242.00189208984375,,6.010602951049805,0.335888147354126,5.523683547973633,5.981041431427002,6.56824254989624
6301,501.8220624000005,-68.3125,-41.03125,101.75,68.3125,,242.00189208984375,,,,,,
6302,501.9000040000001,-52.1875,-15.78125,73.0,52.1875,,242.00189208984375,,,,,,
6303,501.9785718000003,-26.6875,-26.390625,57.90625,26.6875,,242.00189208984375,,,,,,
6304,502.0563867000001,-83.8125,-13.5625,82.0625,83.8125,,242.00189208984375,,,,,,
6305,502.13403840000046,-65.9375,-22.1875,88.3125,65.9375,,242.00189208984375,,,,,,
6306,502.21182080000017,-31.0,-17.90625,60.3125,31.0,,242.00189208984375,,,,,,
6307,502.2889687000006,-52.40625,-18.1875,70.5625,52.40625,,242.00189208984375,,,,,,
6308,502.36686030000055,-4.9609375,-33.75,2.453125,4.9609375,,242.00189208984375,,,,,,
6309,502.4444188000007,21.59375,-21.6875,-6.4140625,-21.59375,,242.00189208984375,,,,,,
6310,502.5224418000007,104.375,-32.25,-42.9375,-104.375,,242.00189208984375,,,,,,
6311,502.6013849000001,37.875,-14.09375,-37.5625,-37.875,,242.00189208984375,,,,,,
6312,502.68646810000064,-27.890625,-28.46875,26.984375,27.890625,,242.00189208984375,,,,,,
6313,502.7681757999999,-77.5,-23.1875,103.125,77.5,,242.00189208984375,,,,,,
6314,502.8684000000003,-83.0,-20.0625,115.0625,83.0,,242.00189208984375,,,,,,
6315,502.9690883000003,-105.625,-24.375,112.0,105.625,,242.00189208984375,,,,,,
6316,503.0522686000004,10.78125,-19.75,36.5,-10.78125,,242.00189208984375,,,,,,
6317,503.1415280000001,51.34375,-30.4375,12.3125,-51.34375,,242.00189208984375,,,,,,
6318,503.2299423000004,69.25,-26.125,-36.09375,-69.25,,242.00189208984375,,,,,,
6319,503.3122621000002,-66.4375,-2.78125,58.3125,66.4375,,242.00189208984375,,,,,,
6320,503.3987036000008,-74.0,-17.5625,101.0625,74.0,,242.00189208984375,,6.009076118469238,0.5250681638717651,5.375789165496826,5.85815954208374,6.912567138671875
6321,503.47683529999995,-42.1875,-18.53125,64.4375,42.1875,,242.00189208984375,,,,,,
6322,503.55688890000056,-24.453125,-18.796875,47.84375,24.453125,,242.00189208984375,,,,,,
6323,503.63842600000044,55.84375,-16.5,12.609375,-55.84375,,242.00189208984375,,,,,,
6324,503.71729030000006,52.8125,-15.03125,-54.15625,-52.8125,,242.00189208984375,,,,,,
6325,503.7965830000003,90.25,-25.875,-86.125,-90.25,,242.00189208984375,,,,,,
6326,503.8751970000003,39.40625,-12.3125,-64.0625,-39.40625,,242.00189208984375,,,,,,
6327,503.95225740000024,-66.8125,-20.4375,67.0,66.8125,,242.00189208984375,,,,,,
6328,504.03037760000007,-69.8125,-24.875,98.0625,69.8125,,242.00189208984375,,,,,,
6329,504.1114262000001,-137.375,-19.9375,142.75,137.375,,242.00189208984375,,,,,,
6330,504.1888939999999,-144.0,-9.3125,133.0,144.0,,242.00189208984375,,,,,,
6331,504.26764120000007,-31.59375,5.3125,64.3125,31.59375,,242.00189208984375,,,,,,
6332,504.3453838000005,44.96875,-14.34375,14.3515625,-44.96875,,242.00189208984375,,,,,,
6333,504.42358740000054,42.3125,-73.25,19.40625,-42.3125,,242.00189208984375,,,,,,
6334,504.5006014999999,15.171875,5.1640625,-16.015625,-15.171875,,242.00189208984375,,,,,,
6335,504.57837240000026,106.6875,-19.875,-79.4375,-106.6875,,242.00189208984375,,,,,,
6336,504.6556208000002,4.953125,-17.4375,0.10205078125,-4.953125,,242.00189208984375,,,,,,
6337,504.7343006000001,0.0162353515625,-14.7265625,-1.6787109375,-0.0162353515625,,242.00189208984375,,,,,,
6338,504.8120819000005,-60.3125,-20.0,73.75,60.3125,,242.00189208984375,,,,,,
6339,504.8910983000005,-59.84375,-18.96875,70.8125,59.84375,,242.00189208984375,,,,,,
6340,504.97872129999996,-18.0,-11.234375,42.09375,18.0,,242.00189208984375,,6.816503524780273,0.3668805658817291,6.354454040527344,6.7268829345703125,7.45643424987793
6341,505.06283299999996,-71.0,-8.34375,69.625,71.0,,242.00189208984375,,,,,,
6342,505.1460272000004,-26.65625,-21.96875,41.5625,26.65625,,242.00189208984375,,,,,,
6343,505.2316113000006,-18.046875,-37.3125,103.4375,18.046875,,242.00189208984375,,,,,,
6344,505.3136908000006,-14.796875,34.21875,-22.46875,14.796875,,242.00189208984375,,,,,,
6345,505.38998620000075,29.0625,-20.328125,-25.984375,-29.0625,,242.00189208984375,,,,,,
6346,505.4689814000003,59.03125,-27.3125,-83.0625,-59.03125,,242.00189208984375,,,,,,
6347,505.5464615000001,-50.125,-69.5,127.5625,50.125,,242.00189208984375,,,,,,
6348,505.62625110000045,-8.0703125,-22.796875,42.71875,8.0703125,,242.00189208984375,,,,,,
6349,505.70316170000024,33.875,-33.0,11.3671875,-33.875,,242.00189208984375,,,,,,
6350,505.7802732,-52.84375,-44.0625,130.5,52.84375,,242.00189208984375,,,,,,
6351,505.8595967000001,-72.0,-17.25,117.4375,72.0,,242.00189208984375,,,,,,
6352,505.93837070000063,38.28125,-22.921875,43.4375,-38.28125,,242.00189208984375,,,,,,
6353,506.01657670000077,23.15625,-37.75,8.921875,-23.15625,,242.00189208984375,,,,,,
6354,506.0944668000002,-12.234375,-10.234375,14.4609375,12.234375,,242.00189208984375,,,,,,
6355,506.17431170000054,11.90625,-1.09375,-10.5234375,-11.90625,,242.00189208984375,,,,,,
6356,506.2526125000004,-29.328125,-19.140625,14.84375,29.328125,,242.00189208984375,,,,,,
6357,506.3318566000007,8.90625,-16.59375,10.078125,-8.90625,,242.00189208984375,,,,,,
6358,506.40901380000014,11.8984375,-17.25,-11.1796875,-11.8984375,,242.00189208984375,,,,,,
6359,506.4878802000003,-29.21875,-37.34375,40.4375,29.21875,,242.00189208984375,,,,,,
6360,506.5732146999999,-24.359375,-12.96875,46.84375,24.359375,,242.00189208984375,,6.1616363525390625,0.339830219745636,5.705485820770264,6.116209983825684,6.744704246520996
6361,506.65117830000054,42.25,-33.90625,27.296875,-42.25,,242.00189208984375,,,,,,
6362,506.73050890000013,10.6953125,-5.80078125,-0.37158203125,-10.6953125,,242.00189208984375,,,,,,
6363,506.80980660000023,-30.625,-17.109375,44.75,30.625,,242.00189208984375,,,,,,
6364,506.88615740000023,-101.6875,-30.8125,135.0,101.6875,,242.00189208984375,,,,,,
6365,506.9652607000007,-159.25,-18.875,199.125,159.25,,242.00189208984375,,,,,,
6366,507.0416301000005,-128.25,-19.5,158.5,128.25,,242.00189208984375,,,,,,
6367,507.11979109999993,-11.578125,-19.390625,21.359375,11.578125,,242.00189208984375,,,,,,
6368,507.19587780000074,86.25,-27.75,-41.25,-86.25,,242.00189208984375,,,,,,
6369,507.27137610000045,-7.796875,-19.421875,32.53125,7.796875,,242.00189208984375,,,,,,
6370,507.34800220000034,10.25,-20.921875,14.4140625,-10.25,,242.00189208984375,,,,,,
6371,507.4260324000006,-54.28125,-17.28125,61.375,54.28125,,242.00189208984375,,,,,,
6372,507.5051329000007,31.03125,2.34375,-47.84375,-31.03125,,242.00189208984375,,,,,,
6373,507.58103890000075,30.6875,-19.15625,-12.8828125,-30.6875,,242.00189208984375,,,,,,
6374,507.66009680000025,-11.453125,-36.875,12.953125,11.453125,,242.00189208984375,,,,,,
6375,507.73819150000054,-51.5,-34.75,62.5625,51.5,,242.00189208984375,,,,,,
6376,507.81509600000027,18.703125,-35.125,-18.484375,-18.703125,,242.00189208984375,,,,,,
6377,507.8913474000001,-64.125,-30.5625,103.8125,64.125,,242.00189208984375,,,,,,
6378,507.96939960000054,-105.1875,-10.3125,92.5,105.1875,,242.00189208984375,,,,,,
6379,508.0712639000003,-32.0625,-11.625,81.9375,32.0625,,242.00189208984375,,,,,,
6380,508.1548382000001,-0.082763671875,-30.8125,61.4375,0.082763671875,,242.00189208984375,,8.51522445678711,0.7995558381080627,7.153104782104492,8.606588363647461,9.669029235839844
6381,508.2300941000003,42.5625,-16.359375,0.2120361328125,-42.5625,,242.00189208984375,,,,,,
6382,508.3080829999999,81.375,-29.4375,-23.28125,-81.375,,242.00189208984375,,,,,,
6383,508.3848377000004,86.0625,-24.5625,-41.625,-86.0625,,242.00189208984375,,,,,,
6384,508.4620193999999,-23.34375,-17.15625,-4.5546875,23.34375,,242.00189208984375,,,,,,
6385,508.5412658000005,-28.546875,-7.625,27.203125,28.546875,,242.00189208984375,,,,,,
6386,508.6174977999999,-22.671875,-52.75,85.8125,22.671875,,242.00189208984375,,,,,,
6387,508.69292310000037,-62.6875,-22.5625,64.4375,62.6875,,242.00189208984375,,,,,,
6388,508.77048809999997,-51.03125,-13.25,65.0625,51.03125,,242.00189208984375,,,,,,
6389,508.84865830000035,-55.71875,-17.71875,64.125,55.71875,,242.00189208984375,,,,,,
6390,508.9271816999999,-31.5625,-58.0625,77.0,31.5625,,242.00189208984375,,,,,,
6391,509.00559410000005,-57.03125,-4.8125,89.0,57.03125,,242.00189208984375,,,,,,
6392,509.0814465000003,-59.15625,12.78125,46.59375,59.15625,,242.00189208984375,,,,,,
6393,509.1585949,-6.23046875,-29.28125,67.9375,6.23046875,,242.00189208984375,,,,,,
6394,509.23549880000064,-9.40625,-11.671875,-0.1749267578125,9.40625,,242.00189208984375,,,,,,
6395,509.3128531000002,81.9375,-23.9375,-32.0625,-81.9375,,242.00189208984375,,,,,,
6396,509.3880417999999,69.1875,-10.8125,-69.125,-69.1875,,242.00189208984375,,,,,,
6397,509.4646311000006,65.125,-20.015625,-20.828125,-65.125,,242.00189208984375,,,,,,
6398,509.54139830000076,57.15625,-15.96875,-28.59375,-57.15625,,242.00189208984375,,,,,,
6399,509.6193613000005,-66.875,-25.5,78.375,66.875,,242.00189208984375,,,,,,
6400,509.7008727000002,-116.1875,-33.5,108.125,116.1875,,242.00189208984375,,6.8914618492126465,0.7067757844924927,5.622730731964111,6.9294657707214355,7.9761857986450195
6401,509.7778446000002,-138.5,-2.0,143.0,138.5,,242.00189208984375,,,,,,
6402,509.8542154000006,-33.78125,-74.875,109.0625,33.78125,,242.00189208984375,,,,,,
6403,509.93263130000014,-153.0,26.0625,102.5625,153.0,,242.00189208984375,,,,,,
6404,510.01026060000004,-153.375,-10.75,224.0,153.375,,242.00189208984375,,,,,,
6405,510.0883266999999,-108.25,-18.125,155.75,108.25,,242.00189208984375,,,,,,
6406,510.16740690000006,-9.109375,-19.9375,19.046875,9.109375,,242.00189208984375,,,,,,
6407,510.24327730000005,88.25,-25.1875,-79.875,-88.25,,242.00189208984375,,,,,,
6408,510.3201085999999,114.6875,-14.1875,-114.1875,-114.6875,,242.00189208984375,,,,,,
6409,510.3956966000005,81.5625,-23.6875,-67.375,-81.5625,,242.00189208984375,,,,,,
6410,510.47319490000064,48.03125,-13.6875,-29.9375,-48.03125,,242.00189208984375,,,,,,
6411,510.5488548000003,-60.40625,-22.234375,50.8125,60.40625,,242.00189208984375,,,,,,
6412,510.62683840000045,-16.734375,-28.84375,56.625,16.734375,,242.00189208984375,,,,,,
6413,510.70388040000034,-49.125,-7.78125,70.1875,49.125,,242.00189208984375,,,,,,
6414,510.77912430000015,-47.0625,7.6015625,15.3828125,47.0625,,242.00189208984375,,,,,,
6415,510.85732050000024,-149.125,-33.625,187.0,149.125,,242.00189208984375,,,,,,
6416,510.9356991000004,-174.25,7.25,140.375,174.25,,242.00189208984375,,,,,,
6417,511.0132407000001,-36.46875,-23.65625,85.375,36.46875,,242.00189208984375,,,,,,
6418,511.0905276000003,24.28125,-14.890625,-23.546875,-24.28125,,242.00189208984375,,,,,,
6419,511.1678707000001,92.5625,-17.40625,-53.78125,-92.5625,,242.00189208984375,,,,,,
6420,511.24857260000044,1.9619140625,-57.8125,0.1719970703125,-1.9619140625,,242.00189208984375,,9.219270706176758,0.6749817132949829,8.144990921020508,9.264363288879395,10.120710372924805
6421,511.3278884000001,-24.3125,-26.65625,87.5,24.3125,,242.00189208984375,,,,,,
6422,511.4048535000002,-4.578125,-23.1875,25.8125,4.578125,,242.00189208984375,,,,,,
6423,511.4808399000003,87.5625,-32.90625,-41.28125,-87.5625,,242.00189208984375,,,,,,
6424,511.55958700000065,58.6875,-18.625,-60.9375,-58.6875,,242.00189208984375,,,,,,
6425,511.6396218,40.90625,-37.0625,4.49609375,-40.90625,,242.00189208984375,,,,,,
6426,511.7171963999999,-24.28125,0.078125,11.2890625,24.28125,,242.00189208984375,,,,,,
6427,511.7935895999999,-42.6875,-35.75,116.875,42.6875,,242.00189208984375,,,,,,
6428,511.87212810000074,-49.21875,-35.65625,82.8125,49.21875,,242.00189208984375,,,,,,
6429,511.95121650000056,-129.875,-10.25,127.3125,129.875,,242.00189208984375,,,,,,
6430,512.0290361000007,-106.625,-16.4375,135.625,106.625,,242.00189208984375,,,,,,
6431,512.1052193000005,-15.0390625,-17.640625,48.34375,15.0390625,,242.00189208984375,,,,,,
6432,512.1824923000004,-5.51171875,-26.53125,19.734375,5.51171875,,242.00189208984375,,,,,,
6433,512.2604758000007,44.4375,-19.703125,2.298828125,-44.4375,,242.00189208984375,,,,,,
6434,512.3398388000005,16.828125,32.9375,-62.46875,-16.828125,,242.00189208984375,,,,,,
6435,512.4161656000006,72.3125,-22.828125,-28.546875,-72.3125,,242.00189208984375,,,,,,
6436,512.4938674000005,31.4375,-20.921875,-27.234375,-31.4375,,242.00189208984375,,,,,,
6437,512.5716267000007,-41.53125,-15.21875,69.125,41.53125,,242.00189208984375,,,,,,
6438,512.6500899000002,-59.84375,-25.8125,61.40625,59.84375,,242.00189208984375,,,,,,
6439,512.7253596999999,-34.6875,-26.0625,72.0625,34.6875,,242.00189208984375,,,,,,
6440,512.8081343000003,-98.75,-16.0625,106.0,98.75,,242.00189208984375,,6.981959342956543,0.6015498638153076,6.1017351150512695,6.8418965339660645,8.07280445098877
6441,512.8858207000003,-52.71875,-16.5,117.75,52.71875,,242.00189208984375,,,,,,
6442,512.9631795000005,-82.0,-18.78125,66.625,82.0,,242.00189208984375,,,,,,
6443,513.0396244000003,-48.21875,-19.75,93.875,48.21875,,242.00189208984375,,,,,,
6444,513.1173355999999,-35.59375,-12.8125,82.75,35.59375,,242.00189208984375,,,,,,
6445,513.1953954999999,70.3125,-21.46875,-33.78125,-70.3125,,242.00189208984375,,,,,,
6446,513.2735186,86.9375,-26.671875,-25.171875,-86.9375,,242.00189208984375,,,,,,
6447,513.3524846999999,41.09375,-23.6875,-42.375,-41.09375,,242.00189208984375,,,,,,
6448,513.4314935000002,40.65625,-23.875,-47.6875,-40.65625,,242.00189208984375,,,,,,
6449,513.5079169999999,-68.25,-33.9375,91.5,68.25,,242.00189208984375,,,,,,
6450,513.5862477000001,-75.9375,-12.3125,83.8125,75.9375,,242.00189208984375,,,,,,
6451,513.6677211000006,-92.0625,-9.6875,86.8125,92.0625,,242.00189208984375,,,,,,
6452,513.7442315000008,6.640625,-20.078125,38.28125,-6.640625,,242.00189208984375,,,,,,
6453,513.820307,47.40625,-19.359375,0.453857421875,-47.40625,,242.00189208984375,,,,,,
6454,513.8976737000003,7.0703125,-8.7421875,-6.71875,-7.0703125,,242.00189208984375,,,,,,
6455,513.9758488000007,15.515625,-17.265625,-3.669921875,-15.515625,,242.00189208984375,,,,,,
6456,514.0538916000005,16.640625,-26.0625,-0.91064453125,-16.640625,,242.00189208984375,,,,,,
6457,514.1320414000002,34.96875,-20.390625,-10.96875,-34.96875,,242.00189208984375,,,,,,
6458,514.2097812000002,-49.4375,-34.25,23.296875,49.4375,,242.00189208984375,,,,,,
6459,514.2897189000005,-65.125,-0.5625,39.15625,65.125,,242.00189208984375,,,,,,
6460,514.3726882999999,-115.3125,-19.625,123.1875,115.3125,,242.00189208984375,,6.7755842208862305,0.5629568099975586,6.120815277099609,6.652536869049072,7.902744293212891
6461,514.4508279000001,-33.125,-27.8125,83.3125,33.125,,242.00189208984375,,,,,,
6462,514.5282621000006,-38.1875,-11.375,66.3125,38.1875,,242.00189208984375,,,,,,
6463,514.6052834000002,-107.1875,2.625,131.75,107.1875,,242.00189208984375,,,,,,
6464,514.6826203,-81.1875,-9.5,58.875,81.1875,,242.00189208984375,,,,,,
6465,514.7598576999999,-33.8125,-5.515625,21.8125,33.8125,,242.00189208984375,,,,,,
6466,514.8372813000005,50.28125,-12.34375,-21.5625,-50.28125,,242.00189208984375,,,,,,
6467,514.9138416000005,36.25,-20.9375,-40.25,-36.25,,242.00189208984375,,,,,,
6468,514.9895880000004,8.03125,-14.890625,9.90625,-8.03125,,242.00189208984375,,,,,,
6469,515.0667114000007,51.3125,-24.546875,-27.984375,-51.3125,,242.00189208984375,,,,,,
6470,515.1452087000007,27.6875,-13.53125,-25.0625,-27.6875,,242.00189208984375,,,,,,
6471,515.2229965000006,-28.1875,-0.4375,27.3125,28.1875,,242.00189208984375,,,,,,
6472,515.2996478000005,-11.1015625,-17.84375,25.296875,11.1015625,,242.00189208984375,,,,,,
6473,515.3783911,-90.375,-14.875,101.3125,90.375,,242.00189208984375,,,,,,
6474,515.4587108000005,-110.25,-1.0,112.375,110.25,,242.00189208984375,,,,,,
6475,515.5352765000007,-108.5625,-42.4375,158.5,108.5625,,242.00189208984375,,,,,,
6476,515.613139,1.376953125,-26.4375,51.53125,-1.376953125,,242.00189208984375,,,,,,
6477,515.6901081000005,-12.65625,-15.78125,79.625,12.65625,,242.00189208984375,,,,,,
6478,515.7688453999999,-17.171875,-0.03125,22.515625,17.171875,,242.00189208984375,,,,,,
6479,515.8474430000006,-4.6953125,-20.9375,28.84375,4.6953125,,242.00189208984375,,,,,,
6480,515.9318678,-55.46875,-26.015625,33.0,55.46875,,242.00189208984375,,7.213510513305664,0.4561101794242859,6.4752583503723145,7.220911026000977,8.1218843460083
6481,516.0090608,25.25,-30.125,41.71875,-25.25,,242.00189208984375,,,,,,
6482,516.0879331000006,66.625,-19.4375,-21.65625,-66.625,,242.00189208984375,,,,,,
6483,516.1678277999999,71.1875,-15.15625,-47.9375,-71.1875,,242.00189208984375,,,,,,
6484,516.2433934999999,32.03125,-27.453125,0.88232421875,-32.03125,,242.00189208984375,,,,,,
6485,516.3224232000002,-75.6875,19.8125,34.625,75.6875,,242.00189208984375,,,,,,
6486,516.4001111000007,-33.78125,-25.5625,54.78125,33.78125,,242.00189208984375,,,,,,
6487,516.4768468000002,-65.1875,-27.75,74.9375,65.1875,,242.00189208984375,,,,,,
6488,516.5541680000006,31.078125,-22.125,18.890625,-31.078125,,242.00189208984375,,,,,,
6489,516.6317159,-28.234375,-19.25,59.8125,28.234375,,242.00189208984375,,,,,,
6490,516.7082541,31.359375,10.5859375,0.6181640625,-31.359375,,242.00189208984375,,,,,,
6491,516.7858144000002,22.609375,-42.15625,2.966796875,-22.609375,,242.00189208984375,,,,,,
6492,516.8608751000002,-7.9296875,2.310546875,0.224853515625,7.9296875,,242.00189208984375,,,,,,
6493,516.937242,-1.9375,-27.203125,29.625,1.9375,,242.00189208984375,,,,,,
6494,517.0153111,14.46875,-7.7578125,-3.875,-14.46875,,242.00189208984375,,,,,,
6495,517.0900879000001,-43.71875,-7.6875,62.53125,43.71875,,242.00189208984375,,,,,,
6496,517.1673422000003,12.34375,-38.25,7.1171875,-12.34375,,242.00189208984375,,,,,,
6497,517.2449930000002,-100.5,-4.9375,89.75,100.5,,242.00189208984375,,,,,,
6498,517.3228346000005,-107.4375,-27.4375,124.0625,107.4375,,242.00189208984375,,,,,,
6499,517.4001489000002,12.390625,-31.546875,36.15625,-12.390625,,242.00189208984375,,,,,,
6500,517.4852761000002,6.83203125,-34.625,24.8125,-6.83203125,,242.00189208984375,,7.883647918701172,0.5984749794006348,6.732484817504883,7.960979461669922,8.707221984863281
6501,517.5628632000007,-26.203125,-19.78125,65.625,26.203125,,242.00189208984375,,,,,,
6502,517.6407299000002,35.71875,-2.1875,-36.625,-35.71875,,242.00189208984375,,,,,,
6503,517.7183786000005,23.71875,-29.78125,-13.6640625,-23.71875,,242.00189208984375,,,,,,
6504,517.7959354000004,-19.671875,-16.9375,50.3125,19.671875,,242.00189208984375,,,,,,
6505,517.8728470000005,-80.3125,-21.4375,87.75,80.3125,,242.00189208984375,,,,,,
6506,517.9506122000003,-30.3125,-12.25,68.0,30.3125,,242.00189208984375,,,,,,
6507,518.02693,15.9140625,-31.09375,28.078125,-15.9140625,,242.00189208984375,,,,,,
6508,518.1040982000004,-28.0625,-41.375,32.90625,28.0625,,242.00189208984375,,,,,,
6509,518.180241,-51.53125,-22.96875,68.75,51.53125,,242.00189208984375,,,,,,
6510,518.2572802000004,-68.3125,13.53125,40.40625,68.3125,,242.00189208984375,,,,,,
6511,518.3337199000007,32.65625,-30.40625,27.421875,-32.65625,,242.00189208984375,,,,,,
6512,518.4118673000003,-14.8125,-19.40625,37.9375,14.8125,,242.00189208984375,,,,,,
6513,518.4868816000007,14.1484375,-7.328125,37.625,-14.1484375,,242.00189208984375,,,,,,
6514,518.5641249,32.8125,-27.0625,-32.25,-32.8125,,242.00189208984375,,,,,,
6515,518.6474019000007,-17.609375,-19.640625,42.6875,17.609375,,242.00189208984375,,,,,,
6516,518.7237107000001,-26.90625,-20.5,61.46875,26.90625,,242.00189208984375,,,,,,
6517,518.8008950000003,13.7109375,-5.625,-20.25,-13.7109375,,242.00189208984375,,,,,,
6518,518.8791426000007,-151.0,-14.25,128.875,151.0,,242.00189208984375,,,,,,
6519,518.9574062000002,-109.8125,-13.625,145.125,109.8125,,242.00189208984375,,,,,,
6520,519.0411515000005,7.32421875,-6.0,43.125,-7.32421875,,242.00189208984375,,6.211238861083984,0.2947726547718048,5.778411865234375,6.181593894958496,6.683847904205322
6521,519.1180855000002,30.84375,-27.453125,12.6171875,-30.84375,,242.00189208984375,,,,,,
6522,519.1956903,11.421875,-29.703125,61.25,-11.421875,,242.00189208984375,,,,,,
6523,519.2746374000008,80.375,-28.375,-11.1328125,-80.375,,242.00189208984375,,,,,,
6524,519.3537120999999,55.0625,-14.4375,-54.0,-55.0625,,242.00189208984375,,,,,,
6525,519.4317874000008,47.8125,-26.25,-6.4140625,-47.8125,,242.00189208984375,,,,,,
6526,519.5100574000007,-43.9375,-23.4375,33.6875,43.9375,,242.00189208984375,,,,,,
6527,519.5870825000002,-56.53125,-28.15625,77.0,56.53125,,242.00189208984375,,,,,,
6528,519.6642771000006,-24.140625,-37.1875,83.625,24.140625,,242.00189208984375,,,,,,
6529,519.7449587000001,-59.875,-30.90625,81.3125,59.875,,242.00189208984375,,,,,,
6530,519.8248012000004,-112.8125,-20.5,125.125,112.8125,,242.00189208984375,,,,,,
6531,519.9014212000002,-13.1875,-23.09375,35.46875,13.1875,,242.00189208984375,,,,,,
6532,519.9793023000002,8.0078125,-22.65625,-26.34375,-8.0078125,,242.00189208984375,,,,,,
6533,520.0553464000004,6.75,-33.0,56.0,-6.75,,242.00189208984375,,,,,,
6534,520.1331318000002,45.15625,-11.3125,-12.609375,-45.15625,,242.00189208984375,,,,,,
6535,520.2106322,-24.6875,-28.71875,31.890625,24.6875,,242.00189208984375,,,,,,
6536,520.2885507000001,-5.39453125,-23.5625,-0.6865234375,5.39453125,,242.00189208984375,,,,,,
6537,520.3652499,29.125,-20.640625,5.5703125,-29.125,,242.00189208984375,,,,,,
6538,520.4442972000006,18.796875,-13.84375,-36.96875,-18.796875,,242.00189208984375,,,,,,
6539,520.5223850000002,12.9453125,-30.90625,26.984375,-12.9453125,,242.00189208984375,,,,,,
6540,520.6052763000007,-24.359375,-5.8125,51.34375,24.359375,,242.00189208984375,,6.251945495605469,0.2664965093135834,5.838431358337402,6.220955848693848,6.711161136627197
6541,520.6844493000008,-156.625,-20.25,158.75,156.625,,242.00189208984375,,,,,,
6542,520.7630788000006,-141.625,-5.5,142.375,141.625,,242.00189208984375,,,,,,
6543,520.8402305,-85.4375,-16.125,102.5625,85.4375,,242.00189208984375,,,,,,
6544,520.9193414000001,7.34375,-36.6875,24.15625,-7.34375,,242.00189208984375,,,,,,
6545,520.9956775999999,-39.78125,-9.84375,21.796875,39.78125,,242.00189208984375,,,,,,
6546,521.0733909999999,27.8125,-18.203125,0.79931640625,-27.8125,,242.00189208984375,,,,,,
6547,521.1508125999999,55.5,-54.65625,-37.46875,-55.5,,242.00189208984375,,,,,,
6548,521.2291596000005,8.65625,-20.796875,28.53125,-8.65625,,242.00189208984375,,,,,,
6549,521.3060375000005,1.0927734375,-25.109375,41.96875,-1.0927734375,,242.00189208984375,,,,,,
6550,521.3867537000006,-53.59375,-17.8125,86.9375,53.59375,,242.00189208984375,,,,,,
6551,521.4654601000002,-93.3125,-0.4375,100.25,93.3125,,242.00189208984375,,,,,,
6552,521.5431717000001,-53.34375,-20.28125,67.1875,53.34375,,242.00189208984375,,,,,,
6553,521.6232358000007,-84.5625,2.4375,90.25,84.5625,,242.00189208984375,,,,,,
6554,521.6994273,-29.796875,-31.765625,43.9375,29.796875,,242.00189208984375,,,,,,
6555,521.7793848000001,-21.015625,-21.59375,79.5625,21.015625,,242.00189208984375,,,,,,
6556,521.8574060000001,-25.875,-15.140625,39.25,25.875,,242.00189208984375,,,,,,
6557,521.9353205000007,-74.375,-25.125,114.3125,74.375,,242.00189208984375,,,,,,
6558,522.0130450000006,10.546875,-22.09375,37.15625,-10.546875,,242.00189208984375,,,,,,
6559,522.0881588000002,-55.21875,-13.53125,72.3125,55.21875,,242.00189208984375,,,,,,
6560,522.1711513,32.09375,-25.0,8.1796875,-32.09375,,242.00189208984375,,7.2428483963012695,0.47061726450920105,6.549577236175537,7.2104387283325195,8.026928901672363
6561,522.2475589000005,-57.0625,-25.125,59.28125,57.0625,,242.00189208984375,,,,,,
6562,522.3257045999999,-1.4140625,-13.484375,8.3203125,1.4140625,,242.00189208984375,,,,,,
6563,522.4021092000003,10.96875,-10.59375,3.0546875,-10.96875,,242.00189208984375,,,,,,
6564,522.4793324000002,77.75,-18.46875,-58.28125,-77.75,,242.00189208984375,,,,,,
6565,522.5555644000005,96.25,-26.3125,-55.75,-96.25,,242.00189208984375,,,,,,
6566,522.6329110000006,13.734375,-10.0625,-71.9375,-13.734375,,242.00189208984375,,,,,,
6567,522.7101031000002,-90.25,-17.0,82.625,90.25,,242.00189208984375,,,,,,
6568,522.7878932000003,-69.9375,-36.8125,130.75,69.9375,,242.00189208984375,,,,,,
6569,522.8654532999999,-48.09375,-14.625,95.6875,48.09375,,242.00189208984375,,,,,,
6570,522.9437905000004,-106.3125,-22.0625,95.0625,106.3125,,242.00189208984375,,,,,,
6571,523.0197507000003,-57.8125,-7.59375,68.3125,57.8125,,242.00189208984375,,,,,,
6572,523.0956272000003,-44.8125,-20.28125,71.6875,44.8125,,242.00189208984375,,,,,,
6573,523.1725781000005,56.09375,-26.71875,-23.84375,-56.09375,,242.00189208984375,,,,,,
6574,523.2482037,-3.97265625,-17.0,11.125,3.97265625,,242.00189208984375,,,,,,
6575,523.3251816000002,27.75,-8.4375,-50.21875,-27.75,,242.00189208984375,,,,,,
6576,523.4026647000001,61.59375,-16.203125,-27.015625,-61.59375,,242.00189208984375,,,,,,
6577,523.4807602999999,6.953125,-12.796875,-31.671875,-6.953125,,242.00189208984375,,,,,,
6578,523.5590858000005,-53.96875,-21.125,45.9375,53.96875,,242.00189208984375,,,,,,
6579,523.6378505000002,-56.59375,-25.9375,95.8125,56.59375,,242.00189208984375,,,,,,
6580,523.7211210000005,-32.625,-5.3125,78.0,32.625,,242.00189208984375,,6.087955474853516,0.3918251395225525,5.479918479919434,6.066706657409668,6.64275598526001
6581,523.7983189000006,15.328125,-20.734375,19.75,-15.328125,,242.00189208984375,,,,,,
6582,523.8775788000003,-61.3125,-16.5,82.5,61.3125,,242.00189208984375,,,,,,
6583,523.9560040000006,-83.9375,-7.8125,103.5625,83.9375,,242.00189208984375,,,,,,
6584,524.032056,-99.75,-16.125,86.5,99.75,,242.00189208984375,,,,,,
6585,524.1109389000003,38.5,-20.0625,-8.8203125,-38.5,,242.00189208984375,,,,,,
6586,524.1871863000006,-19.4375,-7.65625,43.375,19.4375,,242.00189208984375,,,,,,
6587,524.2632364000001,6.76953125,-17.265625,1.1865234375,-6.76953125,,242.00189208984375,,,,,,
6588,524.3405237000006,27.703125,5.36328125,5.41015625,-27.703125,,242.00189208984375,,,,,,
6589,524.4185807000003,38.375,-18.0625,-28.84375,-38.375,,242.00189208984375,,,,,,
6590,524.4959179000007,-68.75,-33.90625,75.25,68.75,,242.00189208984375,,,,,,
6591,524.5731414000002,-50.25,-36.625,112.9375,50.25,,242.00189208984375,,,,,,
6592,524.6507508000004,5.53125,-19.109375,-3.62109375,-5.53125,,242.00189208984375,,,,,,
6593,524.7297535000007,-59.96875,-76.5,97.5,59.96875,,242.00189208984375,,,,,,
6594,524.8084661000003,-90.0625,2.0625,83.8125,90.0625,,242.00189208984375,,,,,,
6595,524.8844101000004,-71.375,11.625,76.9375,71.375,,242.00189208984375,,,,,,
6596,524.9625356000006,102.75,-19.75,-47.4375,-102.75,,242.00189208984375,,,,,,
6597,525.0401884000003,31.0,-19.21875,-32.59375,-31.0,,242.00189208984375,,,,,,
6598,525.1185282000006,22.015625,-31.71875,-33.84375,-22.015625,,242.00189208984375,,,,,,
6599,525.1938771000005,-74.875,16.96875,33.5625,74.875,,242.00189208984375,,,,,,
6600,525.2765788000006,10.40625,-13.53125,59.53125,-10.40625,,242.00189208984375,,6.03878116607666,0.3093431293964386,5.655911445617676,6.023810386657715,6.5491814613342285
6601,525.3543644000001,32.46875,-10.75,-2.4609375,-32.46875,,242.00189208984375,,,,,,
6602,525.4326246,1.1533203125,-38.5625,50.90625,-1.1533203125,,242.00189208984375,,,,,,
6603,525.5125780000008,-1.4208984375,-31.21875,-3.93359375,1.4208984375,,242.00189208984375,,,,,,
6604,525.5907922000006,-55.5,-20.78125,79.5,55.5,,242.00189208984375,,,,,,
6605,525.6688014000001,-46.5,-10.125,54.875,46.5,,242.00189208984375,,,,,,
6606,525.7489881000001,-29.3125,-33.375,40.78125,29.3125,,242.00189208984375,,,,,,
6607,525.8297338000002,-64.5625,-12.5625,71.0625,64.5625,,242.00189208984375,,,,,,
6608,525.9064527,-135.125,-24.125,167.625,135.125,,242.00189208984375,,,,,,
6609,525.9875762000001,-79.875,-40.875,178.125,79.875,,242.00189208984375,,,,,,
6610,526.0640701000002,-42.6875,-87.75,123.0,42.6875,,242.00189208984375,,,,,,
6611,526.1416278000006,-102.625,9.6875,94.125,102.625,,242.00189208984375,,,,,,
6612,526.2202276000007,-16.5625,-21.09375,78.125,16.5625,,242.00189208984375,,,,,,
6613,526.2979824000004,18.1875,-42.4375,16.3125,-18.1875,,242.00189208984375,,,,,,
6614,526.3758729000001,61.03125,-2.265625,27.265625,-61.03125,,242.00189208984375,,,,,,
6615,526.455645,91.1875,-17.1875,-85.125,-91.1875,,242.00189208984375,,,,,,
6616,526.5347914000004,40.5625,-20.96875,-45.40625,-40.5625,,242.00189208984375,,,,,,
6617,526.6132027000003,-20.875,-12.78125,19.484375,20.875,,242.00189208984375,,,,,,
6618,526.6920169000005,-79.5,-18.75,112.8125,79.5,,242.00189208984375,,,,,,
6619,526.7671097000002,-94.875,-2.21875,29.375,94.875,,242.00189208984375,,,,,,
6620,526.8510446,-153.375,-19.5,153.125,153.375,,242.00189208984375,,6.8556013107299805,0.37653177976608276,6.33842658996582,6.7845354080200195,7.525814056396484
6621,526.9279614000006,-96.5,-11.375,140.125,96.5,,242.00189208984375,,,,,,
6622,527.0057896000008,-55.78125,-8.5,60.78125,55.78125,,242.00189208984375,,,,,,
6623,527.0833964000003,-30.296875,-12.3125,51.28125,30.296875,,242.00189208984375,,,,,,
6624,527.1623460999999,-7.125,-16.15625,-25.96875,7.125,,242.00189208984375,,,,,,
6625,527.2409825000004,0.242919921875,4.640625,-20.28125,-0.242919921875,,242.00189208984375,,,,,,
6626,527.3187009000003,20.578125,-36.40625,19.53125,-20.578125,,242.00189208984375,,,,,,
6627,527.3981710000007,59.21875,-39.34375,-24.09375,-59.21875,,242.00189208984375,,,,,,
6628,527.4793587000004,-53.78125,-2.03125,53.9375,53.78125,,242.00189208984375,,,,,,
6629,527.5571490000002,-68.625,-20.1875,65.5,68.625,,242.00189208984375,,,,,,
6630,527.6348166000007,22.203125,-27.078125,32.75,-22.203125,,242.00189208984375,,,,,,
6631,527.7125414000002,24.171875,-46.5625,13.171875,-24.171875,,242.00189208984375,,,,,,
6632,527.7888314000002,-68.0625,-13.875,89.6875,68.0625,,242.00189208984375,,,,,,
6633,527.8706109000004,-56.125,-18.0,100.75,56.125,,242.00189208984375,,,,,,
6634,527.9490092000005,-90.0,-12.3125,78.8125,90.0,,242.00189208984375,,,,,,
6635,528.0281069000002,-39.40625,-6.359375,25.640625,39.40625,,242.00189208984375,,,,,,
6636,528.1053258000002,-31.984375,-18.09375,33.6875,31.984375,,242.00189208984375,,,,,,
6637,528.1843372000003,-30.328125,-18.65625,48.0,30.328125,,242.00189208984375,,,,,,
6638,528.2615871000007,76.8125,-17.46875,-44.84375,-76.8125,,242.00189208984375,,,,,,
6639,528.3395778000004,58.0,-16.5625,-38.90625,-58.0,,242.00189208984375,,,,,,
6640,528.4227457000006,5.78125,-15.96875,-25.65625,-5.78125,,242.00189208984375,,6.321678638458252,0.29775089025497437,5.856182098388672,6.321887016296387,6.780618190765381
6641,528.4990869000003,-58.78125,-22.953125,42.40625,58.78125,,242.00189208984375,,,,,,
6642,528.5739121000006,-69.9375,-22.625,94.9375,69.9375,,242.00189208984375,,,,,,
6643,528.6513262000008,-42.375,-43.90625,78.4375,42.375,,242.00189208984375,,,,,,
6644,528.7280411000002,-42.3125,-18.65625,60.78125,42.3125,,242.00189208984375,,,,,,
6645,528.8048868000005,-17.671875,-7.8125,58.6875,17.671875,,242.00189208984375,,,,,,
6646,528.8831378000004,-80.9375,-19.9375,118.5,80.9375,,242.00189208984375,,,,,,
6647,528.9593172000004,-18.03125,-22.953125,41.40625,18.03125,,242.00189208984375,,,,,,
6648,529.0360289,-3.21484375,-21.3125,34.875,3.21484375,,242.00189208984375,,,,,,
6649,529.1129356000001,8.4765625,-16.609375,33.96875,-8.4765625,,242.00189208984375,,,,,,
6650,529.1892249000002,-46.8125,-30.34375,70.75,46.8125,,242.00189208984375,,,,,,
6651,529.2669221000006,-65.0,-12.375,54.75,65.0,,242.00189208984375,,,,,,
6652,529.3431381,-54.8125,-20.71875,76.75,54.8125,,242.00189208984375,,,,,,
6653,529.4210419000001,-39.3125,-17.03125,50.03125,39.3125,,242.00189208984375,,,,,,
6654,529.4989898000003,44.375,-22.0,-24.65625,-44.375,,242.00189208984375,,,,,,
6655,529.5742171000002,70.125,-23.15625,-14.5625,-70.125,,242.00189208984375,,,,,,
6656,529.6510926000001,6.18359375,-42.65625,25.15625,-6.18359375,,242.00189208984375,,,,,,
6657,529.7275325999999,-12.5078125,-11.40625,28.984375,12.5078125,,242.00189208984375,,,,,,
6658,529.8042310000001,-43.875,-13.625,30.265625,43.875,,242.00189208984375,,,,,,
6659,529.8809203000001,-24.203125,-22.5,63.53125,24.203125,,242.00189208984375,,,,,,
6660,529.9640431000007,-58.375,-14.5625,67.6875,58.375,,242.00189208984375,,7.731897354125977,0.6837336421012878,6.620420455932617,7.748556137084961,8.81757926940918
6661,530.0404690000005,-42.9375,-13.6875,55.90625,42.9375,,242.00189208984375,,,,,,
6662,530.1167779000007,37.65625,-24.1875,-17.125,-37.65625,,242.00189208984375,,,,,,
6663,530.1933208999999,70.1875,-12.5625,-66.5625,-70.1875,,242.00189208984375,,,,,,
6664,530.2701007000005,3.375,-16.046875,-28.640625,-3.375,,242.00189208984375,,,,,,
6665,530.3461539,-33.46875,-19.984375,19.390625,33.46875,,242.00189208984375,,,,,,
6666,530.4236423000002,-64.5625,-13.375,100.25,64.5625,,242.00189208984375,,,,,,
6667,530.5003903000006,-59.75,-16.8125,82.4375,59.75,,242.00189208984375,,,,,,
6668,530.5762761000005,-47.6875,-26.53125,44.78125,47.6875,,242.00189208984375,,,,,,
6669,530.6537108000002,1.208984375,-39.0625,-34.6875,-1.208984375,,242.00189208984375,,,,,,
6670,530.7315941000006,-42.625,-16.8125,62.0,42.625,,242.00189208984375,,,,,,
6671,530.8088716000002,-99.1875,12.8125,95.6875,99.1875,,242.00189208984375,,,,,,
6672,530.8860574999999,-71.0625,-10.25,93.1875,71.0625,,242.00189208984375,,,,,,
6673,530.9640472000001,-44.40625,-21.09375,72.5625,44.40625,,242.00189208984375,,,,,,
6674,531.0418924000005,-74.375,-13.6875,91.0625,74.375,,242.00189208984375,,,,,,
6675,531.1201707,-25.21875,-10.8125,42.78125,25.21875,,242.00189208984375,,,,,,
6676,531.1979185,64.3125,-38.03125,-3.736328125,-64.3125,,242.00189208984375,,,,,,
6677,531.2741642000001,46.3125,-9.625,-50.21875,-46.3125,,242.00189208984375,,,,,,
6678,531.3513455000002,-40.625,-14.46875,32.09375,40.625,,242.00189208984375,,,,,,
6679,531.4285481000006,13.890625,-16.796875,14.2109375,-13.890625,,242.00189208984375,,,,,,
6680,531.5136884000003,11.125,-1.3505859375,0.49755859375,-11.125,,242.00189208984375,,6.820666790008545,0.4865202307701111,6.1890363693237305,6.743519306182861,7.7165446281433105
6681,531.5948682000007,95.75,-36.8125,-35.3125,-95.75,,242.00189208984375,,,,,,
6682,531.6705093999999,-40.78125,-30.578125,54.90625,40.78125,,242.00189208984375,,,,,,
6683,531.7477887000005,-134.75,-39.875,171.5,134.75,,242.00189208984375,,,,,,
6684,531.8255251999999,-91.8125,-18.8125,92.375,91.8125,,242.00189208984375,,,,,,
6685,531.9024337000001,-40.46875,-26.0625,95.125,40.46875,,242.00189208984375,,,,,,
6686,531.9791852000008,-3.3125,-21.65625,70.4375,3.3125,,242.00189208984375,,,,,,
6687,532.0552094000004,-35.71875,-13.3125,61.21875,35.71875,,242.00189208984375,,,,,,
6688,532.1332509000003,-13.1640625,-13.953125,40.125,13.1640625,,242.00189208984375,,,,,,
6689,532.2094206000002,-47.1875,-16.21875,43.1875,47.1875,,242.00189208984375,,,,,,
6690,532.2863930000003,-94.4375,-37.53125,95.3125,94.4375,,242.00189208984375,,,,,,
6691,532.3639920000005,-16.34375,-12.25,51.0,16.34375,,242.00189208984375,,,,,,
6692,532.4399760000006,-20.40625,-26.671875,55.84375,20.40625,,242.00189208984375,,,,,,
6693,532.5175619000001,-6.25,-24.171875,33.59375,6.25,,242.00189208984375,,,,,,
6694,532.5965335999999,34.78125,-16.75,-26.3125,-34.78125,,242.00189208984375,,,,,,
6695,532.6808838000006,1.91015625,-8.65625,32.875,-1.91015625,,242.00189208984375,,,,,,
6696,532.7662941000008,61.21875,-12.9375,-78.3125,-61.21875,,242.00189208984375,,,,,,
6697,532.8539615,-21.875,-26.40625,30.015625,21.875,,242.00189208984375,,,,,,
6698,532.9518422000001,23.8125,-13.890625,5.34765625,-23.8125,,242.00189208984375,,,,,,
6699,533.0361460000004,-64.0,-18.25,84.25,64.0,,242.00189208984375,,,,,,
6700,533.1329232000007,-49.9375,-27.46875,82.4375,49.9375,,242.00189208984375,,8.24660873413086,0.542206346988678,7.3691534996032715,8.258020401000977,9.083416938781738
6701,533.2219729000008,-75.5625,-39.625,133.75,75.5625,,242.00189208984375,,,,,,
6702,533.3099350000002,-50.21875,-7.5,69.8125,50.21875,,242.00189208984375,,,,,,
6703,533.3976181000007,2.10546875,0.39453125,-3.4140625,-2.10546875,,242.00189208984375,,,,,,
6704,533.4863706000006,-19.1875,-31.5625,41.15625,19.1875,,242.00189208984375,,,,,,
6705,533.5670687000002,-59.5,-23.875,92.1875,59.5,,242.00189208984375,,,,,,
6706,533.6498947,-2.732421875,-34.625,46.65625,2.732421875,,242.00189208984375,,,,,,
6707,533.7305506000002,-82.125,-33.15625,73.25,82.125,,242.00189208984375,,,,,,
6708,533.8178365000003,-109.3125,-3.3125,93.875,109.3125,,242.00189208984375,,,,,,
6709,533.9006239999999,-70.125,-22.375,83.5,70.125,,242.00189208984375,,,,,,
6710,533.9812173,28.984375,-34.0,13.953125,-28.984375,,242.00189208984375,,,,,,
6711,534.0775877000005,66.8125,-25.8125,-34.625,-66.8125,,242.00189208984375,,,,,,
6712,534.1893839000004,85.375,-23.96875,-58.78125,-85.375,,242.00189208984375,,,,,,
6713,534.2724330000001,82.375,-4.125,-69.25,-82.375,,242.00189208984375,,,,,,
6714,534.3519562000001,-9.78125,-32.84375,21.8125,9.78125,,242.00189208984375,,,,,,
6715,534.4314924999999,-56.09375,14.0,44.8125,56.09375,,242.00189208984375,,,,,,
6716,534.5113209000001,-24.71875,-27.625,49.28125,24.71875,,242.00189208984375,,,,,,
6717,534.5907156000003,-46.65625,-10.6875,62.78125,46.65625,,242.00189208984375,,,,,,
6718,534.6764809000006,-74.125,-10.90625,47.125,74.125,,242.00189208984375,,,,,,
6719,534.7563152000002,-60.03125,-22.5625,89.8125,60.03125,,242.00189208984375,,,,,,
6720,534.8429554000004,-64.1875,-18.53125,71.0625,64.1875,,242.00189208984375,,6.156191825866699,0.27318939566612244,5.777116298675537,6.148523330688477,6.658041954040527
6721,534.9223949000007,-13.109375,-23.390625,47.71875,13.109375,,242.00189208984375,,,,,,
6722,535.0024713000003,-49.8125,-10.0,34.34375,49.8125,,242.00189208984375,,,,,,
6723,535.0842786000003,4.51171875,-15.984375,-1.017578125,-4.51171875,,242.00189208984375,,,,,,
6724,535.1694153000008,11.28125,-47.875,-4.96875,-11.28125,,242.00189208984375,,,,,,
6725,535.2537092000002,46.75,-26.859375,5.51953125,-46.75,,242.00189208984375,,,,,,
6726,535.3401552000005,39.53125,-21.578125,1.0869140625,-39.53125,,242.00189208984375,,,,,,
6727,535.4230559000007,-2.599609375,-17.65625,33.09375,2.599609375,,242.00189208984375,,,,,,
6728,535.5016381000005,-85.9375,-16.15625,68.125,85.9375,,242.00189208984375,,,,,,
6729,535.5850121000003,-105.1875,-18.4375,107.9375,105.1875,,242.00189208984375,,,,,,
6730,535.6665287000005,-54.0625,-21.1875,88.1875,54.0625,,242.00189208984375,,,,,,
6731,535.7462597000003,-85.4375,10.46875,56.46875,85.4375,,242.00189208984375,,,,,,
6732,535.8305393999999,-11.9609375,-20.5,53.03125,11.9609375,,242.00189208984375,,,,,,
6733,535.9094785000007,-3.541015625,-15.234375,27.828125,3.541015625,,242.00189208984375,,,,,,
6734,535.9879386000002,62.375,-11.984375,-21.171875,-62.375,,242.00189208984375,,,,,,
6735,536.0697885,-90.1875,-19.0,82.9375,90.1875,,242.00189208984375,,,,,,
6736,536.1515142000007,-26.921875,-6.3125,41.34375,26.921875,,242.00189208984375,,,,,,
6737,536.2350064000002,48.25,-18.578125,-21.390625,-48.25,,242.00189208984375,,,,,,
6738,536.3186264000005,13.671875,-19.578125,22.15625,-13.671875,,242.00189208984375,,,,,,
6739,536.3983972000005,8.5859375,-14.7109375,10.34375,-8.5859375,,242.00189208984375,,,,,,
6740,536.4845449000004,-77.375,-19.5,90.875,77.375,,242.00189208984375,,6.851130485534668,0.576335608959198,5.909384250640869,6.855193138122559,7.764745712280273
6741,536.5621128000002,-38.75,-19.71875,70.125,38.75,,242.00189208984375,,,,,,
6742,536.6438243000002,24.5,-13.34375,-22.21875,-24.5,,242.00189208984375,,,,,,
6743,536.7225544000003,-12.40625,-17.53125,25.3125,12.40625,,242.00189208984375,,,,,,
6744,536.8059510000003,-24.828125,-17.421875,46.34375,24.828125,,242.00189208984375,,,,,,
6745,536.8850092000002,-3.33203125,-8.875,51.59375,3.33203125,,242.00189208984375,,,,,,
6746,536.9649554000007,9.265625,-24.03125,51.4375,-9.265625,,242.00189208984375,,,,,,
6747,537.0422979000004,-62.375,-12.96875,61.03125,62.375,,242.00189208984375,,,,,,
6748,537.1220215000003,-26.296875,-24.5,91.9375,26.296875,,242.00189208984375,,,,,,
6749,537.2031978000005,2.5859375,-6.0703125,10.6484375,-2.5859375,,242.00189208984375,,,,,,
6750,537.2831779000007,33.71875,-20.09375,-40.0625,-33.71875,,242.00189208984375,,,,,,
6751,537.3612864000006,14.4921875,-21.609375,-4.140625,-14.4921875,,242.00189208984375,,,,,,
6752,537.4415202,-59.40625,-33.25,46.875,59.40625,,242.00189208984375,,,,,,
6753,537.5211271000007,-84.875,-21.1875,100.8125,84.875,,242.00189208984375,,,,,,
6754,537.6163852,-84.8125,-11.8125,114.0,84.8125,,242.00189208984375,,,,,,
6755,537.7058721000003,-38.96875,-28.5625,98.125,38.96875,,242.00189208984375,,,,,,
6756,537.7854426000004,-31.125,-33.9375,70.6875,31.125,,242.00189208984375,,,,,,
6757,537.8623572000006,62.9375,-28.703125,-26.578125,-62.9375,,242.00189208984375,,,,,,
6758,537.9403362000003,60.34375,-14.5,-62.3125,-60.34375,,242.00189208984375,,,,,,
6759,538.0187185000004,18.75,-14.421875,7.203125,-18.75,,242.00189208984375,,,,,,
6760,538.1024892000005,-37.21875,-11.8125,32.90625,37.21875,,242.00189208984375,,6.962931156158447,0.36546453833580017,6.42747163772583,6.937410354614258,7.568922996520996
6761,538.1810371000001,-10.6953125,-16.3125,1.9052734375,10.6953125,,242.00189208984375,,,,,,
6762,538.2586607000003,-44.59375,-29.65625,64.375,44.59375,,242.00189208984375,,,,,,
6763,538.3378650000004,-81.625,-18.375,83.125,81.625,,242.00189208984375,,,,,,
6764,538.4185878000008,-56.21875,-13.5,99.75,56.21875,,242.00189208984375,,,,,,
6765,538.4983533000004,-20.375,-36.625,39.8125,20.375,,242.00189208984375,,,,,,
6766,538.5765251000003,-65.5,-15.21875,65.5625,65.5,,242.00189208984375,,,,,,
6767,538.6551850000005,-76.0625,-21.125,120.0,76.0625,,242.00189208984375,,,,,,
6768,538.7330179999999,-17.984375,-25.46875,73.75,17.984375,,242.00189208984375,,,,,,
6769,538.8101999,-79.8125,-20.0,92.375,79.8125,,242.00189208984375,,,,,,
6770,538.8864421000007,-2.2890625,-25.78125,44.375,2.2890625,,242.00189208984375,,,,,,
6771,538.9652478000007,47.8125,-63.59375,-17.78125,-47.8125,,242.00189208984375,,,,,,
6772,539.0443599,-0.050628662109375,-20.21875,20.8125,0.050628662109375,,242.00189208984375,,,,,,
6773,539.1239482999999,33.0625,24.21875,-37.84375,-33.0625,,242.00189208984375,,,,,,
6774,539.2016018000004,40.84375,-18.484375,-31.640625,-40.84375,,242.00189208984375,,,,,,
6775,539.2804085000007,-11.0078125,-20.125,28.359375,11.0078125,,242.00189208984375,,,,,,
6776,539.3593656000003,-23.46875,-2.96875,24.8125,23.46875,,242.00189208984375,,,,,,
6777,539.4377164000007,-49.5625,-16.9375,100.4375,49.5625,,242.00189208984375,,,,,,
6778,539.5180420000006,-33.8125,-42.8125,87.6875,33.8125,,242.00189208984375,,,,,,
6779,539.5947750000005,-66.8125,-14.375,115.0625,66.8125,,242.00189208984375,,,,,,
6780,539.6916538000005,21.71875,-1.171875,-17.625,-21.71875,,242.00189208984375,,7.187891006469727,0.3131730258464813,6.7481184005737305,7.133825302124023,7.784648895263672
6781,539.7712503000002,-54.15625,-44.0625,79.8125,54.15625,,242.00189208984375,,,,,,
6782,539.8528606,-138.375,-9.5,120.0,138.375,,242.00189208984375,,,,,,
6783,539.931998,-71.625,-29.5,99.125,71.625,,242.00189208984375,,,,,,
6784,540.0145454000003,-55.84375,-28.3125,104.3125,55.84375,,242.00189208984375,,,,,,
6785,540.0911137000003,75.0,-19.0625,-16.875,-75.0,,242.00189208984375,,,,,,
6786,540.1695616000006,43.03125,-19.0,-22.0,-43.03125,,242.00189208984375,,,,,,
6787,540.2470694000003,-27.46875,-7.9296875,17.546875,27.46875,,242.00189208984375,,,,,,
6788,540.3275784000007,-121.875,-20.4375,135.875,121.875,,242.00189208984375,,,,,,
6789,540.4045834000008,-143.125,-7.4375,103.1875,143.125,,242.00189208984375,,,,,,
6790,540.4821600000005,-25.328125,-27.0,65.8125,25.328125,,242.00189208984375,,,,,,
6791,540.5616381,-35.1875,-16.703125,4.796875,35.1875,,242.00189208984375,,,,,,
6792,540.6396519,15.421875,-17.90625,-8.5703125,-15.421875,,242.00189208984375,,,,,,
6793,540.7205625000006,10.5859375,-16.3125,1.8984375,-10.5859375,,242.00189208984375,,,,,,
6794,540.8039390000004,6.3359375,-39.0,42.28125,-6.3359375,,242.00189208984375,,,,,,
6795,540.8824244000007,33.6875,-31.234375,30.765625,-33.6875,,242.00189208984375,,,,,,
6796,540.961491,54.25,-16.6875,-17.59375,-54.25,,242.00189208984375,,,,,,
6797,541.0393702000001,58.15625,-27.125,-52.125,-58.15625,,242.00189208984375,,,,,,
6798,541.1171846000007,-83.4375,-18.25,82.375,83.4375,,242.00189208984375,,,,,,
6799,541.1957239000003,-101.25,-27.5625,142.75,101.25,,242.00189208984375,,,,,,
6800,541.2770055999999,-138.25,-20.625,151.25,138.25,,242.00189208984375,,7.224761962890625,0.3859337568283081,6.6387739181518555,7.25119686126709,7.747821807861328
6801,541.3543992000004,-117.1875,16.6875,103.3125,117.1875,,242.00189208984375,,,,,,
6802,541.4366497000001,-67.3125,-19.3125,128.5,67.3125,,242.00189208984375,,,,,,
6803,541.5153282000001,32.53125,-58.9375,-29.0625,-32.53125,,242.00189208984375,,,,,,
6804,541.5899161000007,-54.8125,19.15625,45.34375,54.8125,,242.00189208984375,,,,,,
6805,541.6718685000005,56.875,-15.1875,-43.40625,-56.875,,242.00189208984375,,,,,,
6806,541.7488245000004,28.9375,-33.9375,14.828125,-28.9375,,242.00189208984375,,,,,,
6807,541.8254141000007,-17.5,-19.0,47.28125,17.5,,242.00189208984375,,,,,,
6808,541.9028318000001,9.21875,-12.15625,22.34375,-9.21875,,242.00189208984375,,,,,,
6809,541.9805650000008,-57.3125,9.4375,33.15625,57.3125,,242.00189208984375,,,,,,
6810,542.0568579000001,-79.6875,-29.75,118.0625,79.6875,,242.00189208984375,,,,,,
6811,542.1379666000003,-96.25,-24.3125,126.875,96.25,,242.00189208984375,,,,,,
6812,542.2139200000001,-27.75,-28.09375,56.90625,27.75,,242.00189208984375,,,,,,
6813,542.2895195000001,-101.0625,-8.53125,54.625,101.0625,,242.00189208984375,,,,,,
6814,542.3667893000002,-35.96875,-12.625,74.6875,35.96875,,242.00189208984375,,,,,,
6815,542.4492198000007,100.75,-22.0,-67.8125,-100.75,,242.00189208984375,,,,,,
6816,542.5285348000007,61.34375,-37.53125,-20.09375,-61.34375,,242.00189208984375,,,,,,
6817,542.6062033000007,-16.421875,-47.09375,59.21875,16.421875,,242.00189208984375,,,,,,
6818,542.6819252000005,-52.71875,-23.4375,74.3125,52.71875,,242.00189208984375,,,,,,
6819,542.7613324000004,-27.75,-13.90625,65.375,27.75,,242.00189208984375,,,,,,
6820,542.8446385000007,37.71875,-22.0625,12.359375,-37.71875,,242.00189208984375,,7.463831901550293,0.5497058033943176,6.724874019622803,7.314269065856934,8.551271438598633
6821,542.9221058000003,60.375,-27.625,-10.0,-60.375,,242.00189208984375,,,,,,
6822,543.0011936999999,31.421875,-17.234375,-18.515625,-31.421875,,242.00189208984375,,,,,,
6823,543.0788971000002,-56.84375,-13.90625,57.65625,56.84375,,242.00189208984375,,,,,,
6824,543.1591718,-75.5,-13.0,101.0625,75.5,,242.00189208984375,,,,,,
6825,543.2402440000005,-84.0,-24.625,137.25,84.0,,242.00189208984375,,,,,,
6826,543.3225456,-59.6875,-21.75,91.125,59.6875,,242.00189208984375,,,,,,
6827,543.3981684999999,-58.40625,-20.46875,69.8125,58.40625,,242.00189208984375,,,,,,
6828,543.4762490000003,-26.6875,-16.53125,63.3125,26.6875,,242.00189208984375,,,,,,
6829,543.5554497000003,-55.5,-15.4453125,28.875,55.5,,242.00189208984375,,,,,,
6830,543.6345592000007,5.33203125,-20.796875,12.5234375,-5.33203125,,242.00189208984375,,,,,,
6831,543.7184790000001,2.095703125,-38.1875,24.6875,-2.095703125,,242.00189208984375,,,,,,
6832,543.7953876000001,-46.90625,19.40625,5.6640625,46.90625,,242.00189208984375,,,,,,
6833,543.8722495000002,-67.3125,-19.28125,73.8125,67.3125,,242.00189208984375,,,,,,
6834,543.9509450000005,-64.9375,-20.5625,82.8125,64.9375,,242.00189208984375,,,,,,
6835,544.0274964,-78.5,-19.4375,120.6875,78.5,,242.00189208984375,,,,,,
6836,544.1037296000004,-2.45703125,-11.40625,43.1875,2.45703125,,242.00189208984375,,,,,,
6837,544.1805439,-3.064453125,-11.8828125,-13.3359375,3.064453125,,242.00189208984375,,,,,,
6838,544.2579218000001,-28.171875,-12.65625,15.9453125,28.171875,,242.00189208984375,,,,,,
6839,544.3356794000001,27.828125,-3.4921875,-11.5234375,-27.828125,,242.00189208984375,,,,,,
6840,544.4180118000004,63.0625,-23.53125,-19.09375,-63.0625,,242.00189208984375,,7.818907737731934,0.8068896532058716,6.694047451019287,7.695959091186523,9.201888084411621
6841,544.4944009000001,-39.59375,-21.84375,25.015625,39.59375,,242.00189208984375,,,,,,
6842,544.5722952000006,-28.6875,-20.4375,64.125,28.6875,,242.00189208984375,,,,,,
6843,544.6511312000002,-28.59375,-9.96875,65.5625,28.59375,,242.00189208984375,,,,,,
6844,544.7265434999999,-79.0,-20.75,118.25,79.0,,242.00189208984375,,,,,,
6845,544.8039579000006,-38.1875,-10.5625,1.146484375,38.1875,,242.00189208984375,,,,,,
6846,544.8788747000008,-107.25,-0.625,97.75,107.25,,242.00189208984375,,,,,,
6847,544.9577443000007,-5.29296875,-15.0703125,24.828125,5.29296875,,242.00189208984375,,,,,,
6848,545.0341223000005,87.875,-11.375,-74.25,-87.875,,242.00189208984375,,,,,,
6849,545.1119374,53.625,-33.4375,-21.265625,-53.625,,242.00189208984375,,,,,,
6850,545.1885081999999,-3.626953125,-17.5,40.625,3.626953125,,242.00189208984375,,,,,,
6851,545.2654619000004,-20.71875,-17.734375,43.0,20.71875,,242.00189208984375,,,,,,
6852,545.3430972000006,5.41015625,-18.96875,8.328125,-5.41015625,,242.00189208984375,,,,,,
6853,545.4188010000007,-152.25,-20.625,152.375,152.25,,242.00189208984375,,,,,,
6854,545.4963601,-157.375,-23.75,156.25,157.375,,242.00189208984375,,,,,,
6855,545.5753834000006,-122.75,-22.375,157.125,122.75,,242.00189208984375,,,,,,
6856,545.6525775,-69.9375,-26.5,97.625,69.9375,,242.00189208984375,,,,,,
6857,545.7282744000004,2.515625,-14.375,74.875,-2.515625,,242.00189208984375,,,,,,
6858,545.8053530000007,1.701171875,-33.96875,28.078125,-1.701171875,,242.00189208984375,,,,,,
6859,545.8823772000005,77.6875,-30.375,-37.3125,-77.6875,,242.00189208984375,,,,,,
6860,545.9664733,75.8125,-10.0625,-61.875,-75.8125,,242.00189208984375,,6.8562331199646,0.5681242942810059,6.047493934631348,6.774430751800537,7.905363082885742
6861,546.0428605000006,41.625,-18.5,-30.65625,-41.625,,242.00189208984375,,,,,,
6862,546.1222198000005,-8.9375,-21.28125,26.609375,8.9375,,242.00189208984375,,,,,,
6863,546.1990888999999,-25.71875,3.25,72.5,25.71875,,242.00189208984375,,,,,,
6864,546.2765899000005,-21.734375,-9.3359375,12.8046875,21.734375,,242.00189208984375,,,,,,
6865,546.3530648000005,-63.90625,-23.0,104.5625,63.90625,,242.00189208984375,,,,,,
6866,546.4296789,-2.8671875,-15.140625,46.78125,2.8671875,,242.00189208984375,,,,,,
6867,546.5076022000003,-44.25,-50.03125,98.375,44.25,,242.00189208984375,,,,,,
6868,546.5846707000001,-48.5625,-4.1875,87.625,48.5625,,242.00189208984375,,,,,,
6869,546.6620799000002,-82.375,-3.5625,78.6875,82.375,,242.00189208984375,,,,,,
6870,546.7402881000007,-79.5625,-16.3125,90.0,79.5625,,242.00189208984375,,,,,,
6871,546.8185570000005,-66.625,-46.125,136.375,66.625,,242.00189208984375,,,,,,
6872,546.8946202000006,-78.5625,-5.0625,82.625,78.5625,,242.00189208984375,,,,,,
6873,546.9736462000001,35.875,-12.9375,-10.046875,-35.875,,242.00189208984375,,,,,,
6874,547.0503711000001,43.84375,-15.34375,-8.453125,-43.84375,,242.00189208984375,,,,,,
6875,547.1274868,57.53125,-4.0625,-36.1875,-57.53125,,242.00189208984375,,,,,,
6876,547.2041466999999,61.34375,-16.625,-40.1875,-61.34375,,242.00189208984375,,,,,,
6877,547.2814946000008,-85.5625,-4.125,66.4375,85.5625,,242.00189208984375,,,,,,
6878,547.3590959000003,-146.75,-13.625,137.875,146.75,,242.00189208984375,,,,,,
6879,547.4364623000001,-119.5625,-20.5,151.125,119.5625,,242.00189208984375,,,,,,
6880,547.5195868999999,-45.96875,-20.75,76.0625,45.96875,,242.00189208984375,,6.589774131774902,0.3296072781085968,6.111749172210693,6.5783538818359375,7.206918716430664
6881,547.5970750000006,50.6875,-18.625,-14.6484375,-50.6875,,242.00189208984375,,,,,,
6882,547.6772775,90.3125,-29.71875,-46.34375,-90.3125,,242.00189208984375,,,,,,
6883,547.7544238,32.625,2.40625,-58.21875,-32.625,,242.00189208984375,,,,,,
6884,547.8318059000003,-11.28125,-20.3125,49.125,11.28125,,242.00189208984375,,,,,,
6885,547.9097766000004,-112.5,-18.6875,112.0,112.5,,242.00189208984375,,,,,,
6886,547.9857837,-69.75,-29.6875,106.125,69.75,,242.00189208984375,,,,,,
6887,548.0627322,-69.125,-20.09375,59.0,69.125,,242.00189208984375,,,,,,
6888,548.1384235000005,-30.15625,-9.890625,26.9375,30.15625,,242.00189208984375,,,,,,
6889,548.2147327000002,14.2890625,-13.578125,20.0,-14.2890625,,242.00189208984375,,,,,,
6890,548.2907435000006,2.248046875,-9.8828125,11.65625,-2.248046875,,242.00189208984375,,,,,,
6891,548.3710538000005,-10.96875,-19.671875,44.5625,10.96875,,242.00189208984375,,,,,,
6892,548.4482424000007,5.96484375,-18.1875,27.953125,-5.96484375,,242.00189208984375,,,,,,
6893,548.5262897000002,-12.3828125,-19.40625,32.1875,12.3828125,,242.00189208984375,,,,,,
6894,548.6032590000004,-143.5,-17.0625,117.4375,143.5,,242.00189208984375,,,,,,
6895,548.6812012999999,-54.0625,-15.375,96.875,54.0625,,242.00189208984375,,,,,,
6896,548.7570820999999,-7.64453125,-14.109375,18.6875,7.64453125,,242.00189208984375,,,,,,
6897,548.8345655000003,-44.59375,-21.15625,46.625,44.59375,,242.00189208984375,,,,,,
6898,548.9164716000005,-19.3125,4.125,40.28125,19.3125,,242.00189208984375,,,,,,
6899,548.9946104999999,-5.203125,-16.71875,46.65625,5.203125,,242.00189208984375,,,,,,
6900,549.0923363000002,7.14453125,-3.46875,-32.46875,-7.14453125,,242.00189208984375,,6.338996887207031,0.32042548060417175,5.902170658111572,6.327045440673828,6.918064594268799
6901,549.1695146000002,-3.880859375,-13.265625,16.640625,3.880859375,,242.00189208984375,,,,,,
6902,549.2475688000004,39.65625,-15.75,-2.076171875,-39.65625,,242.00189208984375,,,,,,
6903,549.3253474000003,114.4375,-27.1875,-57.5625,-114.4375,,242.00189208984375,,,,,,
6904,549.4048275000005,-7.15625,-11.59375,-20.90625,7.15625,,242.00189208984375,,,,,,
6905,549.4825782000007,-112.75,-18.3125,105.6875,112.75,,242.00189208984375,,,,,,
6906,549.5617823000002,-104.1875,-17.1875,126.875,104.1875,,242.00189208984375,,,,,,
6907,549.6397815,1.7470703125,-24.46875,54.4375,-1.7470703125,,242.00189208984375,,,,,,
6908,549.7182645000003,-20.265625,33.21875,-5.75390625,20.265625,,242.00189208984375,,,,,,
6909,549.8019014000001,-117.9375,-19.75,95.4375,117.9375,,242.00189208984375,,,,,,
6910,549.8885559999999,-98.0625,-17.5625,122.125,98.0625,,242.00189208984375,,,,,,
6911,549.9728653000002,-36.6875,5.71875,32.40625,36.6875,,242.00189208984375,,,,,,
6912,550.0595489000007,7.60546875,-31.515625,59.4375,-7.60546875,,242.00189208984375,,,,,,
6913,550.1357723000001,-33.09375,-2.046875,22.5625,33.09375,,242.00189208984375,,,,,,
6914,550.2140015000004,1.7578125,-12.171875,18.640625,-1.7578125,,242.00189208984375,,,,,,
6915,550.2986719,12.1875,-17.03125,23.09375,-12.1875,,242.00189208984375,,,,,,
6916,550.3759651,10.7890625,-10.2421875,-8.3828125,-10.7890625,,242.00189208984375,,,,,,
6917,550.4534253000002,67.625,-23.65625,-41.84375,-67.625,,242.00189208984375,,,,,,
6918,550.5309790000001,-43.1875,-19.9375,68.9375,43.1875,,242.00189208984375,,,,,,
6919,550.6093785000003,-58.75,-22.90625,64.3125,58.75,,242.00189208984375,,,,,,
6920,550.6932642000002,-97.3125,-16.6875,140.75,97.3125,,242.00189208984375,,6.7494401931762695,0.5537391901016235,6.019917964935303,6.685165882110596,7.664539337158203
6921,550.7702698000003,-71.75,-16.9375,115.8125,71.75,,242.00189208984375,,,,,,
6922,550.8482319000004,-74.8125,-18.0,97.3125,74.8125,,242.00189208984375,,,,,,
6923,550.9305783,43.5625,-21.484375,-18.359375,-43.5625,,242.00189208984375,,,,,,
6924,551.0101101,-41.1875,-31.4375,65.1875,41.1875,,242.00189208984375,,,,,,
6925,551.0874118000002,38.28125,-18.0,-13.0078125,-38.28125,,242.00189208984375,,,,,,
6926,551.1657337000006,-13.9765625,-70.9375,71.0625,13.9765625,,242.00189208984375,,,,,,
6927,551.2453192000003,-67.375,-16.4375,62.125,67.375,,242.00189208984375,,,,,,
6928,551.3230455000003,-0.0767822265625,-25.078125,55.5,0.0767822265625,,242.00189208984375,,,,,,
6929,551.4012831,55.8125,-9.96875,-42.15625,-55.8125,,242.00189208984375,,,,,,
6930,551.4780538000005,65.4375,-9.40625,-52.46875,-65.4375,,242.00189208984375,,,,,,
6931,551.5575253000006,-75.75,-24.625,57.90625,75.75,,242.00189208984375,,,,,,
6932,551.6358194000004,-96.0,-23.3125,115.5,96.0,,242.00189208984375,,,,,,
6933,551.7137817000003,-41.3125,-12.078125,27.28125,41.3125,,242.00189208984375,,,,,,
6934,551.7902199,11.0703125,-23.453125,34.90625,-11.0703125,,242.00189208984375,,,,,,
6935,551.8684081000001,35.625,-24.46875,-10.53125,-35.625,,242.00189208984375,,,,,,
6936,551.9504718000007,-47.03125,-14.8125,70.875,47.03125,,242.00189208984375,,,,,,
6937,552.0342319000001,-120.9375,-24.375,114.5,120.9375,,242.00189208984375,,,,,,
6938,552.1117437000003,-81.875,-23.25,116.625,81.875,,242.00189208984375,,,,,,
6939,552.1888089000004,-28.421875,-38.59375,22.875,28.421875,,242.00189208984375,,,,,,
6940,552.2703525000006,-26.25,-20.171875,33.59375,26.25,,242.00189208984375,,6.346799850463867,0.3253557085990906,5.97142219543457,6.307034492492676,6.869882106781006
6941,552.3512837000007,34.40625,-36.25,41.09375,-34.40625,,242.00189208984375,,,,,,
6942,552.4293031000007,54.75,-19.03125,-32.8125,-54.75,,242.00189208984375,,,,,,
6943,552.5066341000002,-23.046875,-25.578125,27.5,23.046875,,242.00189208984375,,,,,,
6944,552.5833532000006,13.671875,-15.6015625,14.109375,-13.671875,,242.00189208984375,,,,,,
6945,552.6637543000006,-7.203125,-12.078125,10.2421875,7.203125,,242.00189208984375,,,,,,
6946,552.7444802,-40.90625,-22.328125,50.25,40.90625,,242.00189208984375,,,,,,
6947,552.8220878000002,-115.1875,-31.5625,117.5,115.1875,,242.00189208984375,,,,,,
6948,552.8997593000004,-121.75,-23.5,143.0,121.75,,242.00189208984375,,,,,,
6949,552.9792093000005,-16.546875,-14.25,52.3125,16.546875,,242.00189208984375,,,,,,
6950,553.0578029000008,35.9375,-26.046875,11.8046875,-35.9375,,242.00189208984375,,,,,,
6951,553.1357072000001,30.203125,-17.96875,-39.125,-30.203125,,242.00189208984375,,,,,,
6952,553.2143366999999,36.90625,-11.96875,-47.1875,-36.90625,,242.00189208984375,,,,,,
6953,553.2920985000001,12.1484375,-25.46875,22.265625,-12.1484375,,242.00189208984375,,,,,,
6954,553.3725742000006,-59.90625,-4.125,55.34375,59.90625,,242.00189208984375,,,,,,
6955,553.4500914,-76.1875,-19.09375,71.5625,76.1875,,242.00189208984375,,,,,,
6956,553.5273338000006,-27.921875,-12.3828125,27.46875,27.921875,,242.00189208984375,,,,,,
6957,553.6051625,-45.53125,-17.4375,50.28125,45.53125,,242.00189208984375,,,,,,
6958,553.6845177000005,-107.25,-20.875,104.375,107.25,,242.00189208984375,,,,,,
6959,553.7625313000008,-33.9375,-16.984375,40.375,33.9375,,242.00189208984375,,,,,,
6960,553.8478584000004,27.8125,-21.046875,17.0625,-27.8125,,242.00189208984375,,6.5365400314331055,0.29513657093048096,6.181735992431641,6.462955951690674,7.046016693115234
6961,553.9246352,-45.0,4.015625,10.5234375,45.0,,242.00189208984375,,,,,,
6962,554.0034889000008,-28.9375,-16.390625,40.0,28.9375,,242.00189208984375,,,,,,
6963,554.0817196000007,-12.953125,-17.875,44.90625,12.953125,,242.00189208984375,,,,,,
6964,554.1596734000004,-3.251953125,-11.59375,-1.068359375,3.251953125,,242.00189208984375,,,,,,
6965,554.2364524000004,27.40625,-17.09375,0.8017578125,-27.40625,,242.00189208984375,,,,,,
6966,554.3140043000003,-87.0625,-35.375,105.0625,87.0625,,242.00189208984375,,,,,,
6967,554.3927130000002,-28.484375,-17.75,41.53125,28.484375,,242.00189208984375,,,,,,
6968,554.4699295,-85.375,-35.65625,68.6875,85.375,,242.00189208984375,,,,,,
6969,554.5465125999999,-13.4296875,-22.5625,57.5625,13.4296875,,242.00189208984375,,,,,,
6970,554.6239110000006,71.1875,-16.625,-93.125,-71.1875,,242.00189208984375,,,,,,
6971,554.7004390000002,-11.921875,-29.625,3.64453125,11.921875,,242.00189208984375,,,,,,
6972,554.7774804999999,-22.453125,-25.15625,41.59375,22.453125,,242.00189208984375,,,,,,
6973,554.8565593000003,1.392578125,-21.015625,28.71875,-1.392578125,,242.00189208984375,,,,,,
6974,554.9361280000003,-1.310546875,-25.09375,52.34375,1.310546875,,242.00189208984375,,,,,,
6975,555.0129446000001,7.1015625,-20.40625,22.21875,-7.1015625,,242.00189208984375,,,,,,
6976,555.0887277000002,-33.6875,-21.125,83.25,33.6875,,242.00189208984375,,,,,,
6977,555.1647800000001,2.958984375,-31.1875,21.484375,-2.958984375,,242.00189208984375,,,,,,
6978,555.2420184000002,-104.5625,-18.9375,113.4375,104.5625,,242.00189208984375,,,,,,
6979,555.3209101000002,-67.9375,-21.21875,81.5,67.9375,,242.00189208984375,,,,,,
6980,555.4038005000002,-43.4375,-16.125,79.625,43.4375,,242.00189208984375,,6.624795913696289,0.33622562885284424,6.234804630279541,6.598087310791016,7.272731781005859
6981,555.4795602000004,-52.21875,-18.09375,74.5625,52.21875,,242.00189208984375,,,,,,
6982,555.5579401000005,-31.75,-12.6875,54.3125,31.75,,242.00189208984375,,,,,,
6983,555.6361847000007,-5.8828125,-29.4375,63.65625,5.8828125,,242.00189208984375,,,,,,
6984,555.7137922000002,20.109375,-48.5,26.359375,-20.109375,,242.00189208984375,,,,,,
6985,555.7908159000008,-16.734375,-34.71875,32.90625,16.734375,,242.00189208984375,,,,,,
6986,555.9057757,83.1875,-42.34375,-17.46875,-83.1875,,242.00189208984375,,,,,,
6987,555.9880624000007,-75.75,-27.9375,81.9375,75.75,,242.00189208984375,,,,,,
6988,556.0690620000005,-122.1875,-5.875,94.6875,122.1875,,242.00189208984375,,,,,,
6989,556.1449468000001,-27.765625,-18.5625,89.125,27.765625,,242.00189208984375,,,,,,
6990,556.2212840000002,18.8125,-14.21875,5.01953125,-18.8125,,242.00189208984375,,,,,,
6991,556.2970753,-46.84375,-18.625,32.40625,46.84375,,242.00189208984375,,,,,,
6992,556.3759650000002,-25.390625,-13.625,44.375,25.390625,,242.00189208984375,,,,,,
6993,556.4519551000003,19.734375,-31.140625,14.453125,-19.734375,,242.00189208984375,,,,,,
6994,556.5285617,104.5,-12.1875,-58.9375,-104.5,,242.00189208984375,,,,,,
6995,556.6059643000008,43.03125,-31.34375,9.8671875,-43.03125,,242.00189208984375,,,,,,
6996,556.6843560000007,-55.125,-13.78125,77.5,55.125,,242.00189208984375,,,,,,
6997,556.7626515000002,-121.125,-23.5,109.375,121.125,,242.00189208984375,,,,,,
6998,556.8394469000004,-97.5625,-19.3125,128.625,97.5625,,242.00189208984375,,,,,,
6999,556.9163345000006,-87.8125,-17.25,101.75,87.8125,,242.00189208984375,,,,,,
7000,557.0031687999999,32.34375,-29.984375,31.390625,-32.34375,,242.00189208984375,,7.736011981964111,0.7119910717010498,6.640882968902588,7.698200225830078,9.026174545288086
7001,557.0805795000006,122.5,-37.90625,-36.28125,-122.5,,242.00189208984375,,,,,,
7002,557.1575115000005,-75.5,-15.3125,82.5,75.5,,242.00189208984375,,,,,,
7003,557.2347009000005,-141.0,-16.75,146.5,141.0,,242.00189208984375,,,,,,
7004,557.3120005999999,-104.875,-51.375,198.125,104.875,,242.00189208984375,,,,,,
7005,557.3879719000006,-31.359375,-19.1875,70.3125,31.359375,,242.00189208984375,,,,,,
7006,557.4651402,-9.2421875,-39.5625,23.859375,9.2421875,,242.00189208984375,,,,,,
7007,557.5411435000005,-14.1796875,-4.65234375,11.421875,14.1796875,,242.00189208984375,,,,,,
7008,557.6168178000007,5.3203125,0.962890625,2.830078125,-5.3203125,,242.00189208984375,,,,,,
7009,557.6933666000004,-0.86572265625,-23.125,7.28125,0.86572265625,,242.00189208984375,,,,,,
7010,557.7693875000004,-11.484375,-27.65625,40.875,11.484375,,242.00189208984375,,,,,,
7011,557.8484218000003,-20.671875,-19.0625,32.5625,20.671875,,242.00189208984375,,,,,,
7012,557.9258803000002,-33.78125,-20.8125,29.375,33.78125,,242.00189208984375,,,,,,
7013,558.0017938999999,-41.3125,-24.90625,81.6875,41.3125,,242.00189208984375,,,,,,
7014,558.0797529000001,-24.6875,-23.984375,47.03125,24.6875,,242.00189208984375,,,,,,
7015,558.1610363,-39.0,-28.203125,40.46875,39.0,,242.00189208984375,,,,,,
7016,558.2392265000008,-64.3125,-2.8125,66.875,64.3125,,242.00189208984375,,,,,,
7017,558.3176684,35.875,-16.265625,-26.453125,-35.875,,242.00189208984375,,,,,,
7018,558.3960820000002,45.90625,-23.109375,-16.296875,-45.90625,,242.00189208984375,,,,,,
7019,558.4719893000001,-2.19921875,-15.578125,-17.078125,2.19921875,,242.00189208984375,,,,,,
7020,558.5543098000007,23.546875,-19.828125,-14.140625,-23.546875,,242.00189208984375,,6.887181758880615,0.31283342838287354,6.4411702156066895,6.849691867828369,7.4602370262146
7021,558.6304344,-65.5,-18.96875,71.8125,65.5,,242.00189208984375,,,,,,
7022,558.7069773000003,-95.0,-16.25,83.875,95.0,,242.00189208984375,,,,,,
7023,558.7841312999999,-66.4375,-14.8125,110.1875,66.4375,,242.00189208984375,,,,,,
7024,558.8602851000005,-101.0,-18.0625,109.25,101.0,,242.00189208984375,,,,,,
7025,558.9365449000006,-51.84375,-17.90625,60.875,51.84375,,242.00189208984375,,,,,,
7026,559.0138256,28.203125,-5.546875,-27.140625,-28.203125,,242.00189208984375,,,,,,
7027,559.0911043000006,10.859375,-23.34375,3.2578125,-10.859375,,242.00189208984375,,,,,,
7028,559.1676540000008,-47.71875,-11.375,67.0,47.71875,,242.00189208984375,,,,,,
7029,559.2441150000004,3.0546875,-17.796875,30.171875,-3.0546875,,242.00189208984375,,,,,,
7030,559.3211467000001,89.75,-22.640625,-18.390625,-89.75,,242.00189208984375,,,,,,
7031,559.3978879000006,59.6875,-20.0,-36.71875,-59.6875,,242.00189208984375,,,,,,
7032,559.4754879000002,-11.5625,-14.28125,-20.21875,11.5625,,242.00189208984375,,,,,,
7033,559.5541274000007,-52.6875,-16.796875,28.640625,52.6875,,242.00189208984375,,,,,,
7034,559.6308562000004,-14.0546875,-11.0078125,-12.1796875,14.0546875,,242.00189208984375,,,,,,
7035,559.7099296000006,-122.125,-11.0625,106.75,122.125,,242.00189208984375,,,,,,
7036,559.7863002000004,-83.125,-37.8125,133.625,83.125,,242.00189208984375,,,,,,
7037,559.8634715000007,-79.5625,-16.4375,88.5625,79.5625,,242.00189208984375,,,,,,
7038,559.9438212000005,-20.828125,-4.3125,45.21875,20.828125,,242.00189208984375,,,,,,
7039,560.0204712000004,-14.171875,-26.3125,53.40625,14.171875,,242.00189208984375,,,,,,
7040,560.1039961000006,-4.1484375,-18.046875,7.69140625,4.1484375,,242.00189208984375,,7.279374122619629,0.43646618723869324,6.665133476257324,7.252867698669434,7.96047306060791
7041,560.1808433000006,-39.5625,-2.75,71.1875,39.5625,,242.00189208984375,,,,,,
7042,560.2566886000004,64.8125,-15.421875,-12.234375,-64.8125,,242.00189208984375,,,,,,
7043,560.3358267000003,-8.0859375,-27.40625,9.9765625,8.0859375,,242.00189208984375,,,,,,
7044,560.4164808000005,-35.0625,-10.453125,32.28125,35.0625,,242.00189208984375,,,,,,
7045,560.4928018999999,-5.36328125,-16.5,20.53125,5.36328125,,242.00189208984375,,,,,,
7046,560.5704450000003,63.375,-21.140625,-26.703125,-63.375,,242.00189208984375,,,,,,
7047,560.6481269000005,-34.3125,-17.9375,28.34375,34.3125,,242.00189208984375,,,,,,
7048,560.7275929000007,-42.375,-10.21875,56.78125,42.375,,242.00189208984375,,,,,,
7049,560.8046370000002,-110.4375,-21.75,102.1875,110.4375,,242.00189208984375,,,,,,
7050,560.8806324000006,-73.9375,-16.9375,123.8125,73.9375,,242.00189208984375,,,,,,
7051,560.9581211000004,-77.1875,-18.75,114.625,77.1875,,242.00189208984375,,,,,,
7052,561.034122,14.4140625,-10.8125,39.5,-14.4140625,,242.00189208984375,,,,,,
7053,561.1125953999999,-35.71875,-18.90625,28.90625,35.71875,,242.00189208984375,,,,,,
7054,561.1903342000005,17.390625,-19.890625,21.6875,-17.390625,,242.00189208984375,,,,,,
7055,561.2671948000007,89.6875,-34.34375,-27.28125,-89.6875,,242.00189208984375,,,,,,
7056,561.3455170000007,-23.40625,-21.578125,12.2578125,23.40625,,242.00189208984375,,,,,,
7057,561.4227895000004,-23.78125,-19.75,59.3125,23.78125,,242.00189208984375,,,,,,
7058,561.4985913999999,-69.125,-17.03125,63.28125,69.125,,242.00189208984375,,,,,,
7059,561.5756680000004,-48.21875,-32.875,85.0,48.21875,,242.00189208984375,,,,,,
7060,561.6581802999999,-100.0,3.375,97.6875,100.0,,242.00189208984375,,6.2561774253845215,0.24008899927139282,5.906935691833496,6.230361461639404,6.638197422027588
7061,561.7358526000007,-103.6875,-12.03125,50.6875,103.6875,,242.00189208984375,,,,,,
7062,561.8114106000003,-50.125,-21.5625,53.5625,50.125,,242.00189208984375,,,,,,
7063,561.8876144000005,52.75,-17.3125,-36.5625,-52.75,,242.00189208984375,,,,,,
7064,561.9647454000005,54.8125,-50.375,-43.875,-54.8125,,242.00189208984375,,,,,,
7065,562.0416254000002,0.452392578125,13.75,-4.015625,-0.452392578125,,242.00189208984375,,,,,,
7066,562.1216156,0.685546875,-19.15625,14.875,-0.685546875,,242.00189208984375,,,,,,
7067,562.1980705000005,-11.65625,-17.21875,20.109375,11.65625,,242.00189208984375,,,,,,
7068,562.2758501000008,-58.6875,-20.0625,75.8125,58.6875,,242.00189208984375,,,,,,
7069,562.3525078000002,15.796875,-16.4375,49.5625,-15.796875,,242.00189208984375,,,,,,
7070,562.4290213000004,-33.25,-16.75,76.4375,33.25,,242.00189208984375,,,,,,
7071,562.5083881,-64.9375,-11.75,104.6875,64.9375,,242.00189208984375,,,,,,
7072,562.5875990000004,-126.3125,-18.9375,122.3125,126.3125,,242.00189208984375,,,,,,
7073,562.6720685999999,-88.0625,-3.0,93.0,88.0625,,242.00189208984375,,,,,,
7074,562.7557841000007,-62.8125,-18.4375,100.0,62.8125,,242.00189208984375,,,,,,
7075,562.8377668000003,-9.984375,-5.390625,26.375,9.984375,,242.00189208984375,,,,,,
7076,562.9300937000007,61.71875,-17.546875,-23.046875,-61.71875,,242.00189208984375,,,,,,
7077,563.0127984000001,82.4375,-19.375,-43.71875,-82.4375,,242.00189208984375,,,,,,
7078,563.0934768000006,53.9375,-18.53125,-29.46875,-53.9375,,242.00189208984375,,,,,,
7079,563.1789756000007,59.6875,-14.453125,-27.046875,-59.6875,,242.00189208984375,,,,,,
7080,563.2662181000005,-68.4375,-22.53125,53.40625,68.4375,,242.00189208984375,,6.932185173034668,0.27683061361312866,6.562802314758301,6.877259731292725,7.345655918121338
7081,563.3473450000001,-48.90625,-15.09375,73.3125,48.90625,,242.00189208984375,,,,,,
7082,563.4304331000003,-43.375,-14.6875,93.9375,43.375,,242.00189208984375,,,,,,
7083,563.5085271000007,-19.96875,-17.96875,67.0,19.96875,,242.00189208984375,,,,,,
7084,563.5891259,-56.53125,-11.75,46.9375,56.53125,,242.00189208984375,,,,,,
7085,563.6721264000007,-56.03125,-30.125,105.5625,56.03125,,242.00189208984375,,,,,,
7086,563.7530329000001,-63.125,5.375,73.125,63.125,,242.00189208984375,,,,,,
7087,563.8315126000007,-4.6640625,-32.34375,29.28125,4.6640625,,242.00189208984375,,,,,,
7088,563.9097305000005,11.921875,-12.859375,25.265625,-11.921875,,242.00189208984375,,,,,,
7089,563.9893586000007,-8.390625,-56.75,44.0,8.390625,,242.00189208984375,,,,,,
7090,564.0674422000002,-74.75,-12.0,78.5,74.75,,242.00189208984375,,,,,,
7091,564.1481121000006,13.65625,-17.46875,43.09375,-13.65625,,242.00189208984375,,,,,,
7092,564.2265473000007,35.09375,-13.46875,-5.34765625,-35.09375,,242.00189208984375,,,,,,
7093,564.3033871000007,-23.9375,-18.5625,21.5625,23.9375,,242.00189208984375,,,,,,
7094,564.3810020999999,-39.0,-18.40625,69.9375,39.0,,242.00189208984375,,,,,,
7095,564.4603502,-63.21875,-6.0625,76.0,63.21875,,242.00189208984375,,,,,,
7096,564.5405396000006,-0.26123046875,-24.75,46.0625,0.26123046875,,242.00189208984375,,,,,,
7097,564.6193625000005,76.875,-34.4375,-63.9375,-76.875,,242.00189208984375,,,,,,
7098,564.6977352000004,21.8125,-21.453125,-13.328125,-21.8125,,242.00189208984375,,,,,,
7099,564.7787828,-11.1171875,-10.71875,26.265625,11.1171875,,242.00189208984375,,,,,,
7100,564.8631284000003,-42.0625,-13.03125,35.5625,42.0625,,242.00189208984375,,6.757778644561768,0.3743995428085327,6.317217826843262,6.6707048416137695,7.335484027862549
7101,564.9444208000004,-19.703125,-18.390625,-0.517578125,19.703125,,242.00189208984375,,,,,,
7102,565.0292512000005,-58.875,-27.75,112.25,58.875,,242.00189208984375,,,,,,
7103,565.1156353000006,-125.0625,-7.0,163.0,125.0625,,242.00189208984375,,,,,,
7104,565.1998982000005,-79.75,-10.09375,58.53125,79.75,,242.00189208984375,,,,,,
7105,565.2818117000006,5.0,-27.203125,22.90625,-5.0,,242.00189208984375,,,,,,
7106,565.3599193,-28.34375,-19.40625,51.875,28.34375,,242.00189208984375,,,,,,
7107,565.4383409000002,4.2734375,-19.59375,8.140625,-4.2734375,,242.00189208984375,,,,,,
7108,565.5181172000002,-47.25,-41.0625,106.4375,47.25,,242.00189208984375,,,,,,
7109,565.5953723000002,14.2109375,-20.734375,25.609375,-14.2109375,,242.00189208984375,,,,,,
7110,565.6752506000003,0.0872802734375,-2.37109375,6.953125,-0.0872802734375,,242.00189208984375,,,,,,
7111,565.7544539999999,41.5,-24.828125,-19.265625,-41.5,,242.00189208984375,,,,,,
7112,565.8363701000007,33.59375,-13.40625,-27.75,-33.59375,,242.00189208984375,,,,,,
7113,565.9174862,-39.96875,-13.4765625,3.798828125,39.96875,,242.00189208984375,,,,,,
7114,566.0004083000003,-10.6953125,-11.9375,55.21875,10.6953125,,242.00189208984375,,,,,,
7115,566.0818527000001,26.65625,13.890625,3.21484375,-26.65625,,242.00189208984375,,,,,,
7116,566.1593595000004,-43.96875,-11.0,30.0,43.96875,,242.00189208984375,,,,,,
7117,566.2369382000006,-67.0625,-9.265625,32.4375,67.0625,,242.00189208984375,,,,,,
7118,566.3174474000007,-58.5,-12.625,65.8125,58.5,,242.00189208984375,,,,,,
7119,566.3986746999999,-119.3125,-21.5625,135.25,119.3125,,242.00189208984375,,,,,,
7120,566.4855403000001,-55.84375,-16.4375,97.3125,55.84375,,242.00189208984375,,7.8249993324279785,0.48869654536247253,7.098514080047607,7.80906867980957,8.585232734680176
7121,566.5635413,25.375,-8.765625,-12.34375,-25.375,,242.00189208984375,,,,,,
7122,566.6416321000006,64.75,-29.625,-53.5,-64.75,,242.00189208984375,,,,,,
7123,566.7231383000008,51.0,-42.3125,-29.4375,-51.0,,242.00189208984375,,,,,,
7124,566.8032775000001,-14.6796875,-1.83984375,-4.5546875,14.6796875,,242.00189208984375,,,,,,
7125,566.8803416000001,-92.25,-20.5,71.4375,92.25,,242.00189208984375,,,,,,
7126,566.9592587000006,-54.625,-12.4375,92.3125,54.625,,242.00189208984375,,,,,,
7127,567.0377797000001,-51.4375,-29.15625,82.625,51.4375,,242.00189208984375,,,,,,
7128,567.1159768000007,-51.125,-11.65625,47.5625,51.125,,242.00189208984375,,,,,,
7129,567.1943446000005,7.828125,-23.140625,33.34375,-7.828125,,242.00189208984375,,,,,,
7130,567.2716451000006,20.984375,-23.09375,14.0078125,-20.984375,,242.00189208984375,,,,,,
7131,567.3484850000004,0.71240234375,-3.4296875,14.65625,-0.71240234375,,242.00189208984375,,,,,,
7132,567.4256161000003,29.484375,-21.28125,-6.95703125,-29.484375,,242.00189208984375,,,,,,
7133,567.5031752000004,23.65625,-21.78125,-18.5,-23.65625,,242.00189208984375,,,,,,
7134,567.5797253000001,-4.98828125,-13.078125,32.1875,4.98828125,,242.00189208984375,,,,,,
7135,567.6569894000004,-62.03125,-18.3125,49.3125,62.03125,,242.00189208984375,,,,,,
7136,567.7347673000004,-50.5625,-17.3125,93.75,50.5625,,242.00189208984375,,,,,,
7137,567.8110687000008,-127.0625,23.5625,67.1875,127.0625,,242.00189208984375,,,,,,
7138,567.8881465000004,-118.4375,-20.625,141.375,118.4375,,242.00189208984375,,,,,,
7139,567.9650803000004,-28.265625,-14.125,76.0,28.265625,,242.00189208984375,,,,,,
7140,568.0466403999999,43.6875,-17.015625,11.1875,-43.6875,,242.00189208984375,,6.1189985275268555,0.31667983531951904,5.738561630249023,6.09930419921875,6.6840291023254395
7141,568.1249409000002,76.125,-6.5,-99.625,-76.125,,242.00189208984375,,,,,,
7142,568.2129982000006,18.96875,-13.625,-37.84375,-18.96875,,242.00189208984375,,,,,,
7143,568.2878487000007,24.484375,-16.09375,13.78125,-24.484375,,242.00189208984375,,,,,,
7144,568.3656880000008,-22.515625,-13.53125,-1.3564453125,22.515625,,242.00189208984375,,,,,,
7145,568.4433097000001,-69.6875,-23.5,88.625,69.6875,,242.00189208984375,,,,,,
7146,568.5197896,-36.75,19.5625,34.09375,36.75,,242.00189208984375,,,,,,
7147,568.5968233000003,-119.0,-12.4375,131.375,119.0,,242.00189208984375,,,,,,
7148,568.6737026999999,-83.875,-21.875,112.0625,83.875,,242.00189208984375,,,,,,
7149,568.7499205000004,-64.9375,-17.375,100.1875,64.9375,,242.00189208984375,,,,,,
7150,568.8287352000007,1.0048828125,-23.5625,51.4375,-1.0048828125,,242.00189208984375,,,,,,
7151,568.9060034000004,-50.0625,-17.515625,49.3125,50.0625,,242.00189208984375,,,,,,
7152,568.9814547000005,43.96875,-10.3671875,0.076171875,-43.96875,,242.00189208984375,,,,,,
7153,569.0588684000004,113.75,-26.8125,-57.4375,-113.75,,242.00189208984375,,,,,,
7154,569.1368692000005,50.96875,4.25,-102.5,-50.96875,,242.00189208984375,,,,,,
7155,569.2145313000001,20.15625,-6.1875,-41.0,-20.15625,,242.00189208984375,,,,,,
7156,569.2896857000005,-9.46875,-3.84375,-16.6875,9.46875,,242.00189208984375,,,,,,
7157,569.3677307000007,-43.53125,-22.890625,46.46875,43.53125,,242.00189208984375,,,,,,
7158,569.4461381000001,-58.15625,-22.984375,53.59375,58.15625,,242.00189208984375,,,,,,
7159,569.5240939000005,-47.03125,-15.96875,68.0625,47.03125,,242.00189208984375,,,,,,
7160,569.6080122000003,-8.578125,-8.7421875,18.640625,8.578125,,242.00189208984375,,6.224510192871094,0.2935025095939636,5.8326945304870605,6.175344467163086,6.762986183166504
7161,569.6847198000005,-48.0,-12.203125,31.71875,48.0,,242.00189208984375,,,,,,
7162,569.7620230000002,-102.125,-15.25,98.0,102.125,,242.00189208984375,,,,,,
7163,569.8397520000008,-67.8125,-26.546875,57.0625,67.8125,,242.00189208984375,,,,,,
7164,569.9161129000004,74.0,-23.5625,-28.625,-74.0,,242.00189208984375,,,,,,
7165,569.9924607000003,33.28125,-29.234375,-1.498046875,-33.28125,,242.00189208984375,,,,,,
7166,570.068843,48.25,-0.0625,-43.78125,-48.25,,242.00189208984375,,,,,,
7167,570.1473048000007,76.125,-25.28125,-43.21875,-76.125,,242.00189208984375,,,,,,
7168,570.2246565000005,-8.75,-15.203125,16.5625,8.75,,242.00189208984375,,,,,,
7169,570.3008815000003,-16.96875,-41.8125,80.25,16.96875,,242.00189208984375,,,,,,
7170,570.3786061999999,-15.890625,-2.71875,56.75,15.890625,,242.00189208984375,,,,,,
7171,570.4557471000007,0.166748046875,-26.1875,39.1875,-0.166748046875,,242.00189208984375,,,,,,
7172,570.5326372,-15.515625,-16.46875,29.546875,15.515625,,242.00189208984375,,,,,,
7173,570.6094688000003,-11.921875,-9.9453125,25.71875,11.921875,,242.00189208984375,,,,,,
7174,570.6884473,-46.71875,-28.59375,81.875,46.71875,,242.00189208984375,,,,,,
7175,570.7654191000001,-48.4375,-18.75,89.875,48.4375,,242.00189208984375,,,,,,
7176,570.8444079000001,13.734375,-14.8125,31.078125,-13.734375,,242.00189208984375,,,,,,
7177,570.9223928000001,-31.8125,-25.84375,60.125,31.8125,,242.00189208984375,,,,,,
7178,571.0012137000003,-5.9296875,8.53125,-13.3671875,5.9296875,,242.00189208984375,,,,,,
7179,571.0787101000005,-75.5,-10.125,89.375,75.5,,242.00189208984375,,,,,,
7180,571.1615761000003,-108.75,-4.5,74.625,108.75,,242.00189208984375,,6.2976484298706055,0.2400377243757248,5.946135997772217,6.308575630187988,6.6490678787231445
7181,571.2407272999999,-67.625,-15.625,80.75,67.625,,242.00189208984375,,,,,,
7182,571.3216632000003,-77.125,-18.75,96.75,77.125,,242.00189208984375,,,,,,
7183,571.3996929000004,65.3125,-20.015625,-1.4384765625,-65.3125,,242.00189208984375,,,,,,
7184,571.4760231,14.1328125,-14.84375,-28.125,-14.1328125,,242.00189208984375,,,,,,
7185,571.5537670000003,65.75,-17.3125,-67.375,-65.75,,242.00189208984375,,,,,,
7186,571.6298207,90.1875,-10.09375,-54.09375,-90.1875,,242.00189208984375,,,,,,
7187,571.7076666000003,-14.4296875,-13.1484375,-7.8515625,14.4296875,,242.00189208984375,,,,,,
7188,571.7849426000002,6.67578125,-29.5625,78.375,-6.67578125,,242.00189208984375,,,,,,
7189,571.8632545,-29.984375,-72.125,116.0,29.984375,,242.00189208984375,,,,,,
7190,571.9402887000006,-85.3125,-10.5,104.625,85.3125,,242.00189208984375,,,,,,
7191,572.0193558999999,-127.125,-25.6875,130.375,127.125,,242.00189208984375,,,,,,
7192,572.0972510000001,-96.9375,-14.8125,127.75,96.9375,,242.00189208984375,,,,,,
7193,572.1730211000004,-26.1875,-14.0625,86.0,26.1875,,242.00189208984375,,,,,,
7194,572.2522660000004,-3.3203125,-19.140625,37.96875,3.3203125,,242.00189208984375,,,,,,
7195,572.3310873999999,-82.0625,-29.71875,76.8125,82.0625,,242.00189208984375,,,,,,
7196,572.4066575000006,-1.4658203125,-0.96875,47.75,1.4658203125,,242.00189208984375,,,,,,
7197,572.4829892000007,29.78125,-15.53125,-38.0,-29.78125,,242.00189208984375,,,,,,
7198,572.5594741000004,-13.7265625,-12.546875,3.919921875,13.7265625,,242.00189208984375,,,,,,
7199,572.6370883,38.65625,-19.390625,3.54296875,-38.65625,,242.00189208984375,,,,,,
7200,572.7191101000008,79.5,-21.4375,-75.9375,-79.5,,242.00189208984375,,7.895819664001465,0.553013265132904,7.177075386047363,7.751972198486328,8.91597843170166
7201,572.8006457000001,122.3125,-21.6875,-83.5,-122.3125,,242.00189208984375,,,,,,
7202,572.8775865000007,49.6875,-18.28125,-19.875,-49.6875,,242.00189208984375,,,,,,
7203,572.9547142000001,-62.90625,-18.5625,69.8125,62.90625,,242.00189208984375,,,,,,
7204,573.0342993000004,-131.625,-37.8125,145.625,131.625,,242.00189208984375,,,,,,
7205,573.1124053000003,-135.0,10.8125,115.5,135.0,,242.00189208984375,,,,,,
7206,573.1907877000003,-62.96875,-28.25,141.875,62.96875,,242.00189208984375,,,,,,
7207,573.2728442000007,-0.25439453125,-22.78125,55.4375,0.25439453125,,242.00189208984375,,,,,,
7208,573.3496297000002,57.75,-21.0,-35.5625,-57.75,,242.00189208984375,,,,,,
7209,573.4268093999999,4.63671875,-25.84375,28.375,-4.63671875,,242.00189208984375,,,,,,
7210,573.5046579,111.125,-21.84375,-35.59375,-111.125,,242.00189208984375,,,,,,
7211,573.5821732000004,54.40625,-30.4375,-64.8125,-54.40625,,242.00189208984375,,,,,,
7212,573.6583880000007,-36.375,-5.1875,8.546875,36.375,,242.00189208984375,,,,,,
7213,573.7357123000002,-24.5,-39.8125,76.375,24.5,,242.00189208984375,,,,,,
7214,573.81142,-45.15625,-18.59375,63.125,45.15625,,242.00189208984375,,,,,,
7215,573.8911441,-86.8125,-7.4375,80.375,86.8125,,242.00189208984375,,,,,,
7216,573.9694161000007,6.65625,-14.1328125,28.453125,-6.65625,,242.00189208984375,,,,,,
7217,574.0555086000004,-65.0,-17.5,90.0625,65.0,,242.00189208984375,,,,,,
7218,574.1384579000005,-68.125,-13.125,117.5625,68.125,,242.00189208984375,,,,,,
7219,574.2149316000005,-17.265625,3.3046875,1.0595703125,17.265625,,242.00189208984375,,,,,,
7220,574.2975089000001,5.3828125,26.609375,-25.859375,-5.3828125,,242.00189208984375,,8.030216217041016,0.6373012661933899,7.157479763031006,7.912741661071777,9.19364070892334
7221,574.3753304000002,-19.21875,-3.015625,27.515625,19.21875,,242.00189208984375,,,,,,
7222,574.4529995000003,-0.2359619140625,-0.953125,24.796875,0.2359619140625,,242.00189208984375,,,,,,
7223,574.5305818000006,49.65625,-15.7890625,-0.145263671875,-49.65625,,242.00189208984375,,,,,,
7224,574.6063514000007,-14.09375,-20.140625,20.390625,14.09375,,242.00189208984375,,,,,,
7225,574.6850398000006,-82.625,-9.5625,61.8125,82.625,,242.00189208984375,,,,,,
7226,574.7636683000001,-43.21875,-16.78125,70.25,43.21875,,242.00189208984375,,,,,,
7227,574.8399301,-52.5,-19.875,73.5,52.5,,242.00189208984375,,,,,,
7228,574.9180308000005,-56.0,-20.4375,79.6875,56.0,,242.00189208984375,,,,,,
7229,574.9966272000001,-3.88671875,-20.296875,46.8125,3.88671875,,242.00189208984375,,,,,,
7230,575.0744057000002,18.65625,-26.015625,-13.265625,-18.65625,,242.00189208984375,,,,,,
7231,575.1507132000006,12.078125,-31.46875,54.15625,-12.078125,,242.00189208984375,,,,,,
7232,575.2288480000007,18.15625,-22.484375,-2.736328125,-18.15625,,242.00189208984375,,,,,,
7233,575.3060522000005,-16.5625,-6.0390625,20.484375,16.5625,,242.00189208984375,,,,,,
7234,575.3836894000005,-45.25,-39.25,89.25,45.25,,242.00189208984375,,,,,,
7235,575.4613116999999,-59.5625,11.0,47.40625,59.5625,,242.00189208984375,,,,,,
7236,575.5400267000005,-20.640625,-9.421875,37.78125,20.640625,,242.00189208984375,,,,,,
7237,575.6184656000005,-40.5,-14.75,71.0,40.5,,242.00189208984375,,,,,,
7238,575.6959161000004,35.1875,-29.375,37.15625,-35.1875,,242.00189208984375,,,,,,
7239,575.7738881000005,-33.53125,-13.0625,10.1171875,33.53125,,242.00189208984375,,,,,,
7240,575.8596955000003,-27.25,-13.59375,37.9375,27.25,,242.00189208984375,,6.359057903289795,0.23576050996780396,6.0675506591796875,6.3342132568359375,6.793555736541748
7241,575.9371680000004,37.46875,-12.75,-28.1875,-37.46875,,242.00189208984375,,,,,,
7242,576.0149986000006,39.59375,-24.265625,-28.046875,-39.59375,,242.00189208984375,,,,,,
7243,576.0931505000008,-25.25,-12.984375,37.625,25.25,,242.00189208984375,,,,,,
7244,576.1824629000002,-104.375,-13.25,114.25,104.375,,242.00189208984375,,,,,,
7245,576.2670873000006,-61.65625,-15.75,122.375,61.65625,,242.00189208984375,,,,,,
7246,576.3467039000006,35.03125,-33.96875,46.96875,-35.03125,,242.00189208984375,,,,,,
7247,576.4245200000005,-45.125,25.84375,-9.1171875,45.125,,242.00189208984375,,,,,,
7248,576.5027520000003,-44.1875,1.46875,11.3828125,44.1875,,242.00189208984375,,,,,,
7249,576.5804529000006,-86.375,-15.0,100.875,86.375,,242.00189208984375,,,,,,
7250,576.6579556000006,-32.375,-14.5625,67.4375,32.375,,242.00189208984375,,,,,,
7251,576.7361823000001,31.546875,-3.22265625,-1.0283203125,-31.546875,,242.00189208984375,,,,,,
7252,576.8128561000003,63.96875,-23.125,-63.1875,-63.96875,,242.00189208984375,,,,,,
7253,576.8902856000004,33.03125,-15.34375,-29.625,-33.03125,,242.00189208984375,,,,,,
7254,576.9677179,77.125,-25.78125,-48.15625,-77.125,,242.00189208984375,,,,,,
7255,577.0486650000003,-2.7109375,-7.61328125,7.890625,2.7109375,,242.00189208984375,,,,,,
7256,577.1264391000004,-89.875,-21.5625,90.125,89.875,,242.00189208984375,,,,,,
7257,577.2062437000004,-80.5625,-21.4375,110.0625,80.5625,,242.00189208984375,,,,,,
7258,577.2833166,-118.875,-20.25,145.75,118.875,,242.00189208984375,,,,,,
7259,577.3623018000008,-54.25,8.6875,94.25,54.25,,242.00189208984375,,,,,,
7260,577.4461709000007,-11.4140625,-18.421875,34.78125,11.4140625,,242.00189208984375,,7.407039642333984,0.3732728064060211,6.891106128692627,7.408943176269531,8.000142097473145
7261,577.5255844000003,20.65625,-31.890625,29.90625,-20.65625,,242.00189208984375,,,,,,
7262,577.6048155000008,-26.203125,-25.25,54.75,26.203125,,242.00189208984375,,,,,,
7263,577.6800208000004,63.0625,-20.3125,-28.71875,-63.0625,,242.00189208984375,,,,,,
7264,577.7569055000004,-7.3984375,-16.8125,32.0,7.3984375,,242.00189208984375,,,,,,
7265,577.8338647999999,27.421875,-23.71875,52.6875,-27.421875,,242.00189208984375,,,,,,
7266,577.9112602000005,-39.875,-30.5,57.90625,39.875,,242.00189208984375,,,,,,
7267,577.9882744000006,-84.6875,-18.6875,112.625,84.6875,,242.00189208984375,,,,,,
7268,578.0667556000008,-124.5,-7.625,143.875,124.5,,242.00189208984375,,,,,,
7269,578.1447871,-1.9833984375,-49.1875,45.59375,1.9833984375,,242.00189208984375,,,,,,
7270,578.2225530000005,-90.875,-0.34375,61.75,90.875,,242.00189208984375,,,,,,
7271,578.3006714000003,108.375,-25.375,-60.25,-108.375,,242.00189208984375,,,,,,
7272,578.3783014,18.90625,-12.359375,-21.265625,-18.90625,,242.00189208984375,,,,,,
7273,578.4563636000003,-25.0,-30.796875,41.84375,25.0,,242.00189208984375,,,,,,
7274,578.5347357,0.376953125,-20.8125,25.25,-0.376953125,,242.00189208984375,,,,,,
7275,578.6122093000004,50.6875,-9.71875,-26.4375,-50.6875,,242.00189208984375,,,,,,
7276,578.6915981000002,49.59375,-20.03125,-47.90625,-49.59375,,242.00189208984375,,,,,,
7277,578.7709884000005,23.40625,-22.59375,-7.59765625,-23.40625,,242.00189208984375,,,,,,
7278,578.8484208,17.484375,-31.40625,34.5,-17.484375,,242.00189208984375,,,,,,
7279,578.9240681000001,-92.3125,-13.875,91.75,92.3125,,242.00189208984375,,,,,,
7280,579.0073981000005,-86.1875,-18.53125,66.5625,86.1875,,242.00189208984375,,7.687793254852295,0.21851849555969238,7.3795166015625,7.645339012145996,8.047499656677246
7281,579.0865647999999,-83.5625,-44.5,152.625,83.5625,,242.00189208984375,,,,,,
7282,579.1659612000003,-92.25,-7.875,142.125,92.25,,242.00189208984375,,,,,,
7283,579.2423994000001,-21.828125,-22.53125,55.5,21.828125,,242.00189208984375,,,,,,
7284,579.3202423000002,51.5,-22.21875,2.0390625,-51.5,,242.00189208984375,,,,,,
7285,579.3970882000003,-40.03125,-12.96875,54.75,40.03125,,242.00189208984375,,,,,,
7286,579.4752690000005,-0.72216796875,-24.765625,28.609375,0.72216796875,,242.00189208984375,,,,,,
7287,579.5524926000007,65.0,-8.875,-77.125,-65.0,,242.00189208984375,,,,,,
7288,579.6290503,90.125,-16.3125,-75.9375,-90.125,,242.00189208984375,,,,,,
7289,579.7061534000004,34.375,-33.71875,-57.84375,-34.375,,242.00189208984375,,,,,,
7290,579.7833091000002,-4.21875,1.4765625,-16.640625,4.21875,,242.00189208984375,,,,,,
7291,579.8595925,-25.203125,-19.25,46.90625,25.203125,,242.00189208984375,,,,,,
7292,579.9359021999999,-14.8671875,-16.6875,53.28125,14.8671875,,242.00189208984375,,,,,,
7293,580.0130837000006,-38.0,-13.71875,49.6875,38.0,,242.00189208984375,,,,,,
7294,580.0894323000002,-9.5625,-13.4296875,11.328125,9.5625,,242.00189208984375,,,,,,
7295,580.1689943000001,-32.0625,-27.84375,61.59375,32.0625,,242.00189208984375,,,,,,
7296,580.2442627,73.625,-20.84375,-54.40625,-73.625,,242.00189208984375,,,,,,
7297,580.3232601,-43.75,-33.96875,62.625,43.75,,242.00189208984375,,,,,,
7298,580.4000854000005,-174.25,-6.25,188.375,174.25,,242.00189208984375,,,,,,
7299,580.4771980000005,-97.75,-32.0,151.75,97.75,,242.00189208984375,,,,,,
7300,580.5603281000003,-58.90625,-3.75,108.9375,58.90625,,242.00189208984375,,9.607230186462402,1.0633373260498047,7.529053211212158,9.778560638427734,11.026228904724121
7301,580.6396428000007,-124.9375,-9.375,149.5,124.9375,,242.00189208984375,,,,,,
7302,580.7166872000007,-31.578125,-17.375,77.625,31.578125,,242.00189208984375,,,,,,
7303,580.7938549,83.4375,-22.96875,-52.84375,-83.4375,,242.00189208984375,,,,,,
7304,580.8735739000003,68.5,-38.3125,-11.5390625,-68.5,,242.00189208984375,,,,,,
7305,580.9528475000006,6.70703125,-33.375,57.125,-6.70703125,,242.00189208984375,,,,,,
7306,581.0296336000001,-31.609375,5.1171875,11.1953125,31.609375,,242.00189208984375,,,,,,
7307,581.1076869000008,-38.625,-25.078125,44.84375,38.625,,242.00189208984375,,,,,,
7308,581.1846070000001,14.1328125,-19.0,59.6875,-14.1328125,,242.00189208984375,,,,,,
7309,581.2652307000008,92.5,-17.3125,-70.0625,-92.5,,242.00189208984375,,,,,,
7310,581.3438403,88.6875,-15.625,-65.125,-88.6875,,242.00189208984375,,,,,,
7311,581.4204927999999,33.0625,-17.15625,-33.28125,-33.0625,,242.00189208984375,,,,,,
7312,581.4969534000002,41.3125,-27.1875,-10.34375,-41.3125,,242.00189208984375,,,,,,
7313,581.5760095000005,-24.515625,-19.5625,61.78125,24.515625,,242.00189208984375,,,,,,
7314,581.6589887,-98.875,-23.375,91.375,98.875,,242.00189208984375,,,,,,
7315,581.7382031000006,-8.1328125,-25.1875,60.0,8.1328125,,242.00189208984375,,,,,,
7316,581.8191459,-51.8125,-16.25,96.625,51.8125,,242.00189208984375,,,,,,
7317,581.8974393000008,-10.421875,-28.5625,39.28125,10.421875,,242.00189208984375,,,,,,
7318,581.9748305000003,-16.109375,4.015625,0.89306640625,16.109375,,242.00189208984375,,,,,,
7319,582.0522497000002,29.828125,-28.4375,-3.361328125,-29.828125,,242.00189208984375,,,,,,
7320,582.1353670000008,10.09375,-10.4296875,20.28125,-10.09375,,242.00189208984375,,8.1561918258667,0.3363921046257019,7.545948505401611,8.229942321777344,8.58056640625
7321,582.2193700000007,-48.96875,0.921875,14.71875,48.96875,,242.00189208984375,,,,,,
7322,582.3075159,-96.125,-34.8125,146.375,96.125,,242.00189208984375,,,,,,
7323,582.3859664000001,-118.9375,-34.5625,139.75,118.9375,,242.00189208984375,,,,,,
7324,582.4628029000005,-137.75,1.625,109.75,137.75,,242.00189208984375,,,,,,
7325,582.5391100000006,13.6328125,-14.8125,80.125,-13.6328125,,242.00189208984375,,,,,,
7326,582.6148306000005,46.0625,-6.8125,-38.28125,-46.0625,,242.00189208984375,,,,,,
7327,582.6905198000004,26.125,-11.90625,-23.40625,-26.125,,242.00189208984375,,,,,,
7328,582.7660771999999,-18.796875,-36.25,18.40625,18.796875,,242.00189208984375,,,,,,
7329,582.8433782000002,-69.25,-17.9375,120.5,69.25,,242.00189208984375,,,,,,
7330,582.9207675000007,-40.15625,-9.90625,62.28125,40.15625,,242.00189208984375,,,,,,
7331,582.9981480000006,-11.78125,-26.015625,57.65625,11.78125,,242.00189208984375,,,,,,
7332,583.0744303000001,42.59375,-15.5390625,0.22998046875,-42.59375,,242.00189208984375,,,,,,
7333,583.1528853,80.1875,-50.9375,-0.2548828125,-80.1875,,242.00189208984375,,,,,,
7334,583.2294426000008,5.55078125,-5.109375,-22.71875,-5.55078125,,242.00189208984375,,,,,,
7335,583.3061535000006,-51.625,-13.25,47.0625,51.625,,242.00189208984375,,,,,,
7336,583.3840218000005,-104.375,-7.875,90.5625,104.375,,242.00189208984375,,,,,,
7337,583.4631692000003,-112.625,-15.75,135.375,112.625,,242.00189208984375,,,,,,
7338,583.5417678000003,-134.875,-18.25,185.375,134.875,,242.00189208984375,,,,,,
7339,583.6196840000002,-84.1875,-12.1875,109.0625,84.1875,,242.00189208984375,,,,,,
7340,583.7033815000004,-95.0625,-15.625,131.75,95.0625,,242.00189208984375,,6.3900065422058105,0.2468489110469818,6.0560832023620605,6.359706878662109,6.824057102203369
7341,583.7799637000007,-87.9375,-15.875,124.1875,87.9375,,242.00189208984375,,,,,,
7342,583.8568582000007,30.953125,-34.125,38.625,-30.953125,,242.00189208984375,,,,,,
7343,583.9359512999999,93.8125,-22.890625,-9.140625,-93.8125,,242.00189208984375,,,,,,
7344,584.0126339000008,25.46875,-35.4375,3.56640625,-25.46875,,242.00189208984375,,,,,,
7345,584.0885639000007,29.8125,-25.0625,22.109375,-29.8125,,242.00189208984375,,,,,,
7346,584.1665423000004,-54.1875,1.234375,26.703125,54.1875,,242.00189208984375,,,,,,
7347,584.2442547,-28.796875,-30.21875,26.171875,28.796875,,242.00189208984375,,,,,,
7348,584.3227278000004,-41.4375,-11.75,55.09375,41.4375,,242.00189208984375,,,,,,
7349,584.4017008999999,-8.8515625,-8.8125,77.625,8.8515625,,242.00189208984375,,,,,,
7350,584.4799913000006,52.71875,-20.375,-11.1328125,-52.71875,,242.00189208984375,,,,,,
7351,584.5583219,-55.0625,-7.65625,29.921875,55.0625,,242.00189208984375,,,,,,
7352,584.6356103000007,-48.375,-7.453125,9.109375,48.375,,242.00189208984375,,,,,,
7353,584.7119431000001,-60.34375,-6.6875,100.375,60.34375,,242.00189208984375,,,,,,
7354,584.7887028000005,-75.5,-24.46875,78.75,75.5,,242.00189208984375,,,,,,
7355,584.8661181000007,59.65625,-23.875,-2.302734375,-59.65625,,242.00189208984375,,,,,,
7356,584.9444409000007,76.6875,-27.34375,-55.15625,-76.6875,,242.00189208984375,,,,,,
7357,585.0215011999999,48.5625,1.4375,-72.125,-48.5625,,242.00189208984375,,,,,,
7358,585.0974735,-30.0625,-18.4375,45.75,30.0625,,242.00189208984375,,,,,,
7359,585.1759071000006,-80.0,-17.3125,63.6875,80.0,,242.00189208984375,,,,,,
7360,585.2580754999999,-72.375,-21.40625,85.0,72.375,,242.00189208984375,,6.959643840789795,0.2889113426208496,6.528563499450684,6.931554317474365,7.433773994445801
7361,585.3411986000001,-122.75,-13.6875,104.4375,122.75,,242.00189208984375,,,,,,
7362,585.4170524000001,-145.75,-24.25,165.75,145.75,,242.00189208984375,,,,,,
7363,585.4949612,-84.9375,-16.4375,109.75,84.9375,,242.00189208984375,,,,,,
7364,585.5731490000007,-16.296875,-30.25,64.625,16.296875,,242.00189208984375,,,,,,
7365,585.6520730000002,-3.6484375,-18.9375,42.65625,3.6484375,,242.00189208984375,,,,,,
7366,585.7355239000008,-32.40625,-8.578125,-11.703125,32.40625,,242.00189208984375,,,,,,
7367,585.8398689000005,37.15625,-25.40625,20.8125,-37.15625,,242.00189208984375,,,,,,
7368,585.9168724000001,39.15625,-4.09375,-17.390625,-39.15625,,242.00189208984375,,,,,,
7369,585.9933129000001,48.6875,-17.75,-32.09375,-48.6875,,242.00189208984375,,,,,,
7370,586.0731992999999,53.65625,-25.171875,13.6640625,-53.65625,,242.00189208984375,,,,,,
7371,586.1524973000005,-64.6875,-19.5625,50.34375,64.6875,,242.00189208984375,,,,,,
7372,586.2283033000003,-112.1875,-21.5,132.125,112.1875,,242.00189208984375,,,,,,
7373,586.3050688000003,-125.375,-6.4375,133.125,125.375,,242.00189208984375,,,,,,
7374,586.3851959000003,-142.375,-27.125,148.375,142.375,,242.00189208984375,,,,,,
7375,586.4617757000005,-44.3125,-25.15625,84.8125,44.3125,,242.00189208984375,,,,,,
7376,586.5397097000005,59.03125,-5.859375,-28.828125,-59.03125,,242.00189208984375,,,,,,
7377,586.6155191000007,37.5,-38.625,-9.484375,-37.5,,242.00189208984375,,,,,,
7378,586.6930183000004,40.15625,-15.578125,-27.140625,-40.15625,,242.00189208984375,,,,,,
7379,586.7709149000002,79.6875,-9.5,-70.8125,-79.6875,,242.00189208984375,,,,,,
7380,586.854515,29.265625,-14.96875,-27.4375,-29.265625,,242.00189208984375,,6.917158126831055,0.4532582759857178,6.395555019378662,6.822624206542969,7.736761093139648
7381,586.9313384000006,19.40625,-16.3125,6.83203125,-19.40625,,242.00189208984375,,,,,,
7382,587.0087952000003,-55.96875,-34.1875,36.46875,55.96875,,242.00189208984375,,,,,,
7383,587.0863316000004,-28.953125,-8.03125,53.5625,28.953125,,242.00189208984375,,,,,,
7384,587.1649958000007,15.2734375,-3.375,50.46875,-15.2734375,,242.00189208984375,,,,,,
7385,587.2422498000005,-77.1875,-13.453125,36.875,77.1875,,242.00189208984375,,,,,,
7386,587.3202904,-17.640625,-10.078125,27.359375,17.640625,,242.00189208984375,,,,,,
7387,587.3983966000005,-32.9375,-17.40625,40.90625,32.9375,,242.00189208984375,,,,,,
7388,587.4777505000002,-69.25,-17.0625,82.8125,69.25,,242.00189208984375,,,,,,
7389,587.5538475000003,-41.15625,-22.125,95.875,41.15625,,242.00189208984375,,,,,,
7390,587.6323525000007,-108.0,-12.1875,126.375,108.0,,242.00189208984375,,,,,,
7391,587.7100705000003,-107.8125,-11.25,119.8125,107.8125,,242.00189208984375,,,,,,
7392,587.7891027000005,-25.609375,-15.8125,54.46875,25.609375,,242.00189208984375,,,,,,
7393,587.8676505000003,28.28125,-4.390625,-15.578125,-28.28125,,242.00189208984375,,,,,,
7394,587.9486106000004,94.125,-13.75,-70.75,-94.125,,242.00189208984375,,,,,,
7395,588.0241209000005,61.28125,-13.53125,-40.25,-61.28125,,242.00189208984375,,,,,,
7396,588.1035322000007,13.1328125,-11.53125,-32.9375,-13.1328125,,242.00189208984375,,,,,,
7397,588.1821166,-25.234375,1.03125,62.125,25.234375,,242.00189208984375,,,,,,
7398,588.2598318999999,-86.4375,-21.125,104.125,86.4375,,242.00189208984375,,,,,,
7399,588.3370361000007,47.0625,-26.359375,12.0625,-47.0625,,242.00189208984375,,,,,,
7400,588.4205209000002,81.5625,-20.875,-65.3125,-81.5625,,242.00189208984375,,7.370741367340088,0.3404243290424347,7.093897819519043,7.350044250488281,7.8118720054626465
7401,588.4978611000006,-14.359375,-16.375,14.875,14.359375,,242.00189208984375,,,,,,
7402,588.5759032000005,-145.375,-25.3125,139.625,145.375,,242.00189208984375,,,,,,
7403,588.6521327,-118.8125,-21.0625,126.75,118.8125,,242.00189208984375,,,,,,
7404,588.7299127000006,-57.625,-24.25,103.875,57.625,,242.00189208984375,,,,,,
7405,588.807213,33.125,-20.484375,-17.328125,-33.125,,242.00189208984375,,,,,,
7406,588.8855194000007,99.5625,-21.6875,-87.6875,-99.5625,,242.00189208984375,,,,,,
7407,588.9624223000001,21.953125,-18.84375,-31.96875,-21.953125,,242.00189208984375,,,,,,
7408,589.0417706000007,-35.34375,17.46875,-5.640625,35.34375,,242.00189208984375,,,,,,
7409,589.1205409000004,-36.21875,-24.40625,77.0,36.21875,,242.00189208984375,,,,,,
7410,589.1986667000001,-53.8125,-20.5,100.625,53.8125,,242.00189208984375,,,,,,
7411,589.2751103999999,-45.9375,-25.65625,80.5,45.9375,,242.00189208984375,,,,,,
7412,589.3510352000003,-83.0,-19.375,97.5625,83.0,,242.00189208984375,,,,,,
7413,589.4307061,31.625,-19.75,-5.8203125,-31.625,,242.00189208984375,,,,,,
7414,589.5079117000005,25.625,-18.53125,-8.3515625,-25.625,,242.00189208984375,,,,,,
7415,589.5884900000001,49.28125,-18.265625,-9.328125,-49.28125,,242.00189208984375,,,,,,
7416,589.6666611,-13.328125,-11.65625,-31.21875,13.328125,,242.00189208984375,,,,,,
7417,589.7434327999999,-60.0625,-23.09375,69.125,60.0625,,242.00189208984375,,,,,,
7418,589.8228373000002,-75.0,-29.625,101.0625,75.0,,242.00189208984375,,,,,,
7419,589.8991045000002,-115.1875,-23.125,164.625,115.1875,,242.00189208984375,,,,,,
7420,589.9821463000007,-147.125,12.25,147.625,147.125,,242.00189208984375,,7.664175987243652,0.8079548478126526,6.403083324432373,7.728328704833984,9.018192291259766
7421,590.0603927000002,-38.71875,-50.6875,130.375,38.71875,,242.00189208984375,,,,,,
7422,590.1378605,-37.34375,-22.25,82.9375,37.34375,,242.00189208984375,,,,,,
7423,590.2146896000004,-16.78125,-13.59375,40.03125,16.78125,,242.00189208984375,,,,,,
7424,590.2923693000002,33.0625,-5.140625,-31.984375,-33.0625,,242.00189208984375,,,,,,
7425,590.3721216000004,46.71875,-16.25,-55.75,-46.71875,,242.00189208984375,,,,,,
7426,590.449302,58.21875,-14.84375,-46.65625,-58.21875,,242.00189208984375,,,,,,
7427,590.5276096000007,27.28125,-14.203125,-23.546875,-27.28125,,242.00189208984375,,,,,,
7428,590.6025538000004,56.4375,-16.34375,-39.84375,-56.4375,,242.00189208984375,,,,,,
7429,590.6802686000001,15.140625,-14.9375,-9.15625,-15.140625,,242.00189208984375,,,,,,
7430,590.7589305000001,-45.6875,-17.875,67.375,45.6875,,242.00189208984375,,,,,,
7431,590.8376189999999,-68.9375,-16.5625,106.5,68.9375,,242.00189208984375,,,,,,
7432,590.9147493999999,-66.5,-34.78125,98.5625,66.5,,242.00189208984375,,,,,,
7433,590.9922931000001,-135.5,-27.5,167.5,135.5,,242.00189208984375,,,,,,
7434,591.0712735000006,-50.3125,-18.5625,110.8125,50.3125,,242.00189208984375,,,,,,
7435,591.1480483000005,18.71875,-53.0,31.359375,-18.71875,,242.00189208984375,,,,,,
7436,591.2277535000003,-80.625,-12.3125,93.0625,80.625,,242.00189208984375,,,,,,
7437,591.3043806000005,-21.53125,-24.71875,17.984375,21.53125,,242.00189208984375,,,,,,
7438,591.3812314000006,-34.5625,-54.09375,52.6875,34.5625,,242.00189208984375,,,,,,
7439,591.4606641,-78.0625,-20.875,83.375,78.0625,,242.00189208984375,,,,,,
7440,591.5436875000005,-81.9375,40.59375,62.53125,81.9375,,242.00189208984375,,8.177993774414062,0.7457415461540222,6.9565606117248535,8.351289749145508,9.25079345703125
7441,591.6194344000005,20.828125,-24.625,33.15625,-20.828125,,242.00189208984375,,,,,,
7442,591.6988331000002,43.03125,1.375,-25.203125,-43.03125,,242.00189208984375,,,,,,
7443,591.7756587000003,2.63671875,-28.3125,-13.90625,-2.63671875,,242.00189208984375,,,,,,
7444,591.8515907000001,6.76953125,-15.4140625,22.671875,-6.76953125,,242.00189208984375,,,,,,
7445,591.9279731000006,90.5625,-36.15625,-37.40625,-90.5625,,242.00189208984375,,,,,,
7446,592.0050598000007,40.65625,-32.15625,5.15234375,-40.65625,,242.00189208984375,,,,,,
7447,592.0809460999999,65.0,-13.625,-44.46875,-65.0,,242.00189208984375,,,,,,
7448,592.1586617000003,44.28125,-17.0625,-52.0625,-44.28125,,242.00189208984375,,,,,,
7449,592.2361252000001,8.484375,-21.734375,-27.796875,-8.484375,,242.00189208984375,,,,,,
7450,592.3125489000004,-29.734375,-30.28125,70.5,29.734375,,242.00189208984375,,,,,,
7451,592.3973798000006,-89.4375,2.3125,80.625,89.4375,,242.00189208984375,,,,,,
7452,592.4743120000003,-86.6875,-26.75,74.6875,86.6875,,242.00189208984375,,,,,,
7453,592.5513354000004,-103.8125,-23.0625,136.0,103.8125,,242.00189208984375,,,,,,
7454,592.6340186000007,-170.25,23.125,115.75,170.25,,242.00189208984375,,,,,,
7455,592.7200905,-132.75,-12.5,166.75,132.75,,242.00189208984375,,,,,,
7456,592.7982506000008,16.765625,-31.6875,48.90625,-16.765625,,242.00189208984375,,,,,,
7457,592.8930619000002,99.6875,-16.59375,-63.78125,-99.6875,,242.00189208984375,,,,,,
7458,592.9784857000004,97.5625,-15.875,-79.0625,-97.5625,,242.00189208984375,,,,,,
7459,593.0660228000006,11.8984375,-15.359375,-10.59375,-11.8984375,,242.00189208984375,,,,,,
7460,593.1535616000001,-19.390625,-16.65625,34.125,19.390625,,242.00189208984375,,6.205939769744873,0.2693521976470947,5.808009624481201,6.210139274597168,6.624144554138184
7461,593.2408400000004,-76.625,-5.0,97.0625,76.625,,242.00189208984375,,,,,,
7462,593.3236107000002,-143.0,-18.0625,129.125,143.0,,242.00189208984375,,,,,,
7463,593.4132724000001,-21.0625,-13.21875,64.75,21.0625,,242.00189208984375,,,,,,
7464,593.4939361000006,-31.46875,-3.3125,59.9375,31.46875,,242.00189208984375,,,,,,
7465,593.5733506000006,-1.3115234375,-10.6875,52.8125,1.3115234375,,242.00189208984375,,,,,,
7466,593.6531965000004,-23.21875,-15.5625,48.25,23.21875,,242.00189208984375,,,,,,
7467,593.7309272000002,-48.09375,-27.53125,68.25,48.09375,,242.00189208984375,,,,,,
7468,593.8089391000003,-44.625,-16.1875,53.8125,44.625,,242.00189208984375,,,,,,
7469,593.8900441000005,-41.84375,-8.6875,49.84375,41.84375,,242.00189208984375,,,,,,
7470,593.9675510000006,0.73193359375,3.25,-32.34375,-0.73193359375,,242.00189208984375,,,,,,
7471,594.0476990000006,-13.8984375,-1.46875,-42.125,13.8984375,,242.00189208984375,,,,,,
7472,594.1270898000002,31.90625,-25.578125,18.453125,-31.90625,,242.00189208984375,,,,,,
7473,594.2076860000006,49.03125,4.78125,-36.0,-49.03125,,242.00189208984375,,,,,,
7474,594.2862361000007,53.125,-18.3125,-31.0625,-53.125,,242.00189208984375,,,,,,
7475,594.3650394000006,-34.625,-34.3125,62.84375,34.625,,242.00189208984375,,,,,,
7476,594.4475240000002,-96.6875,-22.75,113.25,96.6875,,242.00189208984375,,,,,,
7477,594.5273203000006,-121.0,10.5,104.875,121.0,,242.00189208984375,,,,,,
7478,594.6052473,-42.59375,-34.8125,108.375,42.59375,,242.00189208984375,,,,,,
7479,594.6837174000002,-62.625,-26.15625,86.125,62.625,,242.00189208984375,,,,,,
7480,594.7663504000002,-22.65625,-35.1875,59.0625,22.65625,,242.00189208984375,,8.953961372375488,0.733665406703949,7.724733829498291,9.166643142700195,9.705037117004395
7481,594.8448882000002,-23.640625,-6.3125,40.34375,23.640625,,242.00189208984375,,,,,,
7482,594.9253879000007,2.23046875,-23.9375,29.78125,-2.23046875,,242.00189208984375,,,,,,
7483,595.0093949000002,17.578125,-54.21875,7.70703125,-17.578125,,242.00189208984375,,,,,,
7484,595.0924985000001,18.234375,-36.34375,-0.027679443359375,-18.234375,,242.00189208984375,,,,,,
7485,595.1777184000002,78.8125,-25.25,-85.125,-78.8125,,242.00189208984375,,,,,,
7486,595.2643186000005,27.265625,1.625,-45.375,-27.265625,,242.00189208984375,,,,,,
7487,595.3437006000004,-25.265625,-37.0625,70.0,25.265625,,242.00189208984375,,,,,,
7488,595.4240396000005,-133.0,-8.0,85.0,133.0,,242.00189208984375,,,,,,
7489,595.5058152000001,-98.4375,-6.0625,122.75,98.4375,,242.00189208984375,,,,,,
7490,595.5834649000008,-56.0,-47.6875,104.6875,56.0,,242.00189208984375,,,,,,
7491,595.6648449000004,-37.71875,1.65625,61.46875,37.71875,,242.00189208984375,,,,,,
7492,595.7428806000007,50.5,-17.4375,0.580078125,-50.5,,242.00189208984375,,,,,,
7493,595.8225161999999,65.25,-70.75,-24.578125,-65.25,,242.00189208984375,,,,,,
7494,595.9007899000007,-36.6875,-32.8125,88.4375,36.6875,,242.00189208984375,,,,,,
7495,595.9797818000006,-87.25,-2.4375,37.625,87.25,,242.00189208984375,,,,,,
7496,596.0605346000002,-57.0625,-24.125,88.1875,57.0625,,242.00189208984375,,,,,,
7497,596.1383634000003,-60.5625,-44.0,88.5,60.5625,,242.00189208984375,,,,,,
7498,596.2178058,-44.40625,-13.78125,64.0,44.40625,,242.00189208984375,,,,,,
7499,596.2966506000002,18.8125,-21.59375,-3.02734375,-18.8125,,242.00189208984375,,,,,,
7500,596.5512834000001,-42.1875,-22.5,58.9375,42.1875,,248.60289001464844,,6.7084527015686035,0.23258985579013824,6.342874526977539,6.708191871643066,7.0965681076049805
7501,596.6389712,15.359375,-16.34375,6.1640625,-15.359375,,248.60289001464844,,,,,,
7502,596.7251819000003,104.875,-20.9375,-78.1875,-104.875,,248.60289001464844,,,,,,
7503,596.8038807000003,15.4296875,-59.4375,35.78125,-15.4296875,,248.60289001464844,,,,,,
7504,596.8802876,-56.15625,-8.5625,51.34375,56.15625,,248.60289001464844,,,,,,
7505,596.9603969,-113.8125,-16.8125,111.6875,113.8125,,248.60289001464844,,,,,,
7506,597.0366004000007,-60.25,-31.9375,100.5625,60.25,,248.60289001464844,,,,,,
7507,597.1145081000004,-114.625,-53.0,155.25,114.625,,248.60289001464844,,,,,,
7508,597.1895828000006,-148.25,20.3125,127.9375,148.25,,248.60289001464844,,,,,,
7509,597.2659905,29.09375,-27.734375,21.1875,-29.09375,,248.60289001464844,,,,,,
7510,597.3446633000003,4.62890625,-19.46875,-3.529296875,-4.62890625,,248.60289001464844,,,,,,
7511,597.4261065999999,-45.75,-30.25,78.4375,45.75,,248.60289001464844,,,,,,
7512,597.5048853000008,-40.625,-12.03125,71.5625,40.625,,248.60289001464844,,,,,,
7513,597.5830286999999,-36.34375,-15.75,35.1875,36.34375,,248.60289001464844,,,,,,
7514,597.6602686000006,48.78125,-28.515625,-7.515625,-48.78125,,248.60289001464844,,,,,,
7515,597.7379336000004,54.75,-5.96875,-60.40625,-54.75,,248.60289001464844,,,,,,
7516,597.8160934000007,1.39453125,-8.9375,-18.0,-1.39453125,,248.60289001464844,,,,,,
7517,597.8938765000003,-28.671875,-20.03125,50.8125,28.671875,,248.60289001464844,,,,,,
7518,597.9705565000004,-67.6875,-11.8125,57.8125,67.6875,,248.60289001464844,,,,,,
7519,598.048965,-180.875,-19.375,170.625,180.875,,248.60289001464844,,,,,,
7520,598.1298477,-91.0625,-2.25,140.875,91.0625,,248.60289001464844,,6.403585433959961,0.2916702330112457,5.977334976196289,6.35569953918457,6.969851493835449
7521,598.2061131999999,-62.6875,-24.8125,108.375,62.6875,,248.60289001464844,,,,,,
7522,598.2827383000003,-75.4375,-22.0625,110.9375,75.4375,,248.60289001464844,,,,,,
7523,598.3622156000001,11.3359375,-20.109375,34.75,-11.3359375,,248.60289001464844,,,,,,
7524,598.4427268,-12.1015625,-22.515625,37.15625,12.1015625,,248.60289001464844,,,,,,
7525,598.5180060000002,-30.0625,-22.5,82.625,30.0625,,248.60289001464844,,,,,,
7526,598.5937647999999,9.5390625,-19.765625,9.8671875,-9.5390625,,248.60289001464844,,,,,,
7527,598.6718084000004,14.7421875,-13.109375,-16.015625,-14.7421875,,248.60289001464844,,,,,,
7528,598.7502474000003,80.4375,-19.1875,-54.75,-80.4375,,248.60289001464844,,,,,,
7529,598.8305436,37.5,-10.4375,-64.9375,-37.5,,248.60289001464844,,,,,,
7530,598.9075375000002,-40.03125,-15.3125,79.6875,40.03125,,248.60289001464844,,,,,,
7531,598.9851541000007,-45.75,-10.25,82.0625,45.75,,248.60289001464844,,,,,,
7532,599.0618338000004,-74.3125,-30.84375,91.4375,74.3125,,248.60289001464844,,,,,,
7533,599.1384459999999,-136.375,-7.0,138.75,136.375,,248.60289001464844,,,,,,
7534,599.2154063000007,-49.875,-20.5,94.0625,49.875,,248.60289001464844,,,,,,
7535,599.2937695999999,-45.1875,-27.53125,67.5625,45.1875,,248.60289001464844,,,,,,
7536,599.3713435,-19.375,-3.3125,11.3359375,19.375,,248.60289001464844,,,,,,
7537,599.4489950000007,-33.875,-30.96875,27.796875,33.875,,248.60289001464844,,,,,,
7538,599.5245166000004,39.03125,-17.296875,-31.796875,-39.03125,,248.60289001464844,,,,,,
7539,599.6021488000006,5.203125,-29.90625,9.6953125,-5.203125,,248.60289001464844,,,,,,
7540,599.6859529000003,-29.5,-10.8671875,-8.6328125,29.5,,248.60289001464844,,9.876709938049316,0.643943727016449,8.749547958374023,10.099925994873047,10.446934700012207
7541,599.7633800000003,-30.1875,-23.859375,50.03125,30.1875,,248.60289001464844,,,,,,
7542,599.8450416000005,-38.875,-11.421875,38.46875,38.875,,248.60289001464844,,,,,,
7543,599.9219788999999,-111.625,-11.875,95.75,111.625,,248.60289001464844,,,,,,
7544,599.9974757,-82.0,-28.1875,100.9375,82.0,,248.60289001464844,,,,,,
7545,600.0756077000005,-46.28125,-9.1875,77.1875,46.28125,,248.60289001464844,,,,,,
7546,600.1541338000006,-84.375,-12.09375,66.25,84.375,,248.60289001464844,,,,,,
7547,600.2327395000002,-2.94140625,-11.296875,3.0078125,2.94140625,,248.60289001464844,,,,,,
7548,600.3118529000003,53.5,-12.75,-47.78125,-53.5,,248.60289001464844,,,,,,
7549,600.3911695000006,134.875,-20.3125,-95.5625,-134.875,,248.60289001464844,,,,,,
7550,600.4701638000006,-19.671875,-16.09375,46.25,19.671875,,248.60289001464844,,,,,,
7551,600.5487294000004,-33.5625,-27.3125,63.875,33.5625,,248.60289001464844,,,,,,
7552,600.6253756000006,-111.75,-35.75,125.0,111.75,,248.60289001464844,,,,,,
7553,600.7035322000002,-25.890625,-13.1875,63.09375,25.890625,,248.60289001464844,,,,,,
7554,600.7821759000008,10.78125,-2.3359375,12.78125,-10.78125,,248.60289001464844,,,,,,
7555,600.8603616,-29.78125,-40.03125,50.25,29.78125,,248.60289001464844,,,,,,
7556,600.9360798000007,-92.5625,19.5625,71.25,92.5625,,248.60289001464844,,,,,,
7557,601.0127668000005,28.484375,-48.0,49.40625,-28.484375,,248.60289001464844,,,,,,
7558,601.0893583000006,3.1796875,-32.9375,35.09375,-3.1796875,,248.60289001464844,,,,,,
7559,601.1667279000003,8.453125,-11.59375,47.65625,-8.453125,,248.60289001464844,,,,,,
7560,601.2487082000007,34.8125,-32.5625,-16.375,-34.8125,,248.60289001464844,,8.028488159179688,0.6100163459777832,7.111140727996826,8.016484260559082,8.787150382995605
7561,601.3249120999999,-10.7734375,-33.0,28.765625,10.7734375,,248.60289001464844,,,,,,
7562,601.3999133000007,32.78125,-17.4375,14.75,-32.78125,,248.60289001464844,,,,,,
7563,601.4775256000003,-38.875,-9.5,68.1875,38.875,,248.60289001464844,,,,,,
7564,601.5544290000007,-66.5625,-31.46875,85.875,66.5625,,248.60289001464844,,,,,,
7565,601.6306187999999,-59.25,22.890625,6.53515625,59.25,,248.60289001464844,,,,,,
7566,601.7090499000005,-113.4375,-22.75,97.625,113.4375,,248.60289001464844,,,,,,
7567,601.7859755,-67.0,-20.6875,70.375,67.0,,248.60289001464844,,,,,,
7568,601.8644070999999,-8.7578125,-21.265625,18.84375,8.7578125,,248.60289001464844,,,,,,
7569,601.9404715999999,-4.21484375,-22.5,36.25,4.21484375,,248.60289001464844,,,,,,
7570,602.0184233,88.5625,-20.0625,-67.0,-88.5625,,248.60289001464844,,,,,,
7571,602.0951052,-14.1484375,5.5625,-68.9375,14.1484375,,248.60289001464844,,,,,,
7572,602.1729854000005,-96.0,-15.625,87.6875,96.0,,248.60289001464844,,,,,,
7573,602.2503278000004,-71.375,-8.1875,59.0625,71.375,,248.60289001464844,,,,,,
7574,602.3277502000001,-129.75,-13.375,129.0,129.75,,248.60289001464844,,,,,,
7575,602.4033681000001,-50.9375,-14.53125,67.8125,50.9375,,248.60289001464844,,,,,,
7576,602.4802134000001,27.03125,-20.96875,22.75,-27.03125,,248.60289001464844,,,,,,
7577,602.5567392000003,-18.328125,-44.71875,49.84375,18.328125,,248.60289001464844,,,,,,
7578,602.6331294000001,1.6162109375,-13.15625,35.21875,-1.6162109375,,248.60289001464844,,,,,,
7579,602.7102468000003,53.5625,-42.9375,-33.5,-53.5625,,248.60289001464844,,,,,,
7580,602.7934850000001,7.01953125,-28.703125,54.375,-7.01953125,,248.60289001464844,,7.603888511657715,0.16647832095623016,7.362681865692139,7.588942050933838,7.9136881828308105
7581,602.8694793000004,-108.8125,-6.34375,68.5625,108.8125,,248.60289001464844,,,,,,
7582,602.9472634000003,-88.8125,-33.75,117.0625,88.8125,,248.60289001464844,,,,,,
7583,603.0236648999999,-91.4375,-19.75,81.625,91.4375,,248.60289001464844,,,,,,
7584,603.0987918999999,-15.9296875,-19.984375,41.78125,15.9296875,,248.60289001464844,,,,,,
7585,603.1759355000004,-0.19775390625,-19.40625,34.34375,0.19775390625,,248.60289001464844,,,,,,
7586,603.2526249000002,-70.3125,-32.1875,98.1875,70.3125,,248.60289001464844,,,,,,
7587,603.3288898999999,-37.625,-12.734375,43.3125,37.625,,248.60289001464844,,,,,,
7588,603.4038555000006,31.46875,-18.390625,-7.234375,-31.46875,,248.60289001464844,,,,,,
7589,603.4817272,20.046875,-12.765625,20.125,-20.046875,,248.60289001464844,,,,,,
7590,603.5581200000006,26.875,-19.140625,4.01171875,-26.875,,248.60289001464844,,,,,,
7591,603.6345824,10.625,-9.578125,-30.171875,-10.625,,248.60289001464844,,,,,,
7592,603.7104868000006,-8.6484375,-9.796875,27.71875,8.6484375,,248.60289001464844,,,,,,
7593,603.7862287000007,17.421875,17.4375,-14.953125,-17.421875,,248.60289001464844,,,,,,
7594,603.8615153000001,-101.3125,-19.78125,72.875,101.3125,,248.60289001464844,,,,,,
7595,603.9395430000004,-66.9375,-16.5625,121.125,66.9375,,248.60289001464844,,,,,,
7596,604.0161727000004,-52.15625,-15.6875,82.125,52.15625,,248.60289001464844,,,,,,
7597,604.0920755000006,24.171875,2.671875,21.171875,-24.171875,,248.60289001464844,,,,,,
7598,604.1693877000007,38.25,-13.921875,-11.328125,-38.25,,248.60289001464844,,,,,,
7599,604.2486736999999,39.40625,-16.265625,-18.546875,-39.40625,,248.60289001464844,,,,,,
7600,604.3292346000007,-117.875,-19.75,118.25,117.875,,248.60289001464844,,6.63478946685791,0.1859947144985199,6.416051864624023,6.603769302368164,6.9553656578063965
7601,604.4054300000007,-71.0,-15.8125,78.5,71.0,,248.60289001464844,,,,,,
7602,604.4812767000003,-58.0625,-15.0,101.25,58.0625,,248.60289001464844,,,,,,
7603,604.5587691999999,32.59375,-14.7578125,-13.7578125,-32.59375,,248.60289001464844,,,,,,
7604,604.6353322000004,59.59375,-31.796875,6.61328125,-59.59375,,248.60289001464844,,,,,,
7605,604.7108289000007,17.03125,-9.21875,-43.03125,-17.03125,,248.60289001464844,,,,,,
7606,604.7887080999999,-34.78125,-55.875,33.625,34.78125,,248.60289001464844,,,,,,
7607,604.8684384000007,-104.125,10.5625,110.3125,104.125,,248.60289001464844,,,,,,
7608,604.9452985000007,-51.9375,-12.4375,94.75,51.9375,,248.60289001464844,,,,,,
7609,605.0534124000005,3.400390625,-17.953125,38.75,-3.400390625,,248.60289001464844,,,,,,
7610,605.1309068999999,-12.0859375,7.6875,-2.521484375,12.0859375,,248.60289001464844,,,,,,
7611,605.2086158000002,-54.40625,-35.40625,83.5625,54.40625,,248.60289001464844,,,,,,
7612,605.2859458000003,-8.6796875,-18.375,38.53125,8.6796875,,248.60289001464844,,,,,,
7613,605.3617019000003,91.1875,-20.1875,-67.0,-91.1875,,248.60289001464844,,,,,,
7614,605.4392790000002,28.234375,-18.046875,-22.171875,-28.234375,,248.60289001464844,,,,,,
7615,605.5234587000004,-12.234375,-13.1875,36.9375,12.234375,,248.60289001464844,,,,,,
7616,605.6010683000004,-41.1875,-6.28125,24.890625,41.1875,,248.60289001464844,,,,,,
7617,605.6783894999999,-113.5,-9.0,140.75,113.5,,248.60289001464844,,,,,,
7618,605.7573109000004,-111.4375,-13.0,148.625,111.4375,,248.60289001464844,,,,,,
7619,605.8344401000004,-42.90625,-28.5,93.0625,42.90625,,248.60289001464844,,,,,,
7620,605.9179201000006,-23.6875,-1.8125,12.296875,23.6875,,248.60289001464844,,6.00789737701416,0.2630338668823242,5.638694763183594,6.0019330978393555,6.404422760009766
7621,605.9977560000007,-39.40625,-9.375,56.96875,39.40625,,248.60289001464844,,,,,,
7622,606.0756184000002,52.9375,-18.25,-14.1171875,-52.9375,,248.60289001464844,,,,,,
7623,606.1534166000001,89.5625,-6.5,-56.1875,-89.5625,,248.60289001464844,,,,,,
7624,606.2293367000002,-14.640625,-18.0625,20.1875,14.640625,,248.60289001464844,,,,,,
7625,606.3066924000004,-107.5,-20.25,109.0,107.5,,248.60289001464844,,,,,,
7626,606.3826698000003,-72.8125,-24.1875,120.3125,72.8125,,248.60289001464844,,,,,,
7627,606.4595278000006,-29.296875,-11.25,73.125,29.296875,,248.60289001464844,,,,,,
7628,606.5377779999999,-7.66015625,-53.5625,71.0,7.66015625,,248.60289001464844,,,,,,
7629,606.6146287000001,-3.51953125,-3.546875,24.3125,3.51953125,,248.60289001464844,,,,,,
7630,606.6901204000005,65.6875,9.40625,-67.0625,-65.6875,,248.60289001464844,,,,,,
7631,606.7674132000002,8.4921875,-15.71875,-1.810546875,-8.4921875,,248.60289001464844,,,,,,
7632,606.8449479999999,-17.921875,-19.296875,21.796875,17.921875,,248.60289001464844,,,,,,
7633,606.9248562000002,33.9375,-37.6875,36.90625,-33.9375,,248.60289001464844,,,,,,
7634,607.0008873000006,-32.21875,-23.859375,18.265625,32.21875,,248.60289001464844,,,,,,
7635,607.0780088000001,-10.0625,-12.8046875,21.0625,10.0625,,248.60289001464844,,,,,,
7636,607.1560655000003,22.046875,-14.796875,10.5546875,-22.046875,,248.60289001464844,,,,,,
7637,607.2340958000004,8.8984375,-55.125,56.78125,-8.8984375,,248.60289001464844,,,,,,
7638,607.3122721,-92.9375,-2.625,81.75,92.9375,,248.60289001464844,,,,,,
7639,607.3911840000001,-43.34375,-21.59375,66.0,43.34375,,248.60289001464844,,,,,,
7640,607.4730826000005,22.15625,-24.28125,21.28125,-22.15625,,248.60289001464844,,7.178668022155762,0.6793423891067505,6.220619201660156,7.092255592346191,8.397027015686035
7641,607.5522129999999,40.875,-30.734375,-6.54296875,-40.875,,248.60289001464844,,,,,,
7642,607.6281705000001,4.828125,-19.15625,23.59375,-4.828125,,248.60289001464844,,,,,,
7643,607.7049445000002,-7.28125,-17.046875,38.8125,7.28125,,248.60289001464844,,,,,,
7644,607.7821243000008,-67.3125,-15.640625,46.53125,67.3125,,248.60289001464844,,,,,,
7645,607.8600698999999,-24.859375,-21.21875,68.5,24.859375,,248.60289001464844,,,,,,
7646,607.9365164000001,-97.3125,-8.5625,100.5625,97.3125,,248.60289001464844,,,,,,
7647,608.0156170999999,-108.8125,-4.9375,107.1875,108.8125,,248.60289001464844,,,,,,
7648,608.0915944000008,-32.375,-4.671875,34.0625,32.375,,248.60289001464844,,,,,,
7649,608.1703993000001,27.8125,-16.703125,5.15234375,-27.8125,,248.60289001464844,,,,,,
7650,608.2480052999999,-16.859375,-17.328125,35.8125,16.859375,,248.60289001464844,,,,,,
7651,608.3250562000003,-8.4375,-25.34375,15.921875,8.4375,,248.60289001464844,,,,,,
7652,608.4027513999999,-9.6484375,-20.90625,8.9609375,9.6484375,,248.60289001464844,,,,,,
7653,608.4800788000002,7.45703125,-18.21875,6.3515625,-7.45703125,,248.60289001464844,,,,,,
7654,608.5603975000004,6.453125,5.171875,-20.65625,-6.453125,,248.60289001464844,,,,,,
7655,608.6394520000003,-11.703125,-37.59375,44.96875,11.703125,,248.60289001464844,,,,,,
7656,608.7161240000005,-120.3125,-40.75,198.0,120.3125,,248.60289001464844,,,,,,
7657,608.7937620000002,-94.3125,-15.5,117.375,94.3125,,248.60289001464844,,,,,,
7658,608.8702572000002,-66.375,-8.0625,94.125,66.375,,248.60289001464844,,,,,,
7659,608.9483700000001,36.1875,-21.8125,47.375,-36.1875,,248.60289001464844,,,,,,
7660,609.0314996000006,34.65625,-35.40625,-7.2734375,-34.65625,,248.60289001464844,,9.012795448303223,0.5837212800979614,7.952913284301758,9.063533782958984,9.994040489196777
7661,609.1091187000002,-21.78125,-11.796875,41.625,21.78125,,248.60289001464844,,,,,,
7662,609.1866633,127.0,-1.0625,-79.75,-127.0,,248.60289001464844,,,,,,
7663,609.2664338000004,104.3125,-19.9375,-57.8125,-104.3125,,248.60289001464844,,,,,,
7664,609.3452194000001,7.8203125,-7.8125,-6.0390625,-7.8203125,,248.60289001464844,,,,,,
7665,609.4228670000002,-35.34375,-25.78125,60.0625,35.34375,,248.60289001464844,,,,,,
7666,609.5001677999999,-85.0,-22.5625,108.0625,85.0,,248.60289001464844,,,,,,
7667,609.5788713000002,-89.5625,-24.0,100.875,89.5625,,248.60289001464844,,,,,,
7668,609.6563519000001,-76.375,4.625,104.5625,76.375,,248.60289001464844,,,,,,
7669,609.7336395000002,-82.4375,-15.875,85.25,82.4375,,248.60289001464844,,,,,,
7670,609.8104343000005,-82.6875,-13.9375,83.5,82.6875,,248.60289001464844,,,,,,
7671,609.8873027,30.609375,-29.296875,30.78125,-30.609375,,248.60289001464844,,,,,,
7672,609.9644719000007,-20.359375,-13.9609375,12.6796875,20.359375,,248.60289001464844,,,,,,
7673,610.0433442000003,-15.328125,-11.09375,68.9375,15.328125,,248.60289001464844,,,,,,
7674,610.1223673000004,27.84375,-19.625,-1.39453125,-27.84375,,248.60289001464844,,,,,,
7675,610.2009458000002,13.3671875,-21.953125,-19.453125,-13.3671875,,248.60289001464844,,,,,,
7676,610.2777458,24.875,-24.421875,-7.16015625,-24.875,,248.60289001464844,,,,,,
7677,610.3574594000002,-54.78125,-7.140625,33.0625,54.78125,,248.60289001464844,,,,,,
7678,610.4343847999999,-78.25,-25.21875,76.75,78.25,,248.60289001464844,,,,,,
7679,610.5149754000004,-12.1640625,-11.796875,22.296875,12.1640625,,248.60289001464844,,,,,,
7680,610.5973791000006,36.78125,-37.59375,4.30859375,-36.78125,,248.60289001464844,,9.010505676269531,0.8775534629821777,7.181358814239502,9.263956069946289,10.021424293518066
7681,610.6745587000005,-81.9375,-5.3125,72.6875,81.9375,,248.60289001464844,,,,,,
7682,610.7525462000003,-23.28125,-23.53125,21.09375,23.28125,,248.60289001464844,,,,,,
7683,610.8292158000004,-58.375,-46.375,23.875,58.375,,248.60289001464844,,,,,,
7684,610.9069881000005,-88.5,-17.03125,78.0625,88.5,,248.60289001464844,,,,,,
7685,610.9863067000006,-11.8359375,-13.0,52.5625,11.8359375,,248.60289001464844,,,,,,
7686,611.0643840000002,29.21875,-8.9140625,14.203125,-29.21875,,248.60289001464844,,,,,,
7687,611.1442556000002,49.125,-13.875,-18.75,-49.125,,248.60289001464844,,,,,,
7688,611.2206856000003,55.9375,-19.0,-28.28125,-55.9375,,248.60289001464844,,,,,,
7689,611.2978220000005,8.3671875,-6.765625,-27.453125,-8.3671875,,248.60289001464844,,,,,,
7690,611.3766263000007,-44.5625,-15.4375,90.1875,44.5625,,248.60289001464844,,,,,,
7691,611.4548935000003,-83.9375,-15.6875,101.75,83.9375,,248.60289001464844,,,,,,
7692,611.5306015000006,-81.9375,-10.90625,70.25,81.9375,,248.60289001464844,,,,,,
7693,611.6093272000007,-98.8125,3.75,92.375,98.8125,,248.60289001464844,,,,,,
7694,611.6872358999999,-72.5625,-18.9375,124.4375,72.5625,,248.60289001464844,,,,,,
7695,611.7650856,-36.15625,-49.875,75.3125,36.15625,,248.60289001464844,,,,,,
7696,611.8428545000006,-79.4375,-11.375,93.0625,79.4375,,248.60289001464844,,,,,,
7697,611.9201474000001,25.3125,-6.9609375,15.515625,-25.3125,,248.60289001464844,,,,,,
7698,611.9973909,52.03125,-16.5625,-32.09375,-52.03125,,248.60289001464844,,,,,,
7699,612.0747971000001,-5.08203125,-31.875,7.60546875,5.08203125,,248.60289001464844,,,,,,
7700,612.1592538000004,-18.390625,3.671875,8.4140625,18.390625,,248.60289001464844,,8.226970672607422,0.6082077026367188,7.27838134765625,8.189004898071289,9.464176177978516
7701,612.2389343000004,-71.5625,-53.125,138.625,71.5625,,248.60289001464844,,,,,,
7702,612.3176794000001,-51.4375,14.9375,65.5625,51.4375,,248.60289001464844,,,,,,
7703,612.3948025,-22.515625,-14.03125,51.34375,22.515625,,248.60289001464844,,,,,,
7704,612.4716177,-17.9375,-23.40625,83.9375,17.9375,,248.60289001464844,,,,,,
7705,612.5502524000003,-80.625,-23.0,100.9375,80.625,,248.60289001464844,,,,,,
7706,612.6272591000006,-43.15625,-26.8125,77.3125,43.15625,,248.60289001464844,,,,,,
7707,612.7059536000006,-31.671875,-50.4375,76.4375,31.671875,,248.60289001464844,,,,,,
7708,612.7849744000005,57.75,-17.75,-19.71875,-57.75,,248.60289001464844,,,,,,
7709,612.8644368000005,97.75,-6.625,-94.8125,-97.75,,248.60289001464844,,,,,,
7710,612.9410690000004,3.5703125,-16.9375,-42.125,-3.5703125,,248.60289001464844,,,,,,
7711,613.0186679000008,18.53125,-19.75,11.328125,-18.53125,,248.60289001464844,,,,,,
7712,613.0967244000003,-16.421875,-10.6875,18.875,16.421875,,248.60289001464844,,,,,,
7713,613.1745789000006,48.75,-16.609375,-19.265625,-48.75,,248.60289001464844,,,,,,
7714,613.2521182,-59.8125,-44.0625,115.0,59.8125,,248.60289001464844,,,,,,
7715,613.3303554000004,-104.3125,-25.0625,118.1875,104.3125,,248.60289001464844,,,,,,
7716,613.4090689000004,-123.9375,-18.5,152.75,123.9375,,248.60289001464844,,,,,,
7717,613.4867480000003,-51.1875,-7.375,124.3125,51.1875,,248.60289001464844,,,,,,
7718,613.5661602999999,-27.75,-3.0,38.9375,27.75,,248.60289001464844,,,,,,
7719,613.6433328000003,11.34375,-20.9375,-4.87890625,-11.34375,,248.60289001464844,,,,,,
7720,613.7280838000006,-55.875,-2.15625,48.46875,55.875,,248.60289001464844,,8.709861755371094,0.39507603645324707,8.003238677978516,8.771937370300293,9.29824161529541
7721,613.8060020000003,8.3046875,-16.28125,20.46875,-8.3046875,,248.60289001464844,,,,,,
7722,613.8867055999999,32.40625,-10.203125,-4.75,-32.40625,,248.60289001464844,,,,,,
7723,613.9638098000005,-23.890625,-50.9375,50.28125,23.890625,,248.60289001464844,,,,,,
7724,614.0403675000007,-86.6875,-37.5,105.875,86.6875,,248.60289001464844,,,,,,
7725,614.1200746000004,-140.625,11.875,132.75,140.625,,248.60289001464844,,,,,,
7726,614.1991630000002,-51.28125,-15.15625,46.15625,51.28125,,248.60289001464844,,,,,,
7727,614.2750943000001,8.3984375,-38.3125,68.4375,-8.3984375,,248.60289001464844,,,,,,
7728,614.3526907000005,17.609375,-43.96875,54.71875,-17.609375,,248.60289001464844,,,,,,
7729,614.4314579000002,1.4873046875,-27.96875,68.5625,-1.4873046875,,248.60289001464844,,,,,,
7730,614.5103182000003,45.40625,-37.8125,4.1171875,-45.40625,,248.60289001464844,,,,,,
7731,614.588839,0.56103515625,-11.9765625,23.703125,-0.56103515625,,248.60289001464844,,,,,,
7732,614.6660456,-35.34375,-12.53125,58.96875,35.34375,,248.60289001464844,,,,,,
7733,614.7452378000007,36.875,-19.859375,-1.166015625,-36.875,,248.60289001464844,,,,,,
7734,614.8242944000003,3.56640625,-19.90625,-27.8125,-3.56640625,,248.60289001464844,,,,,,
7735,614.9010804,72.4375,-35.59375,7.2578125,-72.4375,,248.60289001464844,,,,,,
7736,614.9787382000004,8.8828125,-17.34375,28.25,-8.8828125,,248.60289001464844,,,,,,
7737,615.0569777999999,-11.34375,-25.75,14.703125,11.34375,,248.60289001464844,,,,,,
7738,615.1347599999999,-49.75,-32.78125,74.0625,49.75,,248.60289001464844,,,,,,
7739,615.2121618000001,-128.875,4.5,78.0,128.875,,248.60289001464844,,,,,,
7740,615.2933439000008,-142.75,13.0,157.5,142.75,,248.60289001464844,,6.2578277587890625,0.26758623123168945,5.853459358215332,6.265803813934326,6.701615333557129
7741,615.3704016000002,-131.375,-22.0,150.25,131.375,,248.60289001464844,,,,,,
7742,615.4476903000004,-36.21875,16.546875,-15.328125,36.21875,,248.60289001464844,,,,,,
7743,615.5268811000005,-34.15625,-43.25,80.125,34.15625,,248.60289001464844,,,,,,
7744,615.6097386000001,-5.37890625,-9.34375,57.25,5.37890625,,248.60289001464844,,,,,,
7745,615.6894264000002,26.875,-18.375,-6.91796875,-26.875,,248.60289001464844,,,,,,
7746,615.7664345000003,6.72265625,-52.40625,-5.9609375,-6.72265625,,248.60289001464844,,,,,,
7747,615.8426183000001,-77.0625,-26.96875,84.5625,77.0625,,248.60289001464844,,,,,,
7748,615.9221091,7.33203125,-37.1875,26.15625,-7.33203125,,248.60289001464844,,,,,,
7749,615.9987735000004,31.90625,-28.40625,33.5625,-31.90625,,248.60289001464844,,,,,,
7750,616.0758778,42.40625,-49.84375,-5.61328125,-42.40625,,248.60289001464844,,,,,,
7751,616.1545563,-29.609375,-14.59375,31.953125,29.609375,,248.60289001464844,,,,,,
7752,616.2320566000008,-21.59375,-18.84375,64.8125,21.59375,,248.60289001464844,,,,,,
7753,616.3101164,-103.6875,-29.5625,114.1875,103.6875,,248.60289001464844,,,,,,
7754,616.3889963000001,-112.1875,-24.9375,130.375,112.1875,,248.60289001464844,,,,,,
7755,616.4677658,-28.640625,-18.8125,42.71875,28.640625,,248.60289001464844,,,,,,
7756,616.5477470000005,37.90625,-14.078125,-0.94287109375,-37.90625,,248.60289001464844,,,,,,
7757,616.6285594000001,-70.0,-18.125,71.125,70.0,,248.60289001464844,,,,,,
7758,616.7056392000004,-0.2137451171875,-11.9375,28.046875,0.2137451171875,,248.60289001464844,,,,,,
7759,616.78388,28.328125,-14.71875,10.375,-28.328125,,248.60289001464844,,,,,,
7760,616.8678559,-11.8828125,-18.015625,46.53125,11.8828125,,248.60289001464844,,7.485485076904297,0.39203518629074097,6.995148658752441,7.426224231719971,8.173402786254883
7761,616.94427,-75.0,-22.375,89.8125,75.0,,248.60289001464844,,,,,,
7762,617.0204726000002,-73.8125,-27.9375,93.625,73.8125,,248.60289001464844,,,,,,
7763,617.0971353000004,-162.0,-12.5,142.625,162.0,,248.60289001464844,,,,,,
7764,617.1737696,-42.96875,-11.15625,64.75,42.96875,,248.60289001464844,,,,,,
7765,617.2509489000004,0.1800537109375,-27.375,46.28125,-0.1800537109375,,248.60289001464844,,,,,,
7766,617.3291234000008,-8.640625,-16.9375,27.890625,8.640625,,248.60289001464844,,,,,,
7767,617.4047678000006,-66.1875,-12.8125,54.125,66.1875,,248.60289001464844,,,,,,
7768,617.4826256000006,4.44140625,-20.015625,20.375,-4.44140625,,248.60289001464844,,,,,,
7769,617.5601639000006,-3.94921875,-15.2265625,28.9375,3.94921875,,248.60289001464844,,,,,,
7770,617.6397968000001,-31.5625,-21.828125,36.96875,31.5625,,248.60289001464844,,,,,,
7771,617.7172931000005,8.671875,-21.359375,8.1640625,-8.671875,,248.60289001464844,,,,,,
7772,617.7927902000001,-23.390625,-22.671875,42.34375,23.390625,,248.60289001464844,,,,,,
7773,617.8701374000002,-62.5,-18.09375,76.5,62.5,,248.60289001464844,,,,,,
7774,617.9471195000006,24.015625,-34.9375,37.875,-24.015625,,248.60289001464844,,,,,,
7775,618.0231727,6.0703125,-30.734375,-1.45703125,-6.0703125,,248.60289001464844,,,,,,
7776,618.1001905000003,-68.375,-44.6875,105.9375,68.375,,248.60289001464844,,,,,,
7777,618.1775378000002,-17.59375,-24.578125,45.34375,17.59375,,248.60289001464844,,,,,,
7778,618.2530827999999,14.1875,-17.046875,-20.203125,-14.1875,,248.60289001464844,,,,,,
7779,618.3300601000001,9.984375,-31.125,6.5703125,-9.984375,,248.60289001464844,,,,,,
7780,618.4117884000007,-64.375,-7.5,49.28125,64.375,,248.60289001464844,,7.074366569519043,0.29466575384140015,6.554962158203125,7.132962226867676,7.517008304595947
7781,618.4895094000003,-27.34375,-3.8125,46.3125,27.34375,,248.60289001464844,,,,,,
7782,618.5711543000007,-51.78125,-13.75,73.75,51.78125,,248.60289001464844,,,,,,
7783,618.6565306000002,-54.34375,-18.515625,38.9375,54.34375,,248.60289001464844,,,,,,
7784,618.7382396000003,-4.25,-16.46875,35.96875,4.25,,248.60289001464844,,,,,,
7785,618.8335862000004,-42.5625,-19.125,72.5,42.5625,,248.60289001464844,,,,,,
7786,618.9267293000003,-27.390625,-19.28125,64.75,27.390625,,248.60289001464844,,,,,,
7787,619.0134386,-61.15625,-20.5,98.25,61.15625,,248.60289001464844,,,,,,
7788,619.0994226000003,18.375,-6.3828125,1.576171875,-18.375,,248.60289001464844,,,,,,
7789,619.1813357999999,14.0703125,-12.0625,-50.9375,-14.0703125,,248.60289001464844,,,,,,
7790,619.2644866999999,41.5,-13.84375,-60.21875,-41.5,,248.60289001464844,,,,,,
7791,619.3424070000001,-0.1585693359375,-26.09375,6.4609375,0.1585693359375,,248.60289001464844,,,,,,
7792,619.4193196000006,-94.125,6.0,48.0625,94.125,,248.60289001464844,,,,,,
7793,619.4963520000001,-73.875,-16.8125,118.5,73.875,,248.60289001464844,,,,,,
7794,619.5763703000002,-33.96875,-19.25,75.1875,33.96875,,248.60289001464844,,,,,,
7795,619.6541240000006,-53.6875,-18.21875,55.625,53.6875,,248.60289001464844,,,,,,
7796,619.7332434,-74.625,-11.59375,46.5,74.625,,248.60289001464844,,,,,,
7797,619.8128752000002,-34.03125,-19.09375,49.0625,34.03125,,248.60289001464844,,,,,,
7798,619.8908214000003,-25.90625,-10.234375,33.375,25.90625,,248.60289001464844,,,,,,
7799,619.9692146000007,24.046875,-27.75,43.0625,-24.046875,,248.60289001464844,,,,,,
7800,620.0517890000001,-85.3125,-26.4375,106.4375,85.3125,,248.60289001464844,,7.367240905761719,0.2989732325077057,6.807336330413818,7.432000160217285,7.837019443511963
7801,620.1300005000003,-51.21875,-20.6875,84.375,51.21875,,248.60289001464844,,,,,,
7802,620.2067322000003,-38.0,-16.9375,79.0,38.0,,248.60289001464844,,,,,,
7803,620.2853490000007,-35.65625,-15.96875,77.1875,35.65625,,248.60289001464844,,,,,,
7804,620.3629490000003,45.71875,-22.875,-52.8125,-45.71875,,248.60289001464844,,,,,,
7805,620.4408893,104.8125,-23.5625,-55.6875,-104.8125,,248.60289001464844,,,,,,
7806,620.5176030000002,94.25,-19.0625,-84.0625,-94.25,,248.60289001464844,,,,,,
7807,620.5941980000007,18.4375,-11.5546875,-13.2109375,-18.4375,,248.60289001464844,,,,,,
7808,620.6739978000005,37.9375,-31.34375,14.109375,-37.9375,,248.60289001464844,,,,,,
7809,620.7518538000004,-29.15625,-24.375,28.25,29.15625,,248.60289001464844,,,,,,
7810,620.8321463000002,-41.1875,-19.34375,36.75,41.1875,,248.60289001464844,,,,,,
7811,620.9107843000002,-99.3125,-25.5,116.5,99.3125,,248.60289001464844,,,,,,
7812,620.9926026000003,-13.4765625,-7.80078125,13.3046875,13.4765625,,248.60289001464844,,,,,,
7813,621.0816417000005,-64.5,-11.9375,93.6875,64.5,,248.60289001464844,,,,,,
7814,621.1707078,-93.5,-3.1875,96.3125,93.5,,248.60289001464844,,,,,,
7815,621.2536322000005,-74.0,-51.375,134.75,74.0,,248.60289001464844,,,,,,
7816,621.3307058999999,-144.375,-6.6875,123.5,144.375,,248.60289001464844,,,,,,
7817,621.4076629000001,-116.5,-9.0,164.5,116.5,,248.60289001464844,,,,,,
7818,621.4857572000001,11.2578125,-22.109375,31.234375,-11.2578125,,248.60289001464844,,,,,,
7819,621.5660434000001,78.0625,-27.15625,-48.53125,-78.0625,,248.60289001464844,,,,,,
7820,621.6513054000006,-33.78125,-0.453125,17.28125,33.78125,,248.60289001464844,,8.772021293640137,0.5662668347358704,7.927423000335693,8.674310684204102,9.639687538146973
7821,621.7317786000003,101.5625,-41.125,-34.625,-101.5625,,248.60289001464844,,,,,,
7822,621.8089520000003,72.875,-9.3125,-33.65625,-72.875,,248.60289001464844,,,,,,
7823,621.8855474000002,69.125,-29.375,-51.4375,-69.125,,248.60289001464844,,,,,,
7824,621.9630112000004,-0.48291015625,-37.75,-23.375,0.48291015625,,248.60289001464844,,,,,,
7825,622.0412980000001,40.21875,-22.828125,-11.578125,-40.21875,,248.60289001464844,,,,,,
7826,622.1177556000002,-2.189453125,-21.859375,26.609375,2.189453125,,248.60289001464844,,,,,,
7827,622.1975559000002,-147.875,-23.0,134.625,147.875,,248.60289001464844,,,,,,
7828,622.2782261000002,-167.0,-16.375,184.0,167.0,,248.60289001464844,,,,,,
7829,622.3581182000007,-86.3125,-16.625,146.375,86.3125,,248.60289001464844,,,,,,
7830,622.4369512000003,-60.78125,-18.8125,54.9375,60.78125,,248.60289001464844,,,,,,
7831,622.5146343000006,-27.40625,-20.8125,57.625,27.40625,,248.60289001464844,,,,,,
7832,622.5951049000005,61.8125,-16.65625,-15.140625,-61.8125,,248.60289001464844,,,,,,
7833,622.6778066000006,69.625,-16.15625,-53.15625,-69.625,,248.60289001464844,,,,,,
7834,622.7547423000005,29.1875,-15.1875,-32.875,-29.1875,,248.60289001464844,,,,,,
7835,622.8323008000007,-38.0625,-17.09375,78.125,38.0625,,248.60289001464844,,,,,,
7836,622.9122586000003,-6.6875,-10.953125,21.90625,6.6875,,248.60289001464844,,,,,,
7837,622.9921755000005,-19.5,-13.296875,22.65625,19.5,,248.60289001464844,,,,,,
7838,623.0716175000007,-31.84375,-12.75,26.015625,31.84375,,248.60289001464844,,,,,,
7839,623.1493170000003,-15.34375,-8.0625,72.9375,15.34375,,248.60289001464844,,,,,,
7840,623.2335391000006,-49.375,-14.3125,77.0,49.375,,248.60289001464844,,6.101544380187988,0.21305765211582184,5.818110942840576,6.060418128967285,6.503251075744629
7841,623.3103666000006,-0.08819580078125,-17.171875,15.1796875,0.08819580078125,,248.60289001464844,,,,,,
7842,623.3877990000001,-104.1875,-15.875,74.375,104.1875,,248.60289001464844,,,,,,
7843,623.4649024,-70.625,-30.25,123.4375,70.625,,248.60289001464844,,,,,,
7844,623.5420267,-131.125,-17.0625,144.25,131.125,,248.60289001464844,,,,,,
7845,623.6194610000002,-102.5625,-21.3125,105.5,102.5625,,248.60289001464844,,,,,,
7846,623.6969626,-58.34375,16.5625,81.875,58.34375,,248.60289001464844,,,,,,
7847,623.7742876000002,-2.501953125,-17.28125,31.328125,2.501953125,,248.60289001464844,,,,,,
7848,623.8518830000003,-16.375,-18.78125,25.84375,16.375,,248.60289001464844,,,,,,
7849,623.9304366000006,-1.7099609375,-20.03125,0.55029296875,1.7099609375,,248.60289001464844,,,,,,
7850,624.0082941000001,-20.765625,32.875,-39.71875,20.765625,,248.60289001464844,,,,,,
7851,624.0863476000004,-20.109375,-18.265625,42.1875,20.109375,,248.60289001464844,,,,,,
7852,624.1632313999999,30.34375,1.5234375,2.318359375,-30.34375,,248.60289001464844,,,,,,
7853,624.2403198000002,81.4375,-18.59375,-38.46875,-81.4375,,248.60289001464844,,,,,,
7854,624.3173686999999,73.625,-10.625,-69.8125,-73.625,,248.60289001464844,,,,,,
7855,624.3950167000003,-2.626953125,-13.1796875,18.15625,2.626953125,,248.60289001464844,,,,,,
7856,624.4719708000002,-13.859375,-16.4375,27.53125,13.859375,,248.60289001464844,,,,,,
7857,624.5514280000007,-34.75,-17.25,32.84375,34.75,,248.60289001464844,,,,,,
7858,624.6297029000007,-123.9375,-30.4375,136.125,123.9375,,248.60289001464844,,,,,,
7859,624.7086030999999,-42.96875,-15.53125,37.0,42.96875,,248.60289001464844,,,,,,
7860,624.7910892,-97.5,35.71875,12.7578125,97.5,,248.60289001464844,,6.961884021759033,0.5293524861335754,6.150745391845703,6.933516025543213,7.848323345184326
7861,624.8702079000004,-139.875,-4.375,125.8125,139.875,,248.60289001464844,,,,,,
7862,624.9481427999999,11.0,-19.46875,60.15625,-11.0,,248.60289001464844,,,,,,
7863,625.0254791000007,74.875,-14.34375,-21.65625,-74.875,,248.60289001464844,,,,,,
7864,625.1026375000001,50.25,-38.09375,-41.09375,-50.25,,248.60289001464844,,,,,,
7865,625.1806136000005,32.21875,-29.21875,-4.53125,-32.21875,,248.60289001464844,,,,,,
7866,625.2588779000007,42.375,-15.6640625,-7.9765625,-42.375,,248.60289001464844,,,,,,
7867,625.3358054,21.234375,-43.0,-1.2021484375,-21.234375,,248.60289001464844,,,,,,
7868,625.4130877000007,-6.00390625,-13.359375,31.0,6.00390625,,248.60289001464844,,,,,,
7869,625.4917912999999,-72.4375,-2.125,80.8125,72.4375,,248.60289001464844,,,,,,
7870,625.5698258000002,-56.5625,-18.625,58.5,56.5625,,248.60289001464844,,,,,,
7871,625.6475379000003,-43.6875,-27.5625,93.0,43.6875,,248.60289001464844,,,,,,
7872,625.7255914000007,-42.875,-22.09375,79.0,42.875,,248.60289001464844,,,,,,
7873,625.8041071000007,-40.65625,-19.71875,60.5625,40.65625,,248.60289001464844,,,,,,
7874,625.8815997000002,7.6171875,-14.734375,-5.79296875,-7.6171875,,248.60289001464844,,,,,,
7875,625.9608462000006,69.0625,-20.15625,-43.0625,-69.0625,,248.60289001464844,,,,,,
7876,626.0365259999999,36.71875,-8.125,-37.125,-36.71875,,248.60289001464844,,,,,,
7877,626.1154102,13.546875,-22.3125,28.90625,-13.546875,,248.60289001464844,,,,,,
7878,626.1916891000001,2.73046875,-17.78125,23.53125,-2.73046875,,248.60289001464844,,,,,,
7879,626.2699719000002,122.4375,-20.625,-85.6875,-122.4375,,248.60289001464844,,,,,,
7880,626.3538364000005,24.859375,-19.453125,-2.658203125,-24.859375,,248.60289001464844,,8.335158348083496,0.3389364182949066,7.817336082458496,8.263650894165039,8.923052787780762
7881,626.4319168000002,-108.0,-13.8125,105.9375,108.0,,248.60289001464844,,,,,,
7882,626.5082028000006,-152.25,-6.5,185.875,152.25,,248.60289001464844,,,,,,
7883,626.5835829000007,-214.75,-21.25,182.0,214.75,,248.60289001464844,,,,,,
7884,626.6598499000002,-86.25,-8.875,135.75,86.25,,248.60289001464844,,,,,,
7885,626.7374341000004,-2.21875,-2.9375,24.5625,2.21875,,248.60289001464844,,,,,,
7886,626.8155236000002,14.8203125,-18.78125,2.044921875,-14.8203125,,248.60289001464844,,,,,,
7887,626.8922460000003,74.625,-13.5,-45.46875,-74.625,,248.60289001464844,,,,,,
7888,626.9679102999999,118.125,-25.75,-66.125,-118.125,,248.60289001464844,,,,,,
7889,627.0437973000007,113.625,-26.8125,-102.9375,-113.625,,248.60289001464844,,,,,,
7890,627.1207170000007,57.875,-17.03125,-37.59375,-57.875,,248.60289001464844,,,,,,
7891,627.1960439000004,9.3828125,-32.375,-33.375,-9.3828125,,248.60289001464844,,,,,,
7892,627.2733911000005,-48.0625,-29.96875,73.9375,48.0625,,248.60289001464844,,,,,,
7893,627.3494803000003,-83.8125,-14.6875,93.8125,83.8125,,248.60289001464844,,,,,,
7894,627.4252358000003,-106.9375,-19.0625,121.25,106.9375,,248.60289001464844,,,,,,
7895,627.5017678000004,-150.75,-14.75,241.0,150.75,,248.60289001464844,,,,,,
7896,627.5788601000004,-61.21875,6.59375,58.96875,61.21875,,248.60289001464844,,,,,,
7897,627.6563693000007,-119.375,37.09375,61.53125,119.375,,248.60289001464844,,,,,,
7898,627.7358443000003,-95.625,-18.625,120.125,95.625,,248.60289001464844,,,,,,
7899,627.8140940000003,4.39453125,-15.8046875,4.2734375,-4.39453125,,248.60289001464844,,,,,,
7900,627.8959494999999,83.8125,-29.125,-59.0625,-83.8125,,248.60289001464844,,7.802046298980713,0.5680718421936035,6.786961555480957,7.802034378051758,8.760366439819336
7901,627.9743033000004,90.125,-4.6875,-115.125,-90.125,,248.60289001464844,,,,,,
7902,628.0513618000004,41.34375,-3.125,-51.96875,-41.34375,,248.60289001464844,,,,,,
7903,628.1283543,80.375,11.0625,-78.3125,-80.375,,248.60289001464844,,,,,,
7904,628.2042528000002,-11.1328125,-19.21875,42.09375,11.1328125,,248.60289001464844,,,,,,
7905,628.2821844,-35.78125,-26.5,75.5,35.78125,,248.60289001464844,,,,,,
7906,628.3607262000005,-43.4375,-8.34375,59.96875,43.4375,,248.60289001464844,,,,,,
7907,628.4378753000001,-111.875,-11.0,99.0,111.875,,248.60289001464844,,,,,,
7908,628.5146144,-89.0625,-14.125,121.625,89.0625,,248.60289001464844,,,,,,
7909,628.5909968000005,-101.0,-30.625,116.5,101.0,,248.60289001464844,,,,,,
7910,628.6674945000004,0.5244140625,-23.5,70.4375,-0.5244140625,,248.60289001464844,,,,,,
7911,628.7476610000003,1.787109375,-40.21875,44.1875,-1.787109375,,248.60289001464844,,,,,,
7912,628.8217158000007,-1.3798828125,-26.0625,39.96875,1.3798828125,,248.60289001464844,,,,,,
7913,628.8994593000007,-30.390625,-27.65625,61.3125,30.390625,,248.60289001464844,,,,,,
7914,628.9740027000007,6.1171875,-12.328125,5.171875,-6.1171875,,248.60289001464844,,,,,,
7915,629.0521715000004,32.53125,-12.78125,-11.453125,-32.53125,,248.60289001464844,,,,,,
7916,629.1290210000006,-6.0234375,-29.71875,57.53125,6.0234375,,248.60289001464844,,,,,,
7917,629.2072720000006,-64.9375,-14.03125,62.28125,64.9375,,248.60289001464844,,,,,,
7918,629.2845388000005,-21.09375,17.671875,30.390625,21.09375,,248.60289001464844,,,,,,
7919,629.3619895000002,-16.671875,-15.5859375,29.75,16.671875,,248.60289001464844,,,,,,
7920,629.4445466000006,-32.3125,-19.71875,52.6875,32.3125,,248.60289001464844,,6.882454872131348,0.25914886593818665,6.474208831787109,6.905808925628662,7.216190814971924
7921,629.5217382999999,-5.01953125,-15.171875,-2.267578125,5.01953125,,248.60289001464844,,,,,,
7922,629.5984648000003,25.953125,-16.15625,42.09375,-25.953125,,248.60289001464844,,,,,,
7923,629.6746477000006,-29.796875,-12.6640625,25.84375,29.796875,,248.60289001464844,,,,,,
7924,629.7526551000001,-45.3125,-39.40625,84.625,45.3125,,248.60289001464844,,,,,,
7925,629.8304029000001,-63.0625,-10.0625,87.1875,63.0625,,248.60289001464844,,,,,,
7926,629.9068233000007,-49.25,-18.21875,58.5625,49.25,,248.60289001464844,,,,,,
7927,629.9857557000005,10.90625,-17.015625,30.234375,-10.90625,,248.60289001464844,,,,,,
7928,630.0630116000002,-8.0390625,-13.640625,12.3828125,8.0390625,,248.60289001464844,,,,,,
7929,630.1404253999999,-92.5,-15.4375,81.25,92.5,,248.60289001464844,,,,,,
7930,630.2171931000003,-92.8125,-30.1875,137.625,92.8125,,248.60289001464844,,,,,,
7931,630.2937740000007,-38.40625,-7.53125,61.53125,38.40625,,248.60289001464844,,,,,,
7932,630.3715169000006,-21.640625,-10.59375,-19.609375,21.640625,,248.60289001464844,,,,,,
7933,630.4492383000006,22.1875,-33.625,31.234375,-22.1875,,248.60289001464844,,,,,,
7934,630.5260259000006,-30.703125,-12.1796875,-3.1796875,30.703125,,248.60289001464844,,,,,,
7935,630.6045101,9.375,-18.96875,33.71875,-9.375,,248.60289001464844,,,,,,
7936,630.682761,9.1484375,-18.015625,-9.171875,-9.1484375,,248.60289001464844,,,,,,
7937,630.7602489999999,-40.1875,-38.3125,34.25,40.1875,,248.60289001464844,,,,,,
7938,630.8370287000007,18.84375,-0.3232421875,-1.28125,-18.84375,,248.60289001464844,,,,,,
7939,630.9137882000005,-11.4453125,-8.7265625,20.3125,11.4453125,,248.60289001464844,,,,,,
7940,630.9964502000003,28.390625,-15.15625,-26.53125,-28.390625,,248.60289001464844,,6.599087238311768,0.25178104639053345,6.291170120239258,6.568778038024902,7.052126884460449
7941,631.0761689000001,45.46875,-26.953125,-21.078125,-45.46875,,248.60289001464844,,,,,,
7942,631.1529426000006,6.96875,-11.1171875,-6.0390625,-6.96875,,248.60289001464844,,,,,,
7943,631.2315171,-40.5,-15.6875,57.71875,40.5,,248.60289001464844,,,,,,
7944,631.3098057000007,-130.25,-24.25,122.1875,130.25,,248.60289001464844,,,,,,
7945,631.3883394000004,-69.6875,-19.59375,69.375,69.6875,,248.60289001464844,,,,,,
7946,631.4648592000003,-56.40625,-14.4375,66.3125,56.40625,,248.60289001464844,,,,,,
7947,631.5421605000001,-2.931640625,-56.21875,111.125,2.931640625,,248.60289001464844,,,,,,
7948,631.6211857000008,-71.1875,-0.34375,55.09375,71.1875,,248.60289001464844,,,,,,
7949,631.6978392000001,30.109375,-19.75,-13.2265625,-30.109375,,248.60289001464844,,,,,,
7950,631.7754772000008,59.3125,-16.75,-20.9375,-59.3125,,248.60289001464844,,,,,,
7951,631.8523070000001,-31.5,-44.1875,72.75,31.5,,248.60289001464844,,,,,,
7952,631.9306540000007,-34.375,0.40625,61.5,34.375,,248.60289001464844,,,,,,
7953,632.0086228,-11.765625,-24.59375,-1.3359375,11.765625,,248.60289001464844,,,,,,
7954,632.0848280999999,-52.21875,6.34375,50.34375,52.21875,,248.60289001464844,,,,,,
7955,632.1617530000003,-72.625,-18.71875,76.5,72.625,,248.60289001464844,,,,,,
7956,632.2379960000007,1.267578125,-45.15625,82.75,-1.267578125,,248.60289001464844,,,,,,
7957,632.3149424000003,-43.46875,-3.9375,69.9375,43.46875,,248.60289001464844,,,,,,
7958,632.3908926000004,-21.734375,-11.34375,47.78125,21.734375,,248.60289001464844,,,,,,
7959,632.4666651000007,-0.751953125,-33.9375,20.734375,0.751953125,,248.60289001464844,,,,,,
7960,632.5490104999999,-4.7265625,-17.890625,20.8125,4.7265625,,248.60289001464844,,6.960931777954102,0.4034172594547272,6.446275234222412,6.952228546142578,7.668430805206299
7961,632.6290663,27.265625,-29.46875,25.65625,-27.265625,,248.60289001464844,,,,,,
7962,632.7051410000004,-4.73828125,-49.65625,46.8125,4.73828125,,248.60289001464844,,,,,,
7963,632.7821878000004,-33.25,-9.453125,27.5625,33.25,,248.60289001464844,,,,,,
7964,632.8599778000007,-14.421875,-29.96875,42.625,14.421875,,248.60289001464844,,,,,,
7965,632.9381585000001,-48.78125,4.3125,33.90625,48.78125,,248.60289001464844,,,,,,
7966,633.013355,-9.0390625,-10.4375,66.0,9.0390625,,248.60289001464844,,,,,,
7967,633.0920058000002,-10.8671875,-16.46875,8.78125,10.8671875,,248.60289001464844,,,,,,
7968,633.1689716000001,14.171875,-69.9375,35.125,-14.171875,,248.60289001464844,,,,,,
7969,633.2459648000004,-9.3125,-13.203125,20.78125,9.3125,,248.60289001464844,,,,,,
7970,633.3218500000003,-58.90625,-6.890625,33.5,58.90625,,248.60289001464844,,,,,,
7971,633.3988720000007,-55.46875,-39.40625,94.9375,55.46875,,248.60289001464844,,,,,,
7972,633.4774986000002,-46.5,-15.578125,40.8125,46.5,,248.60289001464844,,,,,,
7973,633.5555812000002,-49.625,-15.984375,33.9375,49.625,,248.60289001464844,,,,,,
7974,633.6325076000003,-77.125,4.28125,61.84375,77.125,,248.60289001464844,,,,,,
7975,633.7088573000001,-15.3125,-22.5,55.53125,15.3125,,248.60289001464844,,,,,,
7976,633.7869131000007,-69.9375,-7.25,124.9375,69.9375,,248.60289001464844,,,,,,
7977,633.8632711999999,40.4375,-8.0703125,14.6953125,-40.4375,,248.60289001464844,,,,,,
7978,633.9391329,88.25,-22.21875,-48.90625,-88.25,,248.60289001464844,,,,,,
7979,634.0152126000003,94.6875,-13.3125,-119.9375,-94.6875,,248.60289001464844,,,,,,
7980,634.0971382000007,-59.125,-20.34375,65.0,59.125,,248.60289001464844,,6.867148399353027,0.38752666115760803,6.309221267700195,6.854307174682617,7.555055618286133
7981,634.1768422000005,-122.625,-17.375,104.625,122.625,,248.60289001464844,,,,,,
7982,634.2540490000001,-183.0,-21.0,173.5,183.0,,248.60289001464844,,,,,,
7983,634.3311365,-115.0625,-12.875,131.125,115.0625,,248.60289001464844,,,,,,
7984,634.4075856,-94.0625,-20.75,103.625,94.0625,,248.60289001464844,,,,,,
7985,634.4857283000001,62.09375,-20.5625,-20.375,-62.09375,,248.60289001464844,,,,,,
7986,634.5630377000007,67.9375,-20.59375,-28.75,-67.9375,,248.60289001464844,,,,,,
7987,634.6395018000003,60.0625,-37.5625,-50.125,-60.0625,,248.60289001464844,,,,,,
7988,634.7173638000004,123.375,-19.53125,-61.28125,-123.375,,248.60289001464844,,,,,,
7989,634.7946086000002,49.09375,-9.875,-101.6875,-49.09375,,248.60289001464844,,,,,,
7990,634.8732086,10.6484375,-19.71875,40.46875,-10.6484375,,248.60289001464844,,,,,,
7991,634.9511526000006,-130.875,-22.0625,131.875,130.875,,248.60289001464844,,,,,,
7992,635.0290392000006,-156.5,-20.25,174.625,156.5,,248.60289001464844,,,,,,
7993,635.1080420000008,-139.5,-21.875,177.75,139.5,,248.60289001464844,,,,,,
7994,635.1868023000006,-113.375,-16.875,149.5,113.375,,248.60289001464844,,,,,,
7995,635.2658582000004,47.6875,-16.6875,6.21875,-47.6875,,248.60289001464844,,,,,,
7996,635.3458472000002,19.984375,-37.3125,-5.5390625,-19.984375,,248.60289001464844,,,,,,
7997,635.4267880000007,-102.8125,-18.3125,107.0,102.8125,,248.60289001464844,,,,,,
7998,635.5038270000005,-82.8125,-13.0,157.25,82.8125,,248.60289001464844,,,,,,
7999,635.5819975000004,-53.125,-43.6875,113.4375,53.125,,248.60289001464844,,,,,,
8000,635.6686020000006,38.03125,23.96875,-32.125,-38.03125,,248.60289001464844,,6.14122200012207,0.3811146020889282,5.599152088165283,6.104584217071533,6.783799648284912
8001,635.7469615,49.84375,-59.53125,-43.09375,-49.84375,,248.60289001464844,,,,,,
8002,635.8560316000003,42.40625,21.6875,-27.90625,-42.40625,,248.60289001464844,,,,,,
8003,635.9319682000005,57.3125,-4.046875,-25.859375,-57.3125,,248.60289001464844,,,,,,
8004,636.0094898000007,7.1796875,-9.265625,-9.53125,-7.1796875,,248.60289001464844,,,,,,
8005,636.0872134000001,-18.921875,-22.671875,50.78125,18.921875,,248.60289001464844,,,,,,
8006,636.1664971999999,-40.6875,10.15625,13.9375,40.6875,,248.60289001464844,,,,,,
8007,636.2435240000004,-57.4375,-21.78125,59.0,57.4375,,248.60289001464844,,,,,,
8008,636.3214951,-117.8125,-18.1875,105.5625,117.8125,,248.60289001464844,,,,,,
8009,636.4027230000002,-162.375,-10.75,190.25,162.375,,248.60289001464844,,,,,,
8010,636.4805409999999,-103.125,-11.1875,137.75,103.125,,248.60289001464844,,,,,,
8011,636.5604767000004,26.75,-46.03125,85.0,-26.75,,248.60289001464844,,,,,,
8012,636.6393081000006,-16.890625,17.390625,-24.09375,16.890625,,248.60289001464844,,,,,,
8013,636.7172792000001,41.875,-18.421875,-2.990234375,-41.875,,248.60289001464844,,,,,,
8014,636.7974451,66.4375,-26.75,-57.1875,-66.4375,,248.60289001464844,,,,,,
8015,636.8824750000003,64.625,-7.4375,-34.46875,-64.625,,248.60289001464844,,,,,,
8016,636.9619980000007,-6.7734375,-11.109375,-8.53125,6.7734375,,248.60289001464844,,,,,,
8017,637.0387686000004,-16.765625,-11.734375,31.21875,16.765625,,248.60289001464844,,,,,,
8018,637.1175642000007,-108.3125,-18.4375,108.5625,108.3125,,248.60289001464844,,,,,,
8019,637.1940633000004,-99.8125,-22.46875,81.375,99.8125,,248.60289001464844,,,,,,
8020,637.2768136000004,-112.125,-19.5,153.125,112.125,,248.60289001464844,,7.309525489807129,0.35137468576431274,6.761531829833984,7.323385715484619,7.886802673339844
8021,637.3538240000007,-31.265625,-39.1875,66.5625,31.265625,,248.60289001464844,,,,,,
8022,637.4301132999999,-25.765625,-26.390625,57.53125,25.765625,,248.60289001464844,,,,,,
8023,637.5090368000001,-71.9375,-10.75,56.59375,71.9375,,248.60289001464844,,,,,,
8024,637.5876499000005,-54.1875,-32.0625,83.75,54.1875,,248.60289001464844,,,,,,
8025,637.6671862000003,-98.1875,-30.375,91.875,98.1875,,248.60289001464844,,,,,,
8026,637.7434681000004,-42.625,-9.75,75.625,42.625,,248.60289001464844,,,,,,
8027,637.8239146000005,122.4375,-15.375,-48.1875,-122.4375,,248.60289001464844,,,,,,
8028,637.9002647000007,44.8125,-13.03125,-44.59375,-44.8125,,248.60289001464844,,,,,,
8029,637.9818859000006,42.5,13.0625,-84.5625,-42.5,,248.60289001464844,,,,,,
8030,638.0617084000005,5.99609375,0.390625,-28.703125,-5.99609375,,248.60289001464844,,,,,,
8031,638.1421031,-16.140625,-13.328125,27.953125,16.140625,,248.60289001464844,,,,,,
8032,638.2372830000004,22.921875,-12.96875,-35.3125,-22.921875,,248.60289001464844,,,,,,
8033,638.3840051000006,23.296875,-10.453125,-6.13671875,-23.296875,,248.60289001464844,,,,,,
8034,638.4983335000006,-56.1875,16.171875,3.61328125,56.1875,,248.60289001464844,,,,,,
8035,638.5942029000007,-44.03125,-17.84375,80.3125,44.03125,,248.60289001464844,,,,,,
8036,638.6824510000006,-46.0,-28.125,98.875,46.0,,248.60289001464844,,,,,,
8037,638.7656960000004,-53.03125,-24.5,93.875,53.03125,,248.60289001464844,,,,,,
8038,638.8453323000003,-104.6875,-42.875,163.125,104.6875,,248.60289001464844,,,,,,
8039,638.9248415000002,-85.5625,-23.1875,108.9375,85.5625,,248.60289001464844,,,,,,
8040,639.0076374999999,-139.75,38.9375,105.1875,139.75,,248.60289001464844,,7.559298038482666,0.3436427712440491,6.892126083374023,7.633439540863037,8.019071578979492
8041,639.0875383000002,41.46875,-30.109375,41.9375,-41.46875,,248.60289001464844,,,,,,
8042,639.1678243000006,-26.328125,-17.546875,20.90625,26.328125,,248.60289001464844,,,,,,
8043,639.2466582000006,21.453125,-18.296875,27.5625,-21.453125,,248.60289001464844,,,,,,
8044,639.3264469000005,65.1875,-25.3125,-12.625,-65.1875,,248.60289001464844,,,,,,
8045,639.4056307000001,44.75,-7.796875,-17.09375,-44.75,,248.60289001464844,,,,,,
8046,639.4876876000008,0.6083984375,-23.328125,26.078125,-0.6083984375,,248.60289001464844,,,,,,
8047,639.5675823000001,33.4375,-12.46875,-54.34375,-33.4375,,248.60289001464844,,,,,,
8048,639.6473888,20.25,-16.59375,-44.71875,-20.25,,248.60289001464844,,,,,,
8049,639.7234604000005,-2.900390625,-33.65625,7.1640625,2.900390625,,248.60289001464844,,,,,,
8050,639.8027339,-74.1875,-7.796875,38.25,74.1875,,248.60289001464844,,,,,,
8051,639.8848215000007,-119.75,-18.6875,135.375,119.75,,248.60289001464844,,,,,,
8052,639.9625568000001,-35.34375,-15.125,96.75,35.34375,,248.60289001464844,,,,,,
8053,640.0408926999999,-42.0625,-1.953125,27.21875,42.0625,,248.60289001464844,,,,,,
8054,640.1195958000008,-39.0,-2.34375,51.4375,39.0,,248.60289001464844,,,,,,
8055,640.1997554,-104.625,-4.8125,124.6875,104.625,,248.60289001464844,,,,,,
8056,640.2809238,-133.625,-30.875,159.0,133.625,,248.60289001464844,,,,,,
8057,640.3612894000007,-32.625,-6.0625,77.4375,32.625,,248.60289001464844,,,,,,
8058,640.4418871000007,40.1875,-12.71875,-52.84375,-40.1875,,248.60289001464844,,,,,,
8059,640.5202380000001,1.2177734375,-16.65625,-1.6806640625,-1.2177734375,,248.60289001464844,,,,,,
8060,640.6065214999999,60.46875,-25.3125,-10.3359375,-60.46875,,248.60289001464844,,7.7291059494018555,0.2918274402618408,7.120175838470459,7.767261505126953,8.140861511230469
8061,640.6872904000002,67.1875,-19.875,-47.8125,-67.1875,,248.60289001464844,,,,,,
8062,640.7754807000001,-40.78125,-36.03125,35.09375,40.78125,,248.60289001464844,,,,,,
8063,640.8753316000002,-108.875,-14.8125,105.3125,108.875,,248.60289001464844,,,,,,
8064,640.9533994000003,-3.076171875,-38.875,53.6875,3.076171875,,248.60289001464844,,,,,,
8065,641.0348076,-36.5,3.6875,68.1875,36.5,,248.60289001464844,,,,,,
8066,641.1126436000004,-94.1875,-14.0625,112.4375,94.1875,,248.60289001464844,,,,,,
8067,641.1899821000006,-81.0625,-34.125,133.5,81.0625,,248.60289001464844,,,,,,
8068,641.2698138000005,-110.625,-15.0625,125.625,110.625,,248.60289001464844,,,,,,
8069,641.3485633999999,-82.8125,32.3125,74.5625,82.8125,,248.60289001464844,,,,,,
8070,641.4267635000006,15.40625,12.96875,44.71875,-15.40625,,248.60289001464844,,,,,,
8071,641.5071264000007,-10.375,1.0625,-31.1875,10.375,,248.60289001464844,,,,,,
8072,641.5868717000003,-12.875,-18.375,21.90625,12.875,,248.60289001464844,,,,,,
8073,641.6682988000002,6.6640625,-11.6796875,-2.203125,-6.6640625,,248.60289001464844,,,,,,
8074,641.7477712,-14.140625,-15.265625,14.3515625,14.140625,,248.60289001464844,,,,,,
8075,641.8284723000006,-29.234375,-7.8125,61.59375,29.234375,,248.60289001464844,,,,,,
8076,641.9069483000003,-4.3828125,-14.71875,35.21875,4.3828125,,248.60289001464844,,,,,,
8077,641.9898957000005,-54.46875,-14.6875,57.875,54.46875,,248.60289001464844,,,,,,
8078,642.0668448000006,-34.5625,-1.1884765625,0.331787109375,34.5625,,248.60289001464844,,,,,,
8079,642.1468714000002,-7.0546875,-24.171875,32.59375,7.0546875,,248.60289001464844,,,,,,
8080,642.2287191000005,-34.03125,-17.59375,61.03125,34.03125,,248.60289001464844,,6.548097610473633,0.3205465078353882,6.172906398773193,6.424180030822754,7.100823402404785
8081,642.3070457000003,-50.4375,-11.375,84.25,50.4375,,248.60289001464844,,,,,,
8082,642.3830929000005,-91.9375,-12.0,90.5625,91.9375,,248.60289001464844,,,,,,
8083,642.4598104000006,2.310546875,-19.78125,43.75,-2.310546875,,248.60289001464844,,,,,,
8084,642.5372080000006,-37.0,0.5,75.0,37.0,,248.60289001464844,,,,,,
8085,642.6157529000002,73.5,-14.34375,-63.40625,-73.5,,248.60289001464844,,,,,,
8086,642.6928967000003,-14.0390625,5.9609375,-16.71875,14.0390625,,248.60289001464844,,,,,,
8087,642.7723460000007,-68.8125,-25.75,98.875,68.8125,,248.60289001464844,,,,,,
8088,642.8487774000005,-110.625,-19.875,102.5625,110.625,,248.60289001464844,,,,,,
8089,642.9266533,-76.125,-5.0625,76.6875,76.125,,248.60289001464844,,,,,,
8090,643.0026347000003,-76.6875,-6.3125,86.125,76.6875,,248.60289001464844,,,,,,
8091,643.0790764000003,-42.03125,15.84375,39.25,42.03125,,248.60289001464844,,,,,,
8092,643.1569229000006,28.0,-11.625,-0.57958984375,-28.0,,248.60289001464844,,,,,,
8093,643.2355323000002,8.0234375,-21.765625,-15.984375,-8.0234375,,248.60289001464844,,,,,,
8094,643.3118537,-22.90625,-12.21875,16.9375,22.90625,,248.60289001464844,,,,,,
8095,643.3899422000004,-44.09375,-23.25,87.25,44.09375,,248.60289001464844,,,,,,
8096,643.4680968000002,38.125,-3.96875,-1.8525390625,-38.125,,248.60289001464844,,,,,,
8097,643.5444493000005,31.0625,-18.859375,14.1875,-31.0625,,248.60289001464844,,,,,,
8098,643.6227552999999,40.4375,-18.90625,-16.28125,-40.4375,,248.60289001464844,,,,,,
8099,643.6992754000003,-74.8125,5.75,35.0625,74.8125,,248.60289001464844,,,,,,
8100,643.7837561000006,-77.125,-6.28125,68.125,77.125,,248.60289001464844,,8.943750381469727,0.4387460947036743,8.103283882141113,9.026498794555664,9.520782470703125
8101,643.8625767000003,-42.59375,-3.6875,94.0,42.59375,,248.60289001464844,,,,,,
8102,643.9389612000004,-48.25,12.875,-51.78125,48.25,,248.60289001464844,,,,,,
8103,644.015875,-37.8125,14.4296875,-2.7265625,37.8125,,248.60289001464844,,,,,,
8104,644.0953987000003,-49.4375,-14.640625,38.75,49.4375,,248.60289001464844,,,,,,
8105,644.1721198000005,-50.15625,-10.28125,68.6875,50.15625,,248.60289001464844,,,,,,
8106,644.2498115000008,-53.09375,-16.25,80.5,53.09375,,248.60289001464844,,,,,,
8107,644.3287728000005,-27.984375,-21.65625,56.90625,27.984375,,248.60289001464844,,,,,,
8108,644.4047954000007,71.1875,-0.875,-67.625,-71.1875,,248.60289001464844,,,,,,
8109,644.4825744,53.625,-16.828125,-30.078125,-53.625,,248.60289001464844,,,,,,
8110,644.5615802000002,42.4375,-28.6875,-10.53125,-42.4375,,248.60289001464844,,,,,,
8111,644.6418416000006,99.625,-25.21875,-30.0,-99.625,,248.60289001464844,,,,,,
8112,644.7188701000005,0.458740234375,-27.90625,-19.15625,-0.458740234375,,248.60289001464844,,,,,,
8113,644.7983416000006,-115.625,-8.3125,103.8125,115.625,,248.60289001464844,,,,,,
8114,644.8769568000007,-212.25,-26.375,220.625,212.25,,248.60289001464844,,,,,,
8115,644.9569224000006,-173.875,-16.75,187.125,173.875,,248.60289001464844,,,,,,
8116,645.0347972,-129.125,-24.75,150.375,129.125,,248.60289001464844,,,,,,
8117,645.1120269000003,-4.46875,-19.1875,64.25,4.46875,,248.60289001464844,,,,,,
8118,645.1869173000005,61.0625,-29.5625,-6.12109375,-61.0625,,248.60289001464844,,,,,,
8119,645.2647606,131.625,-24.0,-70.875,-131.625,,248.60289001464844,,,,,,
8120,645.3478480000003,7.30859375,-12.859375,-21.953125,-7.30859375,,248.60289001464844,,7.549674034118652,0.3035268485546112,7.090882301330566,7.4998979568481445,8.059947967529297
8121,645.4255426,-7.984375,5.09375,11.625,7.984375,,248.60289001464844,,,,,,
8122,645.5025054000007,-15.3828125,-15.453125,42.28125,15.3828125,,248.60289001464844,,,,,,
8123,645.5808891000006,-68.1875,-9.375,104.6875,68.1875,,248.60289001464844,,,,,,
8124,645.6561062000001,-13.6484375,-14.84375,52.5625,13.6484375,,248.60289001464844,,,,,,
8125,645.7345265000004,-26.921875,-4.8359375,-8.96875,26.921875,,248.60289001464844,,,,,,
8126,645.8111139000002,-25.21875,-44.09375,53.875,25.21875,,248.60289001464844,,,,,,
8127,645.8880646000007,-59.3125,-8.09375,64.3125,59.3125,,248.60289001464844,,,,,,
8128,645.9657194000001,-132.875,-11.8125,108.9375,132.875,,248.60289001464844,,,,,,
8129,646.0453870000001,-103.9375,-8.4375,117.625,103.9375,,248.60289001464844,,,,,,
8130,646.1219974000005,-21.828125,-15.4375,72.1875,21.828125,,248.60289001464844,,,,,,
8131,646.1969760000002,-18.765625,-23.53125,62.84375,18.765625,,248.60289001464844,,,,,,
8132,646.2729353000004,72.0,-8.28125,6.32421875,-72.0,,248.60289001464844,,,,,,
8133,646.3519923000003,25.859375,-1.34375,-63.09375,-25.859375,,248.60289001464844,,,,,,
8134,646.4293422999999,43.78125,-3.875,-68.9375,-43.78125,,248.60289001464844,,,,,,
8135,646.5064935999999,-13.671875,-18.0625,10.578125,13.671875,,248.60289001464844,,,,,,
8136,646.5838135000004,-77.1875,-26.96875,60.78125,77.1875,,248.60289001464844,,,,,,
8137,646.6809655000006,-76.1875,-9.875,129.375,76.1875,,248.60289001464844,,,,,,
8138,646.7562341000003,-33.75,-2.265625,24.78125,33.75,,248.60289001464844,,,,,,
8139,646.8345438000006,75.8125,-39.59375,-9.03125,-75.8125,,248.60289001464844,,,,,,
8140,646.9169732,22.953125,-18.875,-4.94140625,-22.953125,,248.60289001464844,,6.192435264587402,0.2706141769886017,5.8633952140808105,6.1265950202941895,6.7131876945495605
8141,646.9962027000001,-102.6875,-17.84375,78.8125,102.6875,,248.60289001464844,,,,,,
8142,647.0717371000001,-103.875,-29.5625,120.3125,103.875,,248.60289001464844,,,,,,
8143,647.1476472000004,-57.40625,-6.5,85.1875,57.40625,,248.60289001464844,,,,,,
8144,647.2244782000007,-7.65625,-14.0625,6.390625,7.65625,,248.60289001464844,,,,,,
8145,647.3025433000003,105.0625,-39.5,-102.875,-105.0625,,248.60289001464844,,,,,,
8146,647.379551,-4.21484375,-10.5,-10.0,4.21484375,,248.60289001464844,,,,,,
8147,647.4578662000004,17.0625,-17.390625,18.890625,-17.0625,,248.60289001464844,,,,,,
8148,647.5359282,3.8984375,-7.59375,-20.3125,-3.8984375,,248.60289001464844,,,,,,
8149,647.6153020000002,-9.9921875,-2.9453125,17.65625,9.9921875,,248.60289001464844,,,,,,
8150,647.692016,-81.625,-15.3125,81.4375,81.625,,248.60289001464844,,,,,,
8151,647.7697232999999,-141.125,-4.625,180.5,141.125,,248.60289001464844,,,,,,
8152,647.8485976000002,-116.3125,-11.0,98.6875,116.3125,,248.60289001464844,,,,,,
8153,647.9265560000003,-133.0,-3.625,152.125,133.0,,248.60289001464844,,,,,,
8154,648.0019843,-38.96875,-13.0,76.0,38.96875,,248.60289001464844,,,,,,
8155,648.0779944000005,32.4375,-14.375,-20.40625,-32.4375,,248.60289001464844,,,,,,
8156,648.1552082000007,54.125,-15.65625,-39.40625,-54.125,,248.60289001464844,,,,,,
8157,648.2335317000006,16.90625,-8.953125,28.171875,-16.90625,,248.60289001464844,,,,,,
8158,648.3081484000004,25.5625,-5.0546875,4.64453125,-25.5625,,248.60289001464844,,,,,,
8159,648.3844462000006,35.75,-20.59375,-8.9453125,-35.75,,248.60289001464844,,,,,,
8160,648.4667087000007,-10.46875,-7.625,22.96875,10.46875,,248.60289001464844,,7.858071327209473,0.3054518699645996,7.418604850769043,7.8911285400390625,8.381948471069336
8161,648.5444489000001,-92.375,1.1875,76.5,92.375,,248.60289001464844,,,,,,
8162,648.6290082000005,-142.625,-22.625,152.25,142.625,,248.60289001464844,,,,,,
8163,648.7126155000005,-57.0625,-6.8125,68.75,57.0625,,248.60289001464844,,,,,,
8164,648.7996042000004,-34.53125,-10.5,57.40625,34.53125,,248.60289001464844,,,,,,
8165,648.8978549000003,40.28125,-12.21875,-41.0625,-40.28125,,248.60289001464844,,,,,,
8166,648.9841608000006,41.6875,-12.3671875,-14.1484375,-41.6875,,248.60289001464844,,,,,,
8167,649.0736554000005,36.96875,-4.796875,-21.1875,-36.96875,,248.60289001464844,,,,,,
8168,649.1590821,72.1875,-10.9375,-28.53125,-72.1875,,248.60289001464844,,,,,,
8169,649.2417310999999,6.93359375,-15.0625,1.43359375,-6.93359375,,248.60289001464844,,,,,,
8170,649.3276409,-155.375,-15.9375,137.375,155.375,,248.60289001464844,,,,,,
8171,649.4054647000003,-118.875,-21.3125,133.875,118.875,,248.60289001464844,,,,,,
8172,649.4854906,-114.625,-9.5625,115.375,114.625,,248.60289001464844,,,,,,
8173,649.5652440000003,-147.0,-16.375,140.375,147.0,,248.60289001464844,,,,,,
8174,649.6466581000004,-42.40625,-27.0,107.4375,42.40625,,248.60289001464844,,,,,,
8175,649.7249832000007,36.75,-14.046875,33.15625,-36.75,,248.60289001464844,,,,,,
8176,649.8067944000004,150.5,-24.9375,-109.4375,-150.5,,248.60289001464844,,,,,,
8177,649.8874687000007,47.625,-31.5625,-89.6875,-47.625,,248.60289001464844,,,,,,
8178,649.9703772000003,-37.71875,-7.21875,26.328125,37.71875,,248.60289001464844,,,,,,
8179,650.0498287,57.6875,-37.25,-29.296875,-57.6875,,248.60289001464844,,,,,,
8180,650.1348729000001,28.90625,-27.484375,38.625,-28.90625,,248.60289001464844,,7.846297264099121,0.3586920201778412,7.354996681213379,7.782262325286865,8.467700004577637
8181,650.2139471,-40.09375,-17.125,41.78125,40.09375,,248.60289001464844,,,,,,
8182,650.2932228,-46.03125,-20.015625,35.59375,46.03125,,248.60289001464844,,,,,,
8183,650.3698903000004,42.96875,-12.21875,14.4453125,-42.96875,,248.60289001464844,,,,,,
8184,650.4492495000004,-76.1875,-30.78125,80.875,76.1875,,248.60289001464844,,,,,,
8185,650.5293915000002,-94.9375,-18.4375,105.875,94.9375,,248.60289001464844,,,,,,
8186,650.6071252000002,-26.515625,-12.4375,76.9375,26.515625,,248.60289001464844,,,,,,
8187,650.6871965999999,-9.1484375,-36.96875,13.2265625,9.1484375,,248.60289001464844,,,,,,
8188,650.7657858000002,-80.375,-11.1875,122.125,80.375,,248.60289001464844,,,,,,
8189,650.8472580000007,-38.15625,-6.625,50.65625,38.15625,,248.60289001464844,,,,,,
8190,650.9297069000004,-6.92578125,-16.546875,39.46875,6.92578125,,248.60289001464844,,,,,,
8191,651.0138213,73.5625,-24.3125,-49.875,-73.5625,,248.60289001464844,,,,,,
8192,651.0993778000002,70.0625,-18.0625,-68.8125,-70.0625,,248.60289001464844,,,,,,
8193,651.1825021000004,61.1875,-19.0625,-35.5625,-61.1875,,248.60289001464844,,,,,,
8194,651.2603801000005,-9.9375,-6.63671875,9.0703125,9.9375,,248.60289001464844,,,,,,
8195,651.3379252000004,-42.8125,-22.90625,81.625,42.8125,,248.60289001464844,,,,,,
8196,651.4181154000007,-64.5625,-31.1875,97.25,64.5625,,248.60289001464844,,,,,,
8197,651.4956431,-151.875,-13.625,158.25,151.875,,248.60289001464844,,,,,,
8198,651.5743929999999,-87.0625,-36.75,106.0,87.0625,,248.60289001464844,,,,,,
8199,651.6544895000006,-101.1875,-13.125,109.5625,101.1875,,248.60289001464844,,,,,,
8200,651.7366645000002,26.140625,-17.765625,20.140625,-26.140625,,248.60289001464844,,6.932265281677246,0.3144051730632782,6.4994306564331055,6.8861083984375,7.46852445602417
8201,651.8143338,131.25,-19.8125,-75.0625,-131.25,,248.60289001464844,,,,,,
8202,651.8934747000003,63.125,-18.8125,-35.9375,-63.125,,248.60289001464844,,,,,,
8203,651.9748672000005,-3.81640625,-35.15625,14.1484375,3.81640625,,248.60289001464844,,,,,,
8204,652.0522672000006,-64.625,-9.8125,63.21875,64.625,,248.60289001464844,,,,,,
8205,652.1317761999999,16.390625,-23.5625,16.46875,-16.390625,,248.60289001464844,,,,,,
8206,652.2089591000004,-15.9140625,-5.546875,-17.84375,15.9140625,,248.60289001464844,,,,,,
8207,652.2866787000003,-10.875,-39.34375,73.4375,10.875,,248.60289001464844,,,,,,
8208,652.3648565000003,-71.0,-27.40625,77.6875,71.0,,248.60289001464844,,,,,,
8209,652.4430001000001,-41.625,-41.75,110.375,41.625,,248.60289001464844,,,,,,
8210,652.5216247000008,-72.75,-32.625,126.0625,72.75,,248.60289001464844,,,,,,
8211,652.6006039000004,61.53125,-3.130859375,2.169921875,-61.53125,,248.60289001464844,,,,,,
8212,652.6834951000001,58.09375,-15.7890625,-9.3046875,-58.09375,,248.60289001464844,,,,,,
8213,652.7608313999999,-39.34375,-17.609375,37.1875,39.34375,,248.60289001464844,,,,,,
8214,652.8371799000006,-0.83984375,-24.25,19.796875,0.83984375,,248.60289001464844,,,,,,
8215,652.9169191999999,-66.9375,-16.5,60.25,66.9375,,248.60289001464844,,,,,,
8216,652.9974773000004,-60.4375,-27.75,107.5625,60.4375,,248.60289001464844,,,,,,
8217,653.0740548000003,-127.5625,-17.5,164.875,127.5625,,248.60289001464844,,,,,,
8218,653.1499641,-52.65625,-10.8125,55.65625,52.65625,,248.60289001464844,,,,,,
8219,653.2262277,89.9375,-22.28125,-44.34375,-89.9375,,248.60289001464844,,,,,,
8220,653.3102341000003,57.84375,-41.9375,-2.5859375,-57.84375,,248.60289001464844,,8.998800277709961,1.0997732877731323,6.647883415222168,9.405227661132812,10.168380737304688
8221,653.3870015000002,14.59375,-13.6875,-4.51171875,-14.59375,,248.60289001464844,,,,,,
8222,653.4628566000001,2.6328125,-13.0625,10.9765625,-2.6328125,,248.60289001464844,,,,,,
8223,653.5384756000003,13.328125,-20.125,4.8671875,-13.328125,,248.60289001464844,,,,,,
8224,653.6162797000006,-89.5625,-18.25,65.625,89.5625,,248.60289001464844,,,,,,
8225,653.6927748000007,-127.5,-15.125,127.9375,127.5,,248.60289001464844,,,,,,
8226,653.7703998000006,-91.875,-19.625,129.75,91.875,,248.60289001464844,,,,,,
8227,653.8470969,28.8125,-76.25,66.6875,-28.8125,,248.60289001464844,,,,,,
8228,653.9248457000003,5.06640625,-47.125,48.0625,-5.06640625,,248.60289001464844,,,,,,
8229,654.0028396000007,-136.375,0.9375,120.75,136.375,,248.60289001464844,,,,,,
8230,654.0790836000006,-92.625,-37.375,177.75,92.625,,248.60289001464844,,,,,,
8231,654.1550440999999,-107.6875,-47.5,138.5,107.6875,,248.60289001464844,,,,,,
8232,654.2318806000003,-116.5625,19.25,133.25,116.5625,,248.60289001464844,,,,,,
8233,654.3076014000007,58.375,-15.296875,3.28515625,-58.375,,248.60289001464844,,,,,,
8234,654.3821876000002,139.25,-9.15625,-54.25,-139.25,,248.60289001464844,,,,,,
8235,654.4597561,85.0625,-22.390625,-16.015625,-85.0625,,248.60289001464844,,,,,,
8236,654.5369276000001,-18.953125,-11.28125,-5.55859375,18.953125,,248.60289001464844,,,,,,
8237,654.6124850000006,-29.390625,-15.234375,36.21875,29.390625,,248.60289001464844,,,,,,
8238,654.6887888000001,-86.0,-8.59375,46.1875,86.0,,248.60289001464844,,,,,,
8239,654.7650336000006,-140.0,-13.75,163.125,140.0,,248.60289001464844,,,,,,
8240,654.8479955000003,-86.6875,-25.5625,107.875,86.6875,,248.60289001464844,,8.097373008728027,0.3426555097103119,7.608623504638672,8.127462387084961,8.51986312866211
8241,654.9246754000005,-63.6875,-40.5,99.875,63.6875,,248.60289001464844,,,,,,
8242,655.0035597000006,-55.4375,-21.15625,59.375,55.4375,,248.60289001464844,,,,,,
8243,655.0797798000003,-24.4375,-25.4375,73.4375,24.4375,,248.60289001464844,,,,,,
8244,655.1580413000001,80.4375,-38.375,10.609375,-80.4375,,248.60289001464844,,,,,,
8245,655.2352891,25.96875,19.71875,-59.8125,-25.96875,,248.60289001464844,,,,,,
8246,655.3118313000004,9.2890625,-8.0625,4.52734375,-9.2890625,,248.60289001464844,,,,,,
8247,655.3989520000005,84.4375,-33.40625,-5.4375,-84.4375,,248.60289001464844,,,,,,
8248,655.4753968000005,7.99609375,-19.78125,41.3125,-7.99609375,,248.60289001464844,,,,,,
8249,655.5533947000004,-94.625,-9.90625,64.75,94.625,,248.60289001464844,,,,,,
8250,655.6312993000001,-83.75,-5.5,72.25,83.75,,248.60289001464844,,,,,,
8251,655.7084046,-125.0,-18.0625,100.125,125.0,,248.60289001464844,,,,,,
8252,655.7849537000002,-74.625,-22.9375,112.625,74.625,,248.60289001464844,,,,,,
8253,655.8631414000001,-19.1875,-21.84375,81.5625,19.1875,,248.60289001464844,,,,,,
8254,655.9398354000004,-68.75,-8.5625,67.375,68.75,,248.60289001464844,,,,,,
8255,656.0180908000002,-0.7705078125,-19.453125,14.3828125,0.7705078125,,248.60289001464844,,,,,,
8256,656.0944892000007,10.984375,-18.75,22.21875,-10.984375,,248.60289001464844,,,,,,
8257,656.1727983000001,-36.90625,-53.625,66.625,36.90625,,248.60289001464844,,,,,,
8258,656.2510342000005,-140.25,1.75,150.0,140.25,,248.60289001464844,,,,,,
8259,656.3282773000001,-122.625,-20.75,159.75,122.625,,248.60289001464844,,,,,,
8260,656.4123366000003,-50.59375,-18.6875,88.9375,50.59375,,248.60289001464844,,6.712105751037598,0.35149267315864563,6.256185054779053,6.663244247436523,7.405501842498779
8261,656.4894375000003,33.90625,-47.6875,45.34375,-33.90625,,248.60289001464844,,,,,,
8262,656.5651323000002,-17.953125,-18.09375,76.5,17.953125,,248.60289001464844,,,,,,
8263,656.6416632999999,84.0625,-25.96875,-34.0,-84.0625,,248.60289001464844,,,,,,
8264,656.7188409999999,70.8125,-17.375,-55.4375,-70.8125,,248.60289001464844,,,,,,
8265,656.7958429,45.03125,-14.375,-44.84375,-45.03125,,248.60289001464844,,,,,,
8266,656.8779757000002,10.875,-22.640625,-0.11492919921875,-10.875,,248.60289001464844,,,,,,
8267,656.9549691000002,-3.294921875,-25.625,16.90625,3.294921875,,248.60289001464844,,,,,,
8268,657.0339586999999,-38.28125,0.25,69.375,38.28125,,248.60289001464844,,,,,,
8269,657.1119285000004,-46.75,-12.09375,54.09375,46.75,,248.60289001464844,,,,,,
8270,657.1885006000002,-116.625,-13.375,141.25,116.625,,248.60289001464844,,,,,,
8271,657.2646908000006,-97.5625,-9.75,90.5,97.5625,,248.60289001464844,,,,,,
8272,657.3421593000003,-60.125,-19.125,115.3125,60.125,,248.60289001464844,,,,,,
8273,657.4202774000005,-29.53125,-18.0,27.703125,29.53125,,248.60289001464844,,,,,,
8274,657.4964116000001,8.59375,-27.453125,47.28125,-8.59375,,248.60289001464844,,,,,,
8275,657.5729203000001,-16.234375,-11.7890625,25.578125,16.234375,,248.60289001464844,,,,,,
8276,657.6496523000005,24.390625,-15.2265625,4.09375,-24.390625,,248.60289001464844,,,,,,
8277,657.7268543999999,28.25,-49.0,-11.171875,-28.25,,248.60289001464844,,,,,,
8278,657.8036596000002,0.9423828125,-10.40625,-33.1875,-0.9423828125,,248.60289001464844,,,,,,
8279,657.8804710000004,14.7109375,-16.5,-0.419677734375,-14.7109375,,248.60289001464844,,,,,,
8280,657.9642632000005,-65.9375,-18.4375,39.53125,65.9375,,248.60289001464844,,6.630794048309326,0.24458427727222443,6.275467872619629,6.661687850952148,6.964885234832764
8281,658.0416051000002,-9.984375,1.75,65.9375,9.984375,,248.60289001464844,,,,,,
8282,658.1211708000001,-22.515625,-15.484375,39.03125,22.515625,,248.60289001464844,,,,,,
8283,658.1962604999999,-32.78125,-6.3125,71.625,32.78125,,248.60289001464844,,,,,,
8284,658.2748578000001,-46.8125,-24.4375,52.21875,46.8125,,248.60289001464844,,,,,,
8285,658.3516619000002,-51.4375,-27.4375,82.8125,51.4375,,248.60289001464844,,,,,,
8286,658.4290873,-64.9375,-17.625,84.9375,64.9375,,248.60289001464844,,,,,,
8287,658.5040048000001,-55.3125,-17.75,67.5,55.3125,,248.60289001464844,,,,,,
8288,658.5811829000004,29.515625,-9.953125,31.96875,-29.515625,,248.60289001464844,,,,,,
8289,658.6580947000002,32.5625,-14.0,1.6123046875,-32.5625,,248.60289001464844,,,,,,
8290,658.7357418000001,-17.921875,-18.359375,34.6875,17.921875,,248.60289001464844,,,,,,
8291,658.8131556000008,-33.15625,-17.984375,17.84375,33.15625,,248.60289001464844,,,,,,
8292,658.8902837000005,46.4375,-19.96875,14.421875,-46.4375,,248.60289001464844,,,,,,
8293,658.9666114000001,-49.8125,-16.5,48.53125,49.8125,,248.60289001464844,,,,,,
8294,659.0444104000007,-4.921875,-42.34375,45.0,4.921875,,248.60289001464844,,,,,,
8295,659.1222807000004,-81.875,-29.9375,93.3125,81.875,,248.60289001464844,,,,,,
8296,659.1996323000003,-122.9375,-35.9375,159.125,122.9375,,248.60289001464844,,,,,,
8297,659.2780796000006,-39.09375,-21.8125,64.875,39.09375,,248.60289001464844,,,,,,
8298,659.3561967000005,54.5,-17.421875,-23.984375,-54.5,,248.60289001464844,,,,,,
8299,659.4333035,40.40625,-7.6328125,-14.1953125,-40.40625,,248.60289001464844,,,,,,
8300,659.5197307000008,29.140625,-16.65625,-24.3125,-29.140625,,248.60289001464844,,6.7847819328308105,0.2223442643880844,6.532993793487549,6.733975410461426,7.090709209442139
8301,659.5967209999999,33.4375,-16.109375,-8.0625,-33.4375,,248.60289001464844,,,,,,
8302,659.6750194000006,29.84375,-15.328125,-23.296875,-29.84375,,248.60289001464844,,,,,,
8303,659.7523318000003,-68.4375,-18.5,88.875,68.4375,,248.60289001464844,,,,,,
8304,659.8300615000007,-23.3125,-21.375,68.125,23.3125,,248.60289001464844,,,,,,
8305,659.9056390000005,-84.125,-14.9375,108.0625,84.125,,248.60289001464844,,,,,,
8306,659.9824384000003,-42.5,-13.1875,58.65625,42.5,,248.60289001464844,,,,,,
8307,660.0714324999999,-24.015625,-28.984375,11.390625,24.015625,,248.60289001464844,,,,,,
8308,660.1495609000003,75.25,-19.84375,-24.90625,-75.25,,248.60289001464844,,,,,,
8309,660.2272655000006,85.3125,-15.5625,-77.0625,-85.3125,,248.60289001464844,,,,,,
8310,660.3043045000004,21.765625,-15.203125,2.70703125,-21.765625,,248.60289001464844,,,,,,
8311,660.3815592000001,-8.65625,-16.40625,33.65625,8.65625,,248.60289001464844,,,,,,
8312,660.4595288999999,-71.8125,-15.625,85.625,71.8125,,248.60289001464844,,,,,,
8313,660.5371424000004,-73.5,-26.6875,98.5,73.5,,248.60289001464844,,,,,,
8314,660.6130504000002,-168.375,-21.125,151.625,168.375,,248.60289001464844,,,,,,
8315,660.6927916000004,-68.0625,-20.25,88.375,68.0625,,248.60289001464844,,,,,,
8316,660.7704025000003,65.75,-19.109375,-21.765625,-65.75,,248.60289001464844,,,,,,
8317,660.8478795000001,94.375,-16.1875,-83.5625,-94.375,,248.60289001464844,,,,,,
8318,660.9247639000005,27.296875,-19.9375,-43.84375,-27.296875,,248.60289001464844,,,,,,
8319,661.0006421000007,-18.609375,-11.03125,37.125,18.609375,,248.60289001464844,,,,,,
8320,661.0885084000001,26.5,-16.890625,5.83203125,-26.5,,248.60289001464844,,6.230022430419922,0.2767650783061981,5.853334903717041,6.200690269470215,6.6877570152282715
8321,661.1651664999999,-93.25,-36.375,72.5,93.25,,248.60289001464844,,,,,,
8322,661.2438044999999,-153.625,-20.75,179.625,153.625,,248.60289001464844,,,,,,
8323,661.3225266,-76.125,-20.71875,71.0,76.125,,248.60289001464844,,,,,,
8324,661.3994413,-74.375,-3.34375,52.3125,74.375,,248.60289001464844,,,,,,
8325,661.4769409,-18.828125,-20.625,54.28125,18.828125,,248.60289001464844,,,,,,
8326,661.5542377000002,26.171875,-13.2734375,15.8828125,-26.171875,,248.60289001464844,,,,,,
8327,661.6312811000007,-4.01953125,-24.5625,12.5703125,4.01953125,,248.60289001464844,,,,,,
8328,661.7097188000007,-71.3125,-45.0,85.6875,71.3125,,248.60289001464844,,,,,,
8329,661.7871355000007,-97.875,-5.9375,127.5,97.875,,248.60289001464844,,,,,,
8330,661.8658345000003,60.96875,-28.71875,14.8671875,-60.96875,,248.60289001464844,,,,,,
8331,661.9433304000004,27.8125,-19.875,13.0234375,-27.8125,,248.60289001464844,,,,,,
8332,662.0217024000003,10.1015625,8.15625,-30.859375,-10.1015625,,248.60289001464844,,,,,,
8333,662.0992018000006,24.640625,-20.9375,13.6640625,-24.640625,,248.60289001464844,,,,,,
8334,662.1759533000004,-17.53125,-13.671875,-24.796875,17.53125,,248.60289001464844,,,,,,
8335,662.2510827000006,-78.9375,-12.6875,72.1875,78.9375,,248.60289001464844,,,,,,
8336,662.3288553000002,-84.125,-19.6875,85.6875,84.125,,248.60289001464844,,,,,,
8337,662.4056508000003,-67.3125,-7.0,101.75,67.3125,,248.60289001464844,,,,,,
8338,662.4833188000002,10.078125,-23.5,3.478515625,-10.078125,,248.60289001464844,,,,,,
8339,662.5595968000007,-15.4296875,-15.125,58.28125,15.4296875,,248.60289001464844,,,,,,
8340,662.6452520000003,-65.5,-24.125,110.125,65.5,,248.60289001464844,,6.8264007568359375,0.2721428871154785,6.410563945770264,6.831281661987305,7.271390914916992
8341,662.7232819999999,-114.875,-14.125,152.125,114.875,,248.60289001464844,,,,,,
8342,662.8000173999999,-7.51171875,-9.328125,12.4375,7.51171875,,248.60289001464844,,,,,,
8343,662.8777872000001,-41.15625,-25.875,84.125,41.15625,,248.60289001464844,,,,,,
8344,662.9579442000004,14.7265625,-4.640625,11.53125,-14.7265625,,248.60289001464844,,,,,,
8345,663.0373204000007,2.755859375,-7.50390625,8.8125,-2.755859375,,248.60289001464844,,,,,,
8346,663.1147012000001,-77.875,-49.625,92.9375,77.875,,248.60289001464844,,,,,,
8347,663.1919691000003,-90.75,-25.125,126.375,90.75,,248.60289001464844,,,,,,
8348,663.2712467000001,4.82421875,-11.734375,26.15625,-4.82421875,,248.60289001464844,,,,,,
8349,663.3482652000002,149.375,-28.625,-110.625,-149.375,,248.60289001464844,,,,,,
8350,663.4263579000008,36.1875,-11.40625,-35.21875,-36.1875,,248.60289001464844,,,,,,
8351,663.5041381000001,-40.4375,-6.234375,20.140625,40.4375,,248.60289001464844,,,,,,
8352,663.5816103000006,-84.625,-5.75,123.375,84.625,,248.60289001464844,,,,,,
8353,663.6610449,-103.125,-18.625,102.1875,103.125,,248.60289001464844,,,,,,
8354,663.7380841000004,-162.375,-23.0,179.375,162.375,,248.60289001464844,,,,,,
8355,663.8139375000001,-90.0,-18.25,154.625,90.0,,248.60289001464844,,,,,,
8356,663.8903753000004,20.078125,-16.0625,18.59375,-20.078125,,248.60289001464844,,,,,,
8357,663.9676835,37.46875,2.46875,-39.0,-37.46875,,248.60289001464844,,,,,,
8358,664.0462990000005,124.125,-18.4375,-94.0,-124.125,,248.60289001464844,,,,,,
8359,664.1260531000007,90.75,-8.5625,-104.5625,-90.75,,248.60289001464844,,,,,,
8360,664.2078519000006,86.0,-12.625,-90.75,-86.0,,248.60289001464844,,7.075965404510498,0.28996020555496216,6.709414005279541,7.017308712005615,7.535384178161621
8361,664.2874609,-106.9375,-33.59375,92.1875,106.9375,,248.60289001464844,,,,,,
8362,664.3646388000006,-201.5,-32.625,239.875,201.5,,248.60289001464844,,,,,,
8363,664.4474115000003,-137.375,-9.375,198.75,137.375,,248.60289001464844,,,,,,
8364,664.5241986000001,5.66796875,-38.9375,50.03125,-5.66796875,,248.60289001464844,,,,,,
8365,664.6025539000002,-45.59375,-44.15625,96.0,45.59375,,248.60289001464844,,,,,,
8366,664.6806864,-20.046875,-7.375,49.46875,20.046875,,248.60289001464844,,,,,,
8367,664.7646593,-22.828125,-22.890625,48.15625,22.828125,,248.60289001464844,,,,,,
8368,664.8638989000001,22.328125,-16.84375,8.203125,-22.328125,,248.60289001464844,,,,,,
8369,664.9412149,19.703125,-16.296875,2.310546875,-19.703125,,248.60289001464844,,,,,,
8370,665.0249466000005,98.375,-12.4375,-103.75,-98.375,,248.60289001464844,,,,,,
8371,665.1030423000002,63.84375,-13.21875,-55.34375,-63.84375,,248.60289001464844,,,,,,
8372,665.1798299000002,14.4609375,-17.3125,-20.40625,-14.4609375,,248.60289001464844,,,,,,
8373,665.2567697000004,-66.1875,-2.15625,63.1875,66.1875,,248.60289001464844,,,,,,
8374,665.3342273000007,26.359375,-39.09375,4.94921875,-26.359375,,248.60289001464844,,,,,,
8375,665.4126987,-29.359375,-6.078125,37.75,29.359375,,248.60289001464844,,,,,,
8376,665.4901081000007,-106.75,-13.8125,134.375,106.75,,248.60289001464844,,,,,,
8377,665.5660407000005,-139.75,-8.375,168.875,139.75,,248.60289001464844,,,,,,
8378,665.6440483000006,-97.8125,-18.1875,127.75,97.8125,,248.60289001464844,,,,,,
8379,665.7232047000007,27.265625,-12.6875,33.40625,-27.265625,,248.60289001464844,,,,,,
8380,665.8065941000004,80.3125,-21.84375,-48.28125,-80.3125,,248.60289001464844,,6.7941484451293945,0.3404040038585663,6.427648544311523,6.8124775886535645,7.234103679656982
8381,665.8858843000007,16.484375,-9.078125,-25.109375,-16.484375,,248.60289001464844,,,,,,
8382,665.9644885000007,-0.431884765625,-8.625,-17.0,0.431884765625,,248.60289001464844,,,,,,
8383,666.0432534000001,-75.125,-8.375,17.84375,75.125,,248.60289001464844,,,,,,
8384,666.1218703000004,-60.9375,2.59375,55.0625,60.9375,,248.60289001464844,,,,,,
8385,666.1978692000002,-46.59375,-16.75,38.96875,46.59375,,248.60289001464844,,,,,,
8386,666.2743144000005,-29.296875,-18.75,63.28125,29.296875,,248.60289001464844,,,,,,
8387,666.3737483000004,-1.513671875,-9.1875,36.09375,1.513671875,,248.60289001464844,,,,,,
8388,666.4923517000007,28.109375,-30.0625,19.40625,-28.109375,,248.60289001464844,,,,,,
8389,666.5967268000004,-36.0625,-14.03125,50.59375,36.0625,,248.60289001464844,,,,,,
8390,666.7015387000001,-62.28125,-16.25,77.375,62.28125,,248.60289001464844,,,,,,
8391,666.7997043000005,-80.375,-26.5625,95.6875,80.375,,248.60289001464844,,,,,,
8392,666.9178886,-99.8125,-16.5625,127.875,99.8125,,248.60289001464844,,,,,,
8393,667.0220961000005,-16.265625,-9.90625,40.09375,16.265625,,248.60289001464844,,,,,,
8394,667.1280833999999,-95.75,-21.625,111.6875,95.75,,248.60289001464844,,,,,,
8395,667.2449550000001,-14.7578125,-10.765625,33.25,14.7578125,,248.60289001464844,,,,,,
8396,667.3466091999999,44.78125,-16.3125,5.625,-44.78125,,248.60289001464844,,,,,,
8397,667.4526365000002,64.9375,-27.546875,-19.421875,-64.9375,,248.60289001464844,,,,,,
8398,667.5413588000001,51.28125,-23.921875,-20.890625,-51.28125,,248.60289001464844,,,,,,
8399,667.6322822000002,-49.6875,-22.34375,61.46875,49.6875,,248.60289001464844,,,,,,
8400,667.7331288000005,-17.5,16.65625,33.75,17.5,,248.60289001464844,,7.085454940795898,0.3907627463340759,6.469064235687256,7.035261154174805,7.720572471618652
8401,667.8465874000003,-57.40625,-13.1875,54.875,57.40625,,248.60289001464844,,,,,,
8402,667.9429786999999,-159.5,-17.5,159.75,159.5,,248.60289001464844,,,,,,
8403,668.0314117000007,-125.375,-47.375,192.25,125.375,,248.60289001464844,,,,,,
8404,668.1375850000004,-92.25,13.0,117.0,92.25,,248.60289001464844,,,,,,
8405,668.2307856000007,80.5,-19.4375,-19.8125,-80.5,,248.60289001464844,,,,,,
8406,668.3254622000004,99.75,-18.0625,-108.0,-99.75,,248.60289001464844,,,,,,
8407,668.4138075999999,25.796875,-8.0,-83.1875,-25.796875,,248.60289001464844,,,,,,
8408,668.4896021000004,6.625,-20.609375,36.03125,-6.625,,248.60289001464844,,,,,,
8409,668.5672866000004,-69.5625,-16.6875,83.0,69.5625,,248.60289001464844,,,,,,
8410,668.6447875000003,-98.375,-11.125,140.75,98.375,,248.60289001464844,,,,,,
8411,668.7225139000002,-71.625,-11.0,88.5,71.625,,248.60289001464844,,,,,,
8412,668.7994026000006,-43.1875,-18.84375,43.03125,43.1875,,248.60289001464844,,,,,,
8413,668.8776998000003,-30.984375,-16.984375,34.9375,30.984375,,248.60289001464844,,,,,,
8414,668.9602279999999,59.40625,-13.0625,-64.0625,-59.40625,,248.60289001464844,,,,,,
8415,669.0381366000001,14.4140625,-25.21875,17.671875,-14.4140625,,248.60289001464844,,,,,,
8416,669.1193942,-63.875,-37.6875,98.625,63.875,,248.60289001464844,,,,,,
8417,669.1957294000003,-53.78125,-14.515625,35.84375,53.78125,,248.60289001464844,,,,,,
8418,669.2752958000001,-50.21875,-12.5,57.375,50.21875,,248.60289001464844,,,,,,
8419,669.3533637999999,15.46875,-18.5,27.171875,-15.46875,,248.60289001464844,,,,,,
8420,669.4349037000002,-16.5,-6.2421875,19.375,16.5,,248.60289001464844,,6.351070404052734,0.22885291278362274,6.012388706207275,6.320516586303711,6.823624134063721
8421,669.5127159000003,-14.7890625,-15.578125,12.1640625,14.7890625,,248.60289001464844,,,,,,
8422,669.5906106000002,-60.1875,-23.171875,48.8125,60.1875,,248.60289001464844,,,,,,
8423,669.6675724000006,-22.96875,-18.78125,59.75,22.96875,,248.60289001464844,,,,,,
8424,669.7441868000005,3.87890625,-14.78125,10.59375,-3.87890625,,248.60289001464844,,,,,,
8425,669.8216703000007,5.19140625,-14.34375,1.34765625,-5.19140625,,248.60289001464844,,,,,,
8426,669.8967944000005,-63.40625,-19.59375,69.0625,63.40625,,248.60289001464844,,,,,,
8427,669.9775166,-12.234375,-6.890625,35.0625,12.234375,,248.60289001464844,,,,,,
8428,670.0581036000003,25.5,-11.03125,-41.28125,-25.5,,248.60289001464844,,,,,,
8429,670.1359731000002,48.3125,-17.359375,-27.953125,-48.3125,,248.60289001464844,,,,,,
8430,670.2154338999999,1.9345703125,-25.734375,42.46875,-1.9345703125,,248.60289001464844,,,,,,
8431,670.2922897000008,58.78125,-21.5625,-36.4375,-58.78125,,248.60289001464844,,,,,,
8432,670.3698742000006,39.4375,-8.125,-46.21875,-39.4375,,248.60289001464844,,,,,,
8433,670.4479703000006,-52.34375,-15.96875,56.59375,52.34375,,248.60289001464844,,,,,,
8434,670.5286650000007,-69.8125,-19.5625,88.8125,69.8125,,248.60289001464844,,,,,,
8435,670.6052166,-64.0,-11.8125,89.875,64.0,,248.60289001464844,,,,,,
8436,670.6858249000006,-6.2890625,-23.171875,35.96875,6.2890625,,248.60289001464844,,,,,,
8437,670.7615910000004,-67.5,39.5,-6.3125,67.5,,248.60289001464844,,,,,,
8438,670.8409234000001,-62.75,6.8125,68.3125,62.75,,248.60289001464844,,,,,,
8439,670.918737,3.94921875,-17.328125,20.765625,-3.94921875,,248.60289001464844,,,,,,
8440,671.0180396000005,2.58203125,-20.953125,29.515625,-2.58203125,,248.60289001464844,,7.051889419555664,0.4590800702571869,6.43094539642334,7.039006233215332,7.7227606773376465
8441,671.1097763000007,-35.59375,-9.671875,31.640625,35.59375,,248.60289001464844,,,,,,
8442,671.1894671,-70.625,-19.34375,66.75,70.625,,248.60289001464844,,,,,,
8443,671.2678081000004,-37.5625,-23.0625,49.5,37.5625,,248.60289001464844,,,,,,
8444,671.3445521000003,7.828125,-22.53125,-0.900390625,-7.828125,,248.60289001464844,,,,,,
8445,671.4202697999999,-21.890625,-39.1875,68.625,21.890625,,248.60289001464844,,,,,,
8446,671.4984061000005,-38.34375,-16.4375,59.125,38.34375,,248.60289001464844,,,,,,
8447,671.5755576000001,-73.75,-17.125,92.0,73.75,,248.60289001464844,,,,,,
8448,671.6545988000007,-90.8125,-20.5,85.75,90.8125,,248.60289001464844,,,,,,
8449,671.7306804,14.1796875,-15.609375,14.515625,-14.1796875,,248.60289001464844,,,,,,
8450,671.8076730000002,57.46875,-23.0,20.21875,-57.46875,,248.60289001464844,,,,,,
8451,671.8849525000005,7.76171875,-22.296875,16.390625,-7.76171875,,248.60289001464844,,,,,,
8452,671.9607989000006,-7.58203125,-26.375,86.0,7.58203125,,248.60289001464844,,,,,,
8453,672.0485256000002,6.48046875,-11.21875,11.609375,-6.48046875,,248.60289001464844,,,,,,
8454,672.1266949999999,-20.0625,-39.8125,64.3125,20.0625,,248.60289001464844,,,,,,
8455,672.2028116000001,-84.0625,-14.75,125.5625,84.0625,,248.60289001464844,,,,,,
8456,672.2811643000005,-101.3125,0.5,108.125,101.3125,,248.60289001464844,,,,,,
8457,672.3586247000003,-44.78125,-25.5625,97.0,44.78125,,248.60289001464844,,,,,,
8458,672.4368242,1.47265625,-0.4296875,-6.453125,-1.47265625,,248.60289001464844,,,,,,
8459,672.5144601000002,-6.3359375,-17.65625,26.453125,6.3359375,,248.60289001464844,,,,,,
8460,672.5960030000006,-6.59375,-17.1875,12.0234375,6.59375,,248.60289001464844,,6.269289970397949,0.25253039598464966,5.949625492095947,6.223605632781982,6.7288432121276855
8461,672.6740198000007,23.0625,-26.3125,1.8193359375,-23.0625,,248.60289001464844,,,,,,
8462,672.7527511000008,23.796875,-25.84375,-33.90625,-23.796875,,248.60289001464844,,,,,,
8463,672.8289549000001,-28.953125,-2.140625,23.53125,28.953125,,248.60289001464844,,,,,,
8464,672.9063237999999,41.09375,-18.03125,-32.625,-41.09375,,248.60289001464844,,,,,,
8465,673.006421,-47.34375,-30.109375,58.3125,47.34375,,248.60289001464844,,,,,,
8466,673.0864631000004,-123.8125,-16.6875,128.375,123.8125,,248.60289001464844,,,,,,
8467,673.1613272000004,-148.25,-23.625,148.75,148.25,,248.60289001464844,,,,,,
8468,673.2380592,-113.8125,-16.875,135.75,113.8125,,248.60289001464844,,,,,,
8469,673.3168132000001,-8.1171875,-8.40625,36.25,8.1171875,,248.60289001464844,,,,,,
8470,673.4003642000007,109.0,-24.46875,-33.46875,-109.0,,248.60289001464844,,,,,,
8471,673.4761046000003,17.359375,-15.0390625,-13.4921875,-17.359375,,248.60289001464844,,,,,,
8472,673.5529583000007,3.779296875,-21.921875,18.046875,-3.779296875,,248.60289001464844,,,,,,
8473,673.6502679000005,28.609375,-10.078125,-19.734375,-28.609375,,248.60289001464844,,,,,,
8474,673.7351886000006,63.25,-19.203125,-29.296875,-63.25,,248.60289001464844,,,,,,
8475,673.8126256000005,-52.125,4.046875,24.171875,52.125,,248.60289001464844,,,,,,
8476,673.8912614000001,-50.0,-6.65625,42.15625,50.0,,248.60289001464844,,,,,,
8477,673.9684592000003,-112.1875,-1.625,133.625,112.1875,,248.60289001464844,,,,,,
8478,674.0455382999999,16.0,-13.8515625,-0.99755859375,-16.0,,248.60289001464844,,,,,,
8479,674.1252666999999,28.75,-14.609375,-29.796875,-28.75,,248.60289001464844,,,,,,
8480,674.2106598,68.4375,-16.21875,-37.21875,-68.4375,,248.60289001464844,,7.049065113067627,0.17057892680168152,6.872191905975342,7.01932954788208,7.263444423675537
8481,674.2882462000007,50.1875,-6.1875,-67.5,-50.1875,,248.60289001464844,,,,,,
8482,674.3651227999999,-32.8125,-17.15625,31.21875,32.8125,,248.60289001464844,,,,,,
8483,674.4429829000001,-82.25,-4.8125,113.0,82.25,,248.60289001464844,,,,,,
8484,674.521624,-165.375,-20.0,157.375,165.375,,248.60289001464844,,,,,,
8485,674.5989877000002,-125.6875,-12.9375,123.6875,125.6875,,248.60289001464844,,,,,,
8486,674.6759486000001,-144.375,-13.8125,132.75,144.375,,248.60289001464844,,,,,,
8487,674.7560923999999,-32.59375,-12.390625,43.5,32.59375,,248.60289001464844,,,,,,
8488,674.8365262000007,93.4375,-12.4375,-59.875,-93.4375,,248.60289001464844,,,,,,
8489,674.9138131,87.1875,-8.9375,-60.125,-87.1875,,248.60289001464844,,,,,,
8490,674.9915471000004,-32.375,-14.5625,7.4921875,32.375,,248.60289001464844,,,,,,
8491,675.0696461000007,53.46875,12.5546875,-2.251953125,-53.46875,,248.60289001464844,,,,,,
8492,675.1488632999999,15.765625,-17.140625,4.13671875,-15.765625,,248.60289001464844,,,,,,
8493,675.2294474,71.25,-19.21875,-42.78125,-71.25,,248.60289001464844,,,,,,
8494,675.3053188000004,-59.53125,-20.4375,67.125,59.53125,,248.60289001464844,,,,,,
8495,675.3817766000002,-66.4375,-12.8125,56.375,66.4375,,248.60289001464844,,,,,,
8496,675.4593090000008,-82.375,-8.25,74.1875,82.375,,248.60289001464844,,,,,,
8497,675.5397136000001,-86.25,-13.25,83.125,86.25,,248.60289001464844,,,,,,
8498,675.6164878,-27.953125,-36.1875,108.9375,27.953125,,248.60289001464844,,,,,,
8499,675.6940595000005,15.90625,-4.078125,21.84375,-15.90625,,248.60289001464844,,,,,,
8500,675.7782198000004,123.0,-43.0,-41.1875,-123.0,,248.60289001464844,,8.410880088806152,0.9868926405906677,6.792741298675537,8.740598678588867,9.582962989807129
8501,675.8594686000006,91.9375,-23.5625,-96.4375,-91.9375,,248.60289001464844,,,,,,
8502,675.9384033000006,-21.9375,-12.46875,28.40625,21.9375,,248.60289001464844,,,,,,
8503,676.0169946000005,-101.875,-28.875,119.5625,101.875,,248.60289001464844,,,,,,
8504,676.0947075000004,-105.875,0.9375,127.3125,105.875,,248.60289001464844,,,,,,
8505,676.174317,-101.8125,-12.5,143.125,101.8125,,248.60289001464844,,,,,,
8506,676.2523217000007,-10.3984375,-12.03125,48.6875,10.3984375,,248.60289001464844,,,,,,
8507,676.3306511000001,13.28125,-10.421875,36.0,-13.28125,,248.60289001464844,,,,,,
8508,676.4086276000007,56.8125,-15.3125,-56.5625,-56.8125,,248.60289001464844,,,,,,
8509,676.4871575000006,39.21875,-16.828125,-27.828125,-39.21875,,248.60289001464844,,,,,,
8510,676.5644749000003,53.6875,-14.203125,-25.421875,-53.6875,,248.60289001464844,,,,,,
8511,676.6422044999999,43.5,3.0,-77.1875,-43.5,,248.60289001464844,,,,,,
8512,676.7187409000007,-57.78125,-22.78125,83.6875,57.78125,,248.60289001464844,,,,,,
8513,676.7957443000005,-152.875,-7.625,163.25,152.875,,248.60289001464844,,,,,,
8514,676.8745664000007,-68.875,-22.25,132.125,68.875,,248.60289001464844,,,,,,
8515,676.9574258000002,-71.3125,5.8125,92.875,71.3125,,248.60289001464844,,,,,,
8516,677.0344029000007,-55.25,-17.8125,58.6875,55.25,,248.60289001464844,,,,,,
8517,677.1112351000002,-27.0625,-16.34375,27.828125,27.0625,,248.60289001464844,,,,,,
8518,677.1902079000001,-24.328125,-15.515625,19.0625,24.328125,,248.60289001464844,,,,,,
8519,677.2675908000001,22.3125,-14.6953125,2.6796875,-22.3125,,248.60289001464844,,,,,,
8520,677.3512925000005,56.15625,-26.34375,-6.91015625,-56.15625,,248.60289001464844,,7.049698829650879,0.23100169003009796,6.565760135650635,7.070672512054443,7.397202968597412
8521,677.4291184000003,52.65625,-23.46875,-15.7890625,-52.65625,,248.60289001464844,,,,,,
8522,677.5067580000004,-51.0625,-8.71875,51.28125,51.0625,,248.60289001464844,,,,,,
8523,677.5824559000002,-11.3671875,-15.21875,24.03125,11.3671875,,248.60289001464844,,,,,,
8524,677.658265,-43.4375,-33.4375,59.5625,43.4375,,248.60289001464844,,,,,,
8525,677.7353435000005,-57.8125,9.1875,62.125,57.8125,,248.60289001464844,,,,,,
8526,677.8121346000007,26.09375,-19.1875,10.578125,-26.09375,,248.60289001464844,,,,,,
8527,677.8893392,38.25,-6.15625,-49.34375,-38.25,,248.60289001464844,,,,,,
8528,677.9660022000007,12.3515625,-26.71875,23.28125,-12.3515625,,248.60289001464844,,,,,,
8529,678.0417895999999,-35.34375,-4.82421875,4.84375,35.34375,,248.60289001464844,,,,,,
8530,678.1184210000001,-53.84375,-14.234375,42.21875,53.84375,,248.60289001464844,,,,,,
8531,678.1983542000007,-34.90625,-22.09375,56.40625,34.90625,,248.60289001464844,,,,,,
8532,678.2752543000006,19.53125,-2.984375,33.3125,-19.53125,,248.60289001464844,,,,,,
8533,678.3533151000001,60.9375,-4.1875,-61.3125,-60.9375,,248.60289001464844,,,,,,
8534,678.4306480000005,42.3125,-12.53125,-42.875,-42.3125,,248.60289001464844,,,,,,
8535,678.5093323000001,-11.78125,-8.8125,6.67578125,11.78125,,248.60289001464844,,,,,,
8536,678.5899177000001,-104.4375,-26.3125,122.9375,104.4375,,248.60289001464844,,,,,,
8537,678.6749182000003,-173.375,-20.125,183.25,173.375,,248.60289001464844,,,,,,
8538,678.7606388000004,-61.78125,-49.6875,159.625,61.78125,,248.60289001464844,,,,,,
8539,678.8525807000005,-37.25,-2.96875,53.875,37.25,,248.60289001464844,,,,,,
8540,678.9497190000002,-44.4375,25.46875,14.0859375,44.4375,,248.60289001464844,,7.430120468139648,0.2687858045101166,6.96505069732666,7.410418510437012,7.830699443817139
8541,679.0388376000001,37.5625,-19.46875,-4.4296875,-37.5625,,248.60289001464844,,,,,,
8542,679.1398118000006,-23.765625,-28.0625,31.015625,23.765625,,248.60289001464844,,,,,,
8543,679.2274372000002,-16.9375,-36.78125,37.0,16.9375,,248.60289001464844,,,,,,
8544,679.3130398000003,-18.796875,33.5,15.9765625,18.796875,,248.60289001464844,,,,,,
8545,679.3993522999999,-23.328125,-15.8515625,27.625,23.328125,,248.60289001464844,,,,,,
8546,679.4805729,-32.46875,-10.3125,52.875,32.46875,,248.60289001464844,,,,,,
8547,679.6013145000006,-47.40625,-23.1875,68.875,47.40625,,248.60289001464844,,,,,,
8548,679.7179151,-43.65625,-11.15625,49.09375,43.65625,,248.60289001464844,,,,,,
8549,679.8008710000004,9.25,-10.96875,14.5546875,-9.25,,248.60289001464844,,,,,,
8550,679.8814087999999,48.875,-19.0625,-1.1376953125,-48.875,,248.60289001464844,,,,,,
8551,679.9589663000006,30.953125,-19.109375,-2.962890625,-30.953125,,248.60289001464844,,,,,,
8552,680.0376180000003,8.078125,-15.34375,-1.9560546875,-8.078125,,248.60289001464844,,,,,,
8553,680.1184757000001,-35.4375,-38.25,26.53125,35.4375,,248.60289001464844,,,,,,
8554,680.1969263999999,-72.75,-10.875,98.0,72.75,,248.60289001464844,,,,,,
8555,680.2780869000007,4.75390625,-17.6875,62.25,-4.75390625,,248.60289001464844,,,,,,
8556,680.3607473000002,-15.3671875,-15.859375,-3.169921875,15.3671875,,248.60289001464844,,,,,,
8557,680.4406094000005,2.03125,-4.6875,-44.90625,-2.03125,,248.60289001464844,,,,,,
8558,680.5209004000008,30.671875,-41.59375,20.515625,-30.671875,,248.60289001464844,,,,,,
8559,680.6040714000001,-19.46875,12.28125,25.25,19.46875,,248.60289001464844,,,,,,
8560,680.6893321000007,-55.0625,-22.25,86.3125,55.0625,,248.60289001464844,,8.42227554321289,0.28976014256477356,8.05416488647461,8.359013557434082,8.961040496826172
8561,680.7674830000005,-65.25,-12.78125,73.5625,65.25,,248.60289001464844,,,,,,
8562,680.84771,-92.0,-17.125,94.125,92.0,,248.60289001464844,,,,,,
8563,680.9268433000007,57.5625,-25.46875,14.0625,-57.5625,,248.60289001464844,,,,,,
8564,681.0084622000004,95.375,-34.59375,-17.28125,-95.375,,248.60289001464844,,,,,,
8565,681.0930375000007,-12.1796875,-18.546875,-18.109375,12.1796875,,248.60289001464844,,,,,,
8566,681.1799270000001,-175.5,-8.5,162.625,175.5,,248.60289001464844,,,,,,
8567,681.2647513000002,-94.25,-2.875,132.5,94.25,,248.60289001464844,,,,,,
8568,681.3491487000001,-53.96875,-21.53125,53.9375,53.96875,,248.60289001464844,,,,,,
8569,681.4310915000005,-115.4375,-17.625,142.375,115.4375,,248.60289001464844,,,,,,
8570,681.5089860000007,4.578125,-28.203125,31.515625,-4.578125,,248.60289001464844,,,,,,
8571,681.5908300000001,52.09375,-12.828125,-25.859375,-52.09375,,248.60289001464844,,,,,,
8572,681.6708581000003,-0.32568359375,-43.9375,9.046875,0.32568359375,,248.60289001464844,,,,,,
8573,681.7504065000003,-24.21875,-16.890625,2.705078125,24.21875,,248.60289001464844,,,,,,
8574,681.8311075000001,109.9375,-32.78125,-36.84375,-109.9375,,248.60289001464844,,,,,,
8575,681.9113514999999,74.625,-13.0625,-40.65625,-74.625,,248.60289001464844,,,,,,
8576,681.9938316000007,44.03125,2.9375,-56.03125,-44.03125,,248.60289001464844,,,,,,
8577,682.0729378000005,55.625,-27.09375,-32.1875,-55.625,,248.60289001464844,,,,,,
8578,682.1500506000002,-43.78125,-29.375,41.21875,43.78125,,248.60289001464844,,,,,,
8579,682.2336404000007,-101.75,-12.9375,103.4375,101.75,,248.60289001464844,,,,,,
8580,682.3189759000006,44.4375,-22.03125,42.875,-44.4375,,248.60289001464844,,6.627398490905762,0.16083316504955292,6.40915584564209,6.6040191650390625,6.823263645172119
8581,682.3986499000002,-6.125,-25.671875,46.0,6.125,,248.60289001464844,,,,,,
8582,682.4771857000005,-74.0,-7.0625,68.375,74.0,,248.60289001464844,,,,,,
8583,682.5599816000004,-93.1875,-24.0625,79.8125,93.1875,,248.60289001464844,,,,,,
8584,682.6392610000003,-70.5,-18.1875,129.125,70.5,,248.60289001464844,,,,,,
8585,682.7173417000004,-20.875,0.125,65.1875,20.875,,248.60289001464844,,,,,,
8586,682.7971255000002,-50.71875,-42.4375,82.875,50.71875,,248.60289001464844,,,,,,
8587,682.8780094000003,-50.78125,-21.8125,82.125,50.78125,,248.60289001464844,,,,,,
8588,682.9548500999999,6.9921875,-11.8125,46.25,-6.9921875,,248.60289001464844,,,,,,
8589,683.0364704000003,82.4375,-17.75,-77.125,-82.4375,,248.60289001464844,,,,,,
8590,683.1182366000003,-54.625,-11.625,40.75,54.625,,248.60289001464844,,,,,,
8591,683.1951868000006,-8.875,-25.90625,64.6875,8.875,,248.60289001464844,,,,,,
8592,683.2794819000001,15.7734375,-25.21875,15.25,-15.7734375,,248.60289001464844,,,,,,
8593,683.3564516000006,-19.125,-21.546875,42.53125,19.125,,248.60289001464844,,,,,,
8594,683.4363055000003,-63.90625,-9.28125,55.53125,63.90625,,248.60289001464844,,,,,,
8595,683.5144397000004,-37.25,-12.875,102.8125,37.25,,248.60289001464844,,,,,,
8596,683.5906884000005,104.625,-36.375,-20.921875,-104.625,,248.60289001464844,,,,,,
8597,683.6682696000007,-11.46875,-14.234375,9.4453125,11.46875,,248.60289001464844,,,,,,
8598,683.7458919999999,-28.0,-12.71875,31.859375,28.0,,248.60289001464844,,,,,,
8599,683.8231547000005,-49.84375,-40.3125,70.5,49.84375,,248.60289001464844,,,,,,
8600,683.9063458999999,-56.28125,-6.25,91.4375,56.28125,,248.60289001464844,,7.3251166343688965,0.4181612730026245,6.766361236572266,7.314126014709473,8.062557220458984
8601,683.9847022000004,86.875,-16.03125,-46.40625,-86.875,,248.60289001464844,,,,,,
8602,684.0618150999999,77.125,-24.296875,-18.046875,-77.125,,248.60289001464844,,,,,,
8603,684.1406659000004,73.375,-18.65625,-54.40625,-73.375,,248.60289001464844,,,,,,
8604,684.2179933000007,-24.953125,-21.328125,22.6875,24.953125,,248.60289001464844,,,,,,
8605,684.2962209000007,-86.3125,-10.625,108.0,86.3125,,248.60289001464844,,,,,,
8606,684.3750389000006,-77.125,-12.4375,46.34375,77.125,,248.60289001464844,,,,,,
8607,684.4543328,-31.875,-12.5,90.0,31.875,,248.60289001464844,,,,,,
8608,684.5329302999999,-89.75,-10.125,67.625,89.75,,248.60289001464844,,,,,,
8609,684.6117036000005,-40.65625,-19.34375,77.75,40.65625,,248.60289001464844,,,,,,
8610,684.6893493000007,-23.109375,-11.6875,44.625,23.109375,,248.60289001464844,,,,,,
8611,684.7695309999999,-27.1875,-14.84375,77.5625,27.1875,,248.60289001464844,,,,,,
8612,684.8483752000002,-42.625,-4.4375,72.5625,42.625,,248.60289001464844,,,,,,
8613,684.9248339000005,-40.65625,-16.34375,51.5625,40.65625,,248.60289001464844,,,,,,
8614,685.0018772000003,22.5,-11.7421875,-11.3515625,-22.5,,248.60289001464844,,,,,,
8615,685.0814869000005,38.5,-27.828125,-1.876953125,-38.5,,248.60289001464844,,,,,,
8616,685.1634927000005,-89.5625,-8.625,56.09375,89.5625,,248.60289001464844,,,,,,
8617,685.2416339000001,-84.5,-16.8125,94.1875,84.5,,248.60289001464844,,,,,,
8618,685.3358279000004,-43.09375,-26.375,55.3125,43.09375,,248.60289001464844,,,,,,
8619,685.4109799000007,21.671875,-10.265625,-22.671875,-21.671875,,248.60289001464844,,,,,,
8620,685.4927541000006,55.78125,-12.0625,-43.9375,-55.78125,,248.60289001464844,,6.70914888381958,0.21222279965877533,6.398756504058838,6.706926345825195,7.057187080383301
8621,685.572408,20.59375,-16.46875,10.15625,-20.59375,,248.60289001464844,,,,,,
8622,685.6501664000007,4.49609375,-16.65625,11.8671875,-4.49609375,,248.60289001464844,,,,,,
8623,685.7274834,-31.5625,-17.921875,43.34375,31.5625,,248.60289001464844,,,,,,
8624,685.8059120000007,-51.40625,-17.625,86.9375,51.40625,,248.60289001464844,,,,,,
8625,685.8848885000007,-57.75,-15.59375,55.75,57.75,,248.60289001464844,,,,,,
8626,685.9629633000004,-20.53125,-32.375,69.125,20.53125,,248.60289001464844,,,,,,
8627,686.0407878000005,-34.96875,-12.0,53.9375,34.96875,,248.60289001464844,,,,,,
8628,686.1219701,-2.802734375,-16.03125,13.03125,2.802734375,,248.60289001464844,,,,,,
8629,686.1984677999999,37.25,-10.15625,52.75,-37.25,,248.60289001464844,,,,,,
8630,686.2764061000007,-48.96875,-4.5,70.875,48.96875,,248.60289001464844,,,,,,
8631,686.3528896000007,16.65625,1.96484375,5.02734375,-16.65625,,248.60289001464844,,,,,,
8632,686.4313218000007,18.953125,-11.984375,3.90234375,-18.953125,,248.60289001464844,,,,,,
8633,686.5069370000001,-81.3125,-24.25,73.0,81.3125,,248.60289001464844,,,,,,
8634,686.5845147,-19.84375,-16.46875,79.875,19.84375,,248.60289001464844,,,,,,
8635,686.6615867,-34.46875,-14.734375,32.875,34.46875,,248.60289001464844,,,,,,
8636,686.7404059,61.46875,-13.1484375,-11.6171875,-61.46875,,248.60289001464844,,,,,,
8637,686.8186718000006,29.0625,-16.59375,-13.4765625,-29.0625,,248.60289001464844,,,,,,
8638,686.8962787999999,-44.5625,-14.46875,62.09375,44.5625,,248.60289001464844,,,,,,
8639,686.9733527000008,-131.0,13.1875,106.4375,131.0,,248.60289001464844,,,,,,
8640,687.0556765000001,-97.625,-16.375,125.0,97.625,,248.60289001464844,,7.621693134307861,0.41811516880989075,6.90536642074585,7.754240036010742,8.124924659729004
8641,687.1342568,-10.8984375,-13.59375,34.0625,10.8984375,,248.60289001464844,,,,,,
8642,687.2116138000001,39.0625,-12.5625,-31.5625,-39.0625,,248.60289001464844,,,,,,
8643,687.2889904000003,3.71875,-11.359375,-25.828125,-3.71875,,248.60289001464844,,,,,,
8644,687.3644228000003,-9.265625,1.484375,3.17578125,9.265625,,248.60289001464844,,,,,,
8645,687.4419052000003,-52.65625,-35.0,70.3125,52.65625,,248.60289001464844,,,,,,
8646,687.5198983,-37.0625,-18.921875,44.4375,37.0625,,248.60289001464844,,,,,,
8647,687.5974372000001,15.296875,-15.4921875,27.078125,-15.296875,,248.60289001464844,,,,,,
8648,687.674602,-11.484375,-13.1171875,22.359375,11.484375,,248.60289001464844,,,,,,
8649,687.7524717000006,-40.9375,-11.703125,30.484375,40.9375,,248.60289001464844,,,,,,
8650,687.8282044000007,65.875,-18.34375,10.71875,-65.875,,248.60289001464844,,,,,,
8651,687.9055816,70.9375,-5.25,-82.75,-70.9375,,248.60289001464844,,,,,,
8652,687.9838944000003,8.171875,-56.5,26.84375,-8.171875,,248.60289001464844,,,,,,
8653,688.0625140000002,-41.59375,-6.265625,30.015625,41.59375,,248.60289001464844,,,,,,
8654,688.1419958000006,-127.375,-13.4375,134.125,127.375,,248.60289001464844,,,,,,
8655,688.2184200000002,-103.125,-15.0,111.0625,103.125,,248.60289001464844,,,,,,
8656,688.2945640000007,-125.375,-0.8125,119.625,125.375,,248.60289001464844,,,,,,
8657,688.3725628000002,-41.5625,-10.875,86.25,41.5625,,248.60289001464844,,,,,,
8658,688.4519422000003,97.8125,-9.3125,-81.75,-97.8125,,248.60289001464844,,,,,,
8659,688.5321156,104.5,-15.875,-134.125,-104.5,,248.60289001464844,,,,,,
8660,688.6154521000008,9.84375,-14.8125,-35.3125,-9.84375,,248.60289001464844,,6.686453819274902,0.5642374753952026,5.94603157043457,6.624662399291992,7.539637088775635
8661,688.6927673999999,5.9765625,21.6875,34.8125,-5.9765625,,248.60289001464844,,,,,,
8662,688.7700681000006,-73.1875,-12.3125,62.46875,73.1875,,248.60289001464844,,,,,,
8663,688.8486123000002,-121.9375,-21.75,151.875,121.9375,,248.60289001464844,,,,,,
8664,688.9259193000007,-101.875,-19.3125,135.875,101.875,,248.60289001464844,,,,,,
8665,689.0038069000002,-146.875,-9.9375,118.125,146.875,,248.60289001464844,,,,,,
8666,689.0825431000003,-67.4375,0.625,117.1875,67.4375,,248.60289001464844,,,,,,
8667,689.1591419000006,-9.53125,-22.765625,46.40625,9.53125,,248.60289001464844,,,,,,
8668,689.2359200000001,5.2421875,-0.328125,26.703125,-5.2421875,,248.60289001464844,,,,,,
8669,689.3161515000002,6.44140625,-10.8125,-5.12109375,-6.44140625,,248.60289001464844,,,,,,
8670,689.3946182,52.21875,-26.90625,-8.8984375,-52.21875,,248.60289001464844,,,,,,
8671,689.4739224000004,-10.359375,-28.1875,6.58984375,10.359375,,248.60289001464844,,,,,,
8672,689.550405,-46.65625,-7.8046875,21.15625,46.65625,,248.60289001464844,,,,,,
8673,689.6274785000005,-37.15625,-37.5625,44.25,37.15625,,248.60289001464844,,,,,,
8674,689.7041810999999,-63.15625,-9.96875,62.5625,63.15625,,248.60289001464844,,,,,,
8675,689.7807729000006,53.09375,-16.890625,2.220703125,-53.09375,,248.60289001464844,,,,,,
8676,689.8595143000002,76.1875,-18.421875,-19.765625,-76.1875,,248.60289001464844,,,,,,
8677,689.9374858000001,96.375,-20.53125,-49.09375,-96.375,,248.60289001464844,,,,,,
8678,690.0155164000007,-5.96875,-36.25,-5.24609375,5.96875,,248.60289001464844,,,,,,
8679,690.094239,-45.46875,-22.6875,68.125,45.46875,,248.60289001464844,,,,,,
8680,690.1759744000001,-39.78125,-15.625,39.96875,39.78125,,248.60289001464844,,6.233709335327148,0.1994335949420929,5.9864068031311035,6.179228782653809,6.56306791305542
8681,690.2544512000004,-68.0,-18.375,118.0625,68.0,,248.60289001464844,,,,,,
8682,690.3335137000004,-117.5,-10.75,99.25,117.5,,248.60289001464844,,,,,,
8683,690.4123594000002,-47.3125,-17.78125,75.5,47.3125,,248.60289001464844,,,,,,
8684,690.4884177000004,55.375,-41.21875,22.15625,-55.375,,248.60289001464844,,,,,,
8685,690.5667692000006,31.734375,-10.6640625,6.57421875,-31.734375,,248.60289001464844,,,,,,
8686,690.6430786000001,60.84375,-17.46875,-45.8125,-60.84375,,248.60289001464844,,,,,,
8687,690.7201011000006,-28.46875,-10.390625,29.375,28.46875,,248.60289001464844,,,,,,
8688,690.7989080000007,-43.46875,-19.140625,47.84375,43.46875,,248.60289001464844,,,,,,
8689,690.8749981999999,-107.5,-13.125,81.4375,107.5,,248.60289001464844,,,,,,
8690,690.9521309000002,-88.8125,-9.25,102.3125,88.8125,,248.60289001464844,,,,,,
8691,691.0295782000003,-31.65625,13.0390625,-21.40625,31.65625,,248.60289001464844,,,,,,
8692,691.1065926000001,52.6875,-10.984375,-18.921875,-52.6875,,248.60289001464844,,,,,,
8693,691.1834200000003,-2.583984375,-9.28125,23.6875,2.583984375,,248.60289001464844,,,,,,
8694,691.2591239000003,23.953125,-28.1875,19.859375,-23.953125,,248.60289001464844,,,,,,
8695,691.3379278000002,-47.5,-17.0625,30.28125,47.5,,248.60289001464844,,,,,,
8696,691.4150829,-55.125,-14.96875,44.78125,55.125,,248.60289001464844,,,,,,
8697,691.4929505,-60.25,-13.96875,72.25,60.25,,248.60289001464844,,,,,,
8698,691.5692627000008,55.59375,-40.15625,5.84765625,-55.59375,,248.60289001464844,,,,,,
8699,691.6459605,-15.609375,-27.0625,21.328125,15.609375,,248.60289001464844,,,,,,
8700,691.7307846000003,1.751953125,-23.609375,53.75,-1.751953125,,248.60289001464844,,7.0846452713012695,0.13759511709213257,6.885309219360352,7.068864822387695,7.326091766357422
8701,691.8101059,-6.16015625,-13.0859375,23.703125,6.16015625,,248.60289001464844,,,,,,
8702,691.8867393999999,-68.125,-15.5625,101.1875,68.125,,248.60289001464844,,,,,,
8703,691.9641162000007,-62.21875,-18.125,69.25,62.21875,,248.60289001464844,,,,,,
8704,692.0414214000002,-9.0546875,-25.03125,42.28125,9.0546875,,248.60289001464844,,,,,,
8705,692.1191957000001,60.5625,-9.34375,-63.65625,-60.5625,,248.60289001464844,,,,,,
8706,692.1948928000002,-43.15625,-14.375,48.75,43.15625,,248.60289001464844,,,,,,
8707,692.2742103999999,1.634765625,-24.46875,65.1875,-1.634765625,,248.60289001464844,,,,,,
8708,692.3546498000005,-69.375,-3.1875,46.75,69.375,,248.60289001464844,,,,,,
8709,692.4318248,7.8359375,-16.25,3.037109375,-7.8359375,,248.60289001464844,,,,,,
8710,692.5062146,-16.515625,-19.546875,20.203125,16.515625,,248.60289001464844,,,,,,
8711,692.5858634000006,-73.375,-27.0,88.4375,73.375,,248.60289001464844,,,,,,
8712,692.662088,-15.125,-16.40625,17.03125,15.125,,248.60289001464844,,,,,,
8713,692.7407475,-52.84375,-19.3125,84.1875,52.84375,,248.60289001464844,,,,,,
8714,692.8194737000003,-23.234375,-16.5,52.0625,23.234375,,248.60289001464844,,,,,,
8715,692.8988208000001,125.8125,-13.125,-103.25,-125.8125,,248.60289001464844,,,,,,
8716,692.9775731,24.875,-14.3125,-53.8125,-24.875,,248.60289001464844,,,,,,
8717,693.0541368000004,10.0703125,-26.875,29.359375,-10.0703125,,248.60289001464844,,,,,,
8718,693.1319426,-27.1875,-14.03125,48.0625,27.1875,,248.60289001464844,,,,,,
8719,693.2083532000006,-125.0,-16.8125,117.125,125.0,,248.60289001464844,,,,,,
8720,693.2898924000001,-116.3125,-17.0,145.75,116.3125,,248.60289001464844,,6.808017253875732,0.15775692462921143,6.549465179443359,6.813867568969727,7.017496585845947
8721,693.3685768000005,-72.375,-6.625,102.8125,72.375,,248.60289001464844,,,,,,
8722,693.4473156000004,-63.78125,-10.125,83.0,63.78125,,248.60289001464844,,,,,,
8723,693.5229269000001,76.125,-16.46875,-49.34375,-76.125,,248.60289001464844,,,,,,
8724,693.5994386000002,47.125,-10.53125,-63.40625,-47.125,,248.60289001464844,,,,,,
8725,693.6769258000004,-10.7109375,-17.25,17.5,10.7109375,,248.60289001464844,,,,,,
8726,693.7541827000005,44.46875,-22.203125,-8.21875,-44.46875,,248.60289001464844,,,,,,
8727,693.8322588999999,30.8125,-16.5,-37.375,-30.8125,,248.60289001464844,,,,,,
8728,693.9083573000007,53.78125,-12.5625,-48.5,-53.78125,,248.60289001464844,,,,,,
8729,693.9849481000001,-4.35546875,-22.34375,28.8125,4.35546875,,248.60289001464844,,,,,,
8730,694.0625870000003,-110.875,-11.8125,100.5625,110.875,,248.60289001464844,,,,,,
8731,694.1396792000005,-104.5625,-9.0625,112.75,104.5625,,248.60289001464844,,,,,,
8732,694.2159863000006,-87.0625,-20.3125,141.25,87.0625,,248.60289001464844,,,,,,
8733,694.2915855000001,-86.5,-9.9375,110.3125,86.5,,248.60289001464844,,,,,,
8734,694.3683332,-119.25,-6.9375,115.625,119.25,,248.60289001464844,,,,,,
8735,694.4451734000004,-102.4375,-5.0,138.375,102.4375,,248.60289001464844,,,,,,
8736,694.5222235000001,5.328125,-15.265625,27.140625,-5.328125,,248.60289001464844,,,,,,
8737,694.6021664,96.5625,-25.09375,-25.25,-96.5625,,248.60289001464844,,,,,,
8738,694.6804910999999,29.21875,9.0625,-86.8125,-29.21875,,248.60289001464844,,,,,,
8739,694.7578260999999,-0.896484375,-30.96875,-9.90625,0.896484375,,248.60289001464844,,,,,,
8740,694.8416735000001,46.375,-5.5625,-6.8515625,-46.375,,248.60289001464844,,5.871510982513428,0.23982247710227966,5.54787540435791,5.821662425994873,6.285843372344971
8741,694.9179760000006,-21.734375,-11.640625,-10.734375,21.734375,,248.60289001464844,,,,,,
8742,694.9935290000003,-127.875,-3.1875,111.875,127.875,,248.60289001464844,,,,,,
8743,695.0723444000005,-74.4375,-20.625,83.0625,74.4375,,248.60289001464844,,,,,,
8744,695.1494732000001,-23.15625,-24.65625,39.5625,23.15625,,248.60289001464844,,,,,,
8745,695.2253077000005,0.89111328125,-12.953125,2.658203125,-0.89111328125,,248.60289001464844,,,,,,
8746,695.3041834000005,-39.34375,-34.75,59.78125,39.34375,,248.60289001464844,,,,,,
8747,695.3819415000007,-65.1875,-32.125,90.1875,65.1875,,248.60289001464844,,,,,,
8748,695.4605867999999,-21.34375,-35.125,55.25,21.34375,,248.60289001464844,,,,,,
8749,695.5378780000001,152.0,-36.125,-86.1875,-152.0,,248.60289001464844,,,,,,
8750,695.6155130000006,59.84375,-38.46875,-5.59765625,-59.84375,,248.60289001464844,,,,,,
8751,695.6933894000003,-44.9375,-32.375,97.375,44.9375,,248.60289001464844,,,,,,
8752,695.7689463000006,-139.625,10.8125,111.25,139.625,,248.60289001464844,,,,,,
8753,695.8472248000007,-101.125,-25.0,131.625,101.125,,248.60289001464844,,,,,,
8754,695.9246906000008,-66.25,-31.3125,110.3125,66.25,,248.60289001464844,,,,,,
8755,696.0014998000006,-99.5,-8.375,115.25,99.5,,248.60289001464844,,,,,,
8756,696.0784960000001,0.52587890625,-11.3203125,1.8203125,-0.52587890625,,248.60289001464844,,,,,,
8757,696.1566151000006,15.265625,-35.25,19.546875,-15.265625,,248.60289001464844,,,,,,
8758,696.2331075000002,-59.6875,12.546875,27.765625,59.6875,,248.60289001464844,,,,,,
8759,696.3105792000006,-37.5625,-13.0625,96.5,37.5625,,248.60289001464844,,,,,,
8760,696.3954669000004,-25.59375,-6.515625,35.6875,25.59375,,248.60289001464844,,7.014224052429199,0.32840365171432495,6.582256317138672,6.977971076965332,7.508920669555664
8761,696.4728110000005,-23.6875,-8.359375,37.90625,23.6875,,248.60289001464844,,,,,,
8762,696.5504617000006,-8.3203125,-12.2421875,-11.8671875,8.3203125,,248.60289001464844,,,,,,
8763,696.6284334000002,-6.2421875,-12.5625,18.234375,6.2421875,,248.60289001464844,,,,,,
8764,696.7046033000006,-11.9375,-18.671875,21.90625,11.9375,,248.60289001464844,,,,,,
8765,696.7846797000002,-17.59375,-2.8125,19.546875,17.59375,,248.60289001464844,,,,,,
8766,696.8647018000001,-112.3125,-19.4375,137.0,112.3125,,248.60289001464844,,,,,,
8767,696.9400423000006,-45.34375,-19.15625,76.625,45.34375,,248.60289001464844,,,,,,
8768,697.0179678000004,-56.0,-2.90625,54.15625,56.0,,248.60289001464844,,,,,,
8769,697.0979751000004,-82.8125,-2.90625,50.46875,82.8125,,248.60289001464844,,,,,,
8770,697.1744681999999,-25.046875,-8.9375,64.0,25.046875,,248.60289001464844,,,,,,
8771,697.2514752000006,27.0625,-16.0625,-27.84375,-27.0625,,248.60289001464844,,,,,,
8772,697.3283338000001,53.15625,-11.90625,-44.28125,-53.15625,,248.60289001464844,,,,,,
8773,697.4078471000003,14.0703125,-10.046875,-31.671875,-14.0703125,,248.60289001464844,,,,,,
8774,697.4845789000001,-116.125,-13.1875,105.375,116.125,,248.60289001464844,,,,,,
8775,697.5621558000003,-98.1875,-19.4375,89.6875,98.1875,,248.60289001464844,,,,,,
8776,697.6401918000001,-64.625,7.75,95.0,64.625,,248.60289001464844,,,,,,
8777,697.7162572000007,0.9365234375,-13.4609375,-1.3544921875,-0.9365234375,,248.60289001464844,,,,,,
8778,697.7929276000004,-12.7265625,-29.78125,31.65625,12.7265625,,248.60289001464844,,,,,,
8779,697.8723999000003,13.140625,-15.015625,-25.015625,-13.140625,,248.60289001464844,,,,,,
8780,697.9551452000005,15.296875,-15.375,-28.875,-15.296875,,248.60289001464844,,6.756468772888184,0.15138590335845947,6.578975677490234,6.720608711242676,7.066311359405518
8781,698.0335808,-45.96875,-15.0625,38.9375,45.96875,,248.60289001464844,,,,,,
8782,698.1129415000005,-83.6875,-16.625,98.6875,83.6875,,248.60289001464844,,,,,,
8783,698.1916013,-109.625,-17.375,123.9375,109.625,,248.60289001464844,,,,,,
8784,698.2696111000005,-45.875,-19.125,94.5625,45.875,,248.60289001464844,,,,,,
8785,698.3484236000004,-35.15625,-7.5,77.8125,35.15625,,248.60289001464844,,,,,,
8786,698.4265811000005,-53.28125,-10.53125,69.5625,53.28125,,248.60289001464844,,,,,,
8787,698.5025647000002,-31.03125,-15.59375,64.25,31.03125,,248.60289001464844,,,,,,
8788,698.5804003000003,45.84375,-25.3125,17.125,-45.84375,,248.60289001464844,,,,,,
8789,698.6596840000002,32.15625,-13.09375,-23.3125,-32.15625,,248.60289001464844,,,,,,
8790,698.7389503000004,0.8759765625,-11.78125,-17.46875,-0.8759765625,,248.60289001464844,,,,,,
8791,698.8181739000001,-71.6875,-3.8125,55.46875,71.6875,,248.60289001464844,,,,,,
8792,698.8961819000006,-34.78125,-14.2890625,28.75,34.78125,,248.60289001464844,,,,,,
8793,698.9752004000002,-32.90625,-14.03125,45.0,32.90625,,248.60289001464844,,,,,,
8794,699.0515586000001,-19.953125,-7.7109375,-13.6796875,19.953125,,248.60289001464844,,,,,,
8795,699.1299707000007,-97.75,-13.125,74.3125,97.75,,248.60289001464844,,,,,,
8796,699.2091780000001,-45.71875,-17.5625,90.625,45.71875,,248.60289001464844,,,,,,
8797,699.2872660000003,-23.203125,-17.765625,42.25,23.203125,,248.60289001464844,,,,,,
8798,699.3677682000007,27.125,-15.1171875,11.515625,-27.125,,248.60289001464844,,,,,,
8799,699.4433661000003,11.6484375,-16.8125,17.53125,-11.6484375,,248.60289001464844,,,,,,
8800,699.5267890000005,-43.5,-16.8125,51.0625,43.5,,248.60289001464844,,5.962617874145508,0.24481889605522156,5.598369121551514,5.963572025299072,6.368923664093018
8801,699.6068685999999,-85.0,2.125,80.5,85.0,,248.60289001464844,,,,,,
8802,699.6868037000004,14.84375,-17.59375,50.21875,-14.84375,,248.60289001464844,,,,,,
8803,699.7640163000005,-44.375,-11.21875,53.84375,44.375,,248.60289001464844,,,,,,
8804,699.8426833000003,-74.5,-8.5,62.65625,74.5,,248.60289001464844,,,,,,
8805,699.9215889000006,-82.5,-11.8125,97.4375,82.5,,248.60289001464844,,,,,,
8806,699.9994995000006,-93.25,-25.125,107.3125,93.25,,248.60289001464844,,,,,,
8807,700.078708,29.109375,-24.09375,10.140625,-29.109375,,248.60289001464844,,,,,,
8808,700.1561443999999,40.0,-15.7734375,-4.1015625,-40.0,,248.60289001464844,,,,,,
8809,700.2371432,81.75,-23.0,-101.0625,-81.75,,248.60289001464844,,,,,,
8810,700.3151585000005,44.84375,-10.5,-46.3125,-44.84375,,248.60289001464844,,,,,,
8811,700.3939447000002,-47.6875,-35.4375,33.8125,47.6875,,248.60289001464844,,,,,,
8812,700.4722490000004,-76.9375,-20.375,90.3125,76.9375,,248.60289001464844,,,,,,
8813,700.5492162,-36.75,-19.1875,75.4375,36.75,,248.60289001464844,,,,,,
8814,700.6277298000005,-49.40625,-7.7109375,22.71875,49.40625,,248.60289001464844,,,,,,
8815,700.7086071000003,-63.03125,6.828125,30.265625,63.03125,,248.60289001464844,,,,,,
8816,700.7872205000003,-8.3046875,-18.5,57.34375,8.3046875,,248.60289001464844,,,,,,
8817,700.8658110000006,48.375,22.15625,5.91015625,-48.375,,248.60289001464844,,,,,,
8818,700.9554840999999,31.84375,-9.4609375,-9.2734375,-31.84375,,248.60289001464844,,,,,,
8819,701.0456240000003,32.46875,-19.203125,-22.328125,-32.46875,,248.60289001464844,,,,,,
8820,701.1305204999999,-32.59375,-31.65625,74.3125,32.59375,,248.60289001464844,,7.505290985107422,0.2558239996433258,7.0855488777160645,7.518418788909912,7.890247821807861
8821,701.2084703999999,-39.96875,-8.9375,54.625,39.96875,,248.60289001464844,,,,,,
8822,701.2861863000007,-77.375,-20.25,104.5625,77.375,,248.60289001464844,,,,,,
8823,701.3653717000007,-66.9375,-30.5,96.3125,66.9375,,248.60289001464844,,,,,,
8824,701.4452776000007,-61.71875,-6.875,71.0625,61.71875,,248.60289001464844,,,,,,
8825,701.5230899000007,12.46875,5.890625,9.0078125,-12.46875,,248.60289001464844,,,,,,
8826,701.6016932000002,170.25,-17.875,-140.75,-170.25,,248.60289001464844,,,,,,
8827,701.6787758999999,55.15625,-12.90625,-20.375,-55.15625,,248.60289001464844,,,,,,
8828,701.7574835000005,52.03125,-21.65625,-10.7421875,-52.03125,,248.60289001464844,,,,,,
8829,701.8365646000002,-14.4296875,-15.0078125,-2.837890625,14.4296875,,248.60289001464844,,,,,,
8830,701.9156453000005,-97.3125,-14.0,115.8125,97.3125,,248.60289001464844,,,,,,
8831,701.9929622,-58.8125,-15.375,71.625,58.8125,,248.60289001464844,,,,,,
8832,702.0704157,-5.51171875,-31.78125,89.4375,5.51171875,,248.60289001464844,,,,,,
8833,702.1475919000004,-7.6328125,-10.796875,4.19921875,7.6328125,,248.60289001464844,,,,,,
8834,702.2246855000003,-82.875,-8.1875,75.375,82.875,,248.60289001464844,,,,,,
8835,702.3008049,-90.375,-18.5625,121.1875,90.375,,248.60289001464844,,,,,,
8836,702.3775394000004,-80.5625,-52.21875,87.25,80.5625,,248.60289001464844,,,,,,
8837,702.4582700999999,-54.15625,-28.34375,87.5625,54.15625,,248.60289001464844,,,,,,
8838,702.5353295000004,-36.5625,-8.5,80.9375,36.5625,,248.60289001464844,,,,,,
8839,702.6126136000003,144.875,-17.75,-117.25,-144.875,,248.60289001464844,,,,,,
8840,702.6934024000002,104.5,-27.6875,-106.1875,-104.5,,248.60289001464844,,7.405320167541504,0.23882175981998444,7.046623706817627,7.425692558288574,7.756912708282471
8841,702.7707478000002,93.1875,-30.0625,-20.6875,-93.1875,,248.60289001464844,,,,,,
8842,702.8474544000001,3.3046875,-43.5,47.40625,-3.3046875,,248.60289001464844,,,,,,
8843,702.9234513000001,-92.375,-9.9375,97.6875,92.375,,248.60289001464844,,,,,,
8844,703.0003942000003,-132.625,-6.625,156.75,132.625,,248.60289001464844,,,,,,
8845,703.0776260000002,-114.875,-17.5,102.4375,114.875,,248.60289001464844,,,,,,
8846,703.1535504000003,-126.4375,-3.25,136.375,126.4375,,248.60289001464844,,,,,,
8847,703.2315625000001,-12.90625,-23.4375,42.03125,12.90625,,248.60289001464844,,,,,,
8848,703.3077031000003,95.75,-24.59375,-41.96875,-95.75,,248.60289001464844,,,,,,
8849,703.3864336000006,101.625,-12.75,-103.9375,-101.625,,248.60289001464844,,,,,,
8850,703.4633423000005,61.34375,-25.75,-60.75,-61.34375,,248.60289001464844,,,,,,
8851,703.5414596,-17.84375,-15.890625,45.6875,17.84375,,248.60289001464844,,,,,,
8852,703.6180605,-125.9375,-18.625,142.0,125.9375,,248.60289001464844,,,,,,
8853,703.6954214000007,-125.625,2.125,163.5,125.625,,248.60289001464844,,,,,,
8854,703.7718851,-15.1484375,-14.15625,77.5,15.1484375,,248.60289001464844,,,,,,
8855,703.8481436000002,-23.875,-15.8125,28.1875,23.875,,248.60289001464844,,,,,,
8856,703.9252196000007,7.25390625,8.609375,25.453125,-7.25390625,,248.60289001464844,,,,,,
8857,704.0001903000002,-82.4375,-64.125,128.25,82.4375,,248.60289001464844,,,,,,
8858,704.0782749,-41.84375,-35.0625,89.3125,41.84375,,248.60289001464844,,,,,,
8859,704.1541223000004,168.375,-11.375,-126.75,-168.375,,248.60289001464844,,,,,,
8860,704.2359747,209.875,-27.0,-113.75,-209.875,,248.60289001464844,,7.7097673416137695,0.7184280753135681,6.616554260253906,7.87186336517334,8.70897388458252
8861,704.3135366000006,106.4375,-23.5625,-106.8125,-106.4375,,248.60289001464844,,,,,,
8862,704.3887812000003,42.1875,-34.875,-10.515625,-42.1875,,248.60289001464844,,,,,,
8863,704.4718263000004,-82.1875,-14.25,48.625,82.1875,,248.60289001464844,,,,,,
8864,704.5476577,-192.75,-29.125,205.75,192.75,,248.60289001464844,,,,,,
8865,704.6257737000005,-153.375,-2.25,176.625,153.375,,248.60289001464844,,,,,,
8866,704.7015287000004,-84.5625,-2.3125,71.375,84.5625,,248.60289001464844,,,,,,
8867,704.7768923000003,-61.5,-16.75,73.25,61.5,,248.60289001464844,,,,,,
8868,704.8559117000004,-34.6875,-14.53125,55.75,34.6875,,248.60289001464844,,,,,,
8869,704.9332474000003,39.5625,-4.125,-41.5625,-39.5625,,248.60289001464844,,,,,,
8870,705.0097011000007,97.0,-18.875,-61.8125,-97.0,,248.60289001464844,,,,,,
8871,705.0868930000006,56.53125,-22.59375,-28.40625,-56.53125,,248.60289001464844,,,,,,
8872,705.1644767000007,-86.5,-32.15625,90.25,86.5,,248.60289001464844,,,,,,
8873,705.2419775000008,-132.75,-17.625,145.5,132.75,,248.60289001464844,,,,,,
8874,705.3191766,31.828125,-20.46875,57.0625,-31.828125,,248.60289001464844,,,,,,
8875,705.4020564000002,-4.84375,9.84375,-11.828125,4.84375,,248.60289001464844,,,,,,
8876,705.4793939000001,-3.763671875,24.125,-25.984375,3.763671875,,248.60289001464844,,,,,,
8877,705.5558733000007,-20.15625,-13.125,38.375,20.15625,,248.60289001464844,,,,,,
8878,705.6335091999999,-45.46875,-11.6875,79.9375,45.46875,,248.60289001464844,,,,,,
8879,705.7087618000005,-98.625,-3.5,93.125,98.625,,248.60289001464844,,,,,,
8880,705.7912442000006,-126.75,-16.4375,126.625,126.75,,248.60289001464844,,6.385719299316406,0.23153910040855408,6.107320785522461,6.346485614776611,6.875621795654297
8881,705.8686219000001,-61.90625,-11.0625,93.8125,61.90625,,248.60289001464844,,,,,,
8882,705.9455433000003,-8.2578125,-13.875,54.875,8.2578125,,248.60289001464844,,,,,,
8883,706.0206361,55.71875,-12.78125,-45.90625,-55.71875,,248.60289001464844,,,,,,
8884,706.0973018000004,59.3125,-32.1875,-30.921875,-59.3125,,248.60289001464844,,,,,,
8885,706.1750763,-50.5625,-10.734375,40.96875,50.5625,,248.60289001464844,,,,,,
8886,706.2514111999999,-76.375,-20.5625,107.875,76.375,,248.60289001464844,,,,,,
8887,706.32708,-80.25,-22.4375,74.9375,80.25,,248.60289001464844,,,,,,
8888,706.4023967000003,-40.8125,-13.21875,53.09375,40.8125,,248.60289001464844,,,,,,
8889,706.4791381000005,10.3125,-19.46875,50.59375,-10.3125,,248.60289001464844,,,,,,
8890,706.5572823000002,139.375,-22.75,-93.5625,-139.375,,248.60289001464844,,,,,,
8891,706.6339266000004,71.625,-12.75,-74.6875,-71.625,,248.60289001464844,,,,,,
8892,706.7100608000001,22.609375,-11.984375,-23.640625,-22.609375,,248.60289001464844,,,,,,
8893,706.7870637000005,-26.359375,-11.90625,55.875,26.359375,,248.60289001464844,,,,,,
8894,706.8644512000001,10.5,-18.34375,32.84375,-10.5,,248.60289001464844,,,,,,
8895,706.9414181000002,20.5,-20.34375,-12.46875,-20.5,,248.60289001464844,,,,,,
8896,707.0198018000001,-114.125,-20.0,114.625,114.125,,248.60289001464844,,,,,,
8897,707.0969273000001,-151.5,-16.9375,135.75,151.5,,248.60289001464844,,,,,,
8898,707.1750996999999,-164.25,-13.625,177.875,164.25,,248.60289001464844,,,,,,
8899,707.2507619000007,-89.125,-9.5,128.25,89.125,,248.60289001464844,,,,,,
8900,707.3339393000006,-54.78125,-16.125,110.0,54.78125,,248.60289001464844,,6.563662528991699,0.41927167773246765,6.10835599899292,6.450230598449707,7.31607723236084
8901,707.4103884000006,16.890625,-14.203125,-17.578125,-16.890625,,248.60289001464844,,,,,,
8902,707.4882344000007,89.0625,-19.6875,-50.8125,-89.0625,,248.60289001464844,,,,,,
8903,707.5647975000002,47.75,-7.9375,-106.0625,-47.75,,248.60289001464844,,,,,,
8904,707.6422572000001,42.0625,-15.78125,-57.34375,-42.0625,,248.60289001464844,,,,,,
8905,707.7194729000003,15.2890625,-14.390625,-13.765625,-15.2890625,,248.60289001464844,,,,,,
8906,707.7955861999999,3.439453125,-18.875,4.3671875,-3.439453125,,248.60289001464844,,,,,,
8907,707.8736507000003,-88.1875,-27.6875,155.125,88.1875,,248.60289001464844,,,,,,
8908,707.9493845000006,-100.9375,-7.25,134.5,100.9375,,248.60289001464844,,,,,,
8909,708.0277755000006,-101.3125,-16.875,122.375,101.3125,,248.60289001464844,,,,,,
8910,708.1061786999999,-71.5625,-15.8125,97.375,71.5625,,248.60289001464844,,,,,,
8911,708.1828848000005,-8.609375,-15.9609375,26.1875,8.609375,,248.60289001464844,,,,,,
8912,708.2596321000001,69.1875,-12.625,-71.0,-69.1875,,248.60289001464844,,,,,,
8913,708.334229,44.875,-14.8125,-12.578125,-44.875,,248.60289001464844,,,,,,
8914,708.4133234999999,9.625,-12.3125,36.625,-9.625,,248.60289001464844,,,,,,
8915,708.4930193,6.34765625,-28.0625,60.875,-6.34765625,,248.60289001464844,,,,,,
8916,708.5785248000002,-58.5625,-4.625,65.5,58.5625,,248.60289001464844,,,,,,
8917,708.6703960000004,20.890625,-8.78125,-14.40625,-20.890625,,248.60289001464844,,,,,,
8918,708.7527928,-83.6875,-33.25,88.8125,83.6875,,248.60289001464844,,,,,,
8919,708.8520368,-114.0,-36.5625,132.875,114.0,,248.60289001464844,,,,,,
8920,708.9382457000002,15.40625,-15.203125,19.609375,-15.40625,,248.60289001464844,,6.240217685699463,0.2353871911764145,5.930703639984131,6.227680683135986,6.610563278198242
8921,709.0219561000004,40.78125,-2.75,-66.9375,-40.78125,,248.60289001464844,,,,,,
8922,709.1074082000005,58.78125,-17.765625,-26.421875,-58.78125,,248.60289001464844,,,,,,
8923,709.1969945000001,-24.234375,-24.171875,12.296875,24.234375,,248.60289001464844,,,,,,
8924,709.2768419000004,-48.15625,-25.84375,26.203125,48.15625,,248.60289001464844,,,,,,
8925,709.3595742000007,-89.375,-14.8125,85.5,89.375,,248.60289001464844,,,,,,
8926,709.4378970000007,-4.703125,-26.0,86.0625,4.703125,,248.60289001464844,,,,,,
8927,709.5177759000007,-34.40625,3.171875,29.328125,34.40625,,248.60289001464844,,,,,,
8928,709.5982398000006,-57.78125,-8.0625,82.3125,57.78125,,248.60289001464844,,,,,,
8929,709.6782879000002,-57.125,-18.828125,49.8125,57.125,,248.60289001464844,,,,,,
8930,709.7573892999999,-80.625,-18.625,87.1875,80.625,,248.60289001464844,,,,,,
8931,709.8381490000002,-6.796875,-1.921875,32.25,6.796875,,248.60289001464844,,,,,,
8932,709.9162949000001,90.0,-29.0,-23.78125,-90.0,,248.60289001464844,,,,,,
8933,709.9945458000002,132.25,-23.25,-93.6875,-132.25,,248.60289001464844,,,,,,
8934,710.0739332000003,20.609375,-24.90625,43.25,-20.609375,,248.60289001464844,,,,,,
8935,710.1518237999999,-43.71875,-8.8515625,10.3671875,43.71875,,248.60289001464844,,,,,,
8936,710.2293233,-113.25,-16.3125,118.1875,113.25,,248.60289001464844,,,,,,
8937,710.3076272000008,-148.0,-33.875,158.75,148.0,,248.60289001464844,,,,,,
8938,710.3885952999999,-88.5,-19.875,114.8125,88.5,,248.60289001464844,,,,,,
8939,710.4675633000006,-44.09375,-17.625,81.0625,44.09375,,248.60289001464844,,,,,,
8940,710.5556744000005,39.28125,-8.4296875,-7.53125,-39.28125,,248.60289001464844,,6.12039041519165,0.2495444267988205,5.780620098114014,6.107585906982422,6.550858974456787
8941,710.6332345000001,24.53125,-12.78125,-40.3125,-24.53125,,248.60289001464844,,,,,,
8942,710.7111097000006,-8.4375,-9.84375,-23.65625,8.4375,,248.60289001464844,,,,,,
8943,710.7894880000003,-33.65625,-15.515625,28.546875,33.65625,,248.60289001464844,,,,,,
8944,710.8711985,66.1875,-17.703125,-19.546875,-66.1875,,248.60289001464844,,,,,,
8945,710.9524974000005,-63.8125,-14.8125,90.125,63.8125,,248.60289001464844,,,,,,
8946,711.0381903000007,2.421875,-18.453125,21.875,-2.421875,,248.60289001464844,,,,,,
8947,711.1200949000004,35.9375,-32.90625,14.046875,-35.9375,,248.60289001464844,,,,,,
8948,711.2050664000008,-5.7578125,-11.578125,40.40625,5.7578125,,248.60289001464844,,,,,,
8949,711.2873141,-8.078125,-8.53125,-3.697265625,8.078125,,248.60289001464844,,,,,,
8950,711.3654056000005,6.3671875,-18.28125,28.125,-6.3671875,,248.60289001464844,,,,,,
8951,711.4459700000007,-98.0625,-24.5,86.1875,98.0625,,248.60289001464844,,,,,,
8952,711.5273109,-78.8125,-42.6875,137.5,78.8125,,248.60289001464844,,,,,,
8953,711.6064262,-72.1875,-17.75,103.4375,72.1875,,248.60289001464844,,,,,,
8954,711.6915575000003,14.2578125,-7.890625,14.1015625,-14.2578125,,248.60289001464844,,,,,,
8955,711.7699959000001,46.8125,-44.375,-4.61328125,-46.8125,,248.60289001464844,,,,,,
8956,711.847683,14.9921875,-49.03125,54.28125,-14.9921875,,248.60289001464844,,,,,,
8957,711.9279450000004,-21.546875,-20.203125,45.6875,21.546875,,248.60289001464844,,,,,,
8958,712.0065877000006,-101.1875,-24.6875,107.3125,101.1875,,248.60289001464844,,,,,,
8959,712.0841798000001,-55.9375,-12.84375,58.09375,55.9375,,248.60289001464844,,,,,,
8960,712.1675038000003,-8.4921875,-17.203125,18.6875,8.4921875,,248.60289001464844,,5.933633804321289,0.3153112530708313,5.506948947906494,5.876147747039795,6.450582504272461
8961,712.2479474000002,25.140625,-11.34375,-1.8857421875,-25.140625,,248.60289001464844,,,,,,
8962,712.3258403,-26.984375,-17.3125,38.90625,26.984375,,248.60289001464844,,,,,,
8963,712.4029498,10.984375,-17.515625,33.8125,-10.984375,,248.60289001464844,,,,,,
8964,712.4828548000005,53.34375,-25.15625,-18.09375,-53.34375,,248.60289001464844,,,,,,
8965,712.5622364000001,-138.875,-17.625,113.8125,138.875,,248.60289001464844,,,,,,
8966,712.6420702000005,-78.375,17.4375,93.1875,78.375,,248.60289001464844,,,,,,
8967,712.7219837000002,14.3984375,-11.125,-37.90625,-14.3984375,,248.60289001464844,,,,,,
8968,712.8007347000002,-51.46875,-12.1328125,22.5625,51.46875,,248.60289001464844,,,,,,
8969,712.8793582000008,-47.34375,-36.03125,75.375,47.34375,,248.60289001464844,,,,,,
8970,712.9587875000007,-52.4375,-1.1875,72.4375,52.4375,,248.60289001464844,,,,,,
8971,713.0387684000007,-29.421875,-23.21875,63.09375,29.421875,,248.60289001464844,,,,,,
8972,713.1166229999999,42.5,-22.75,-22.21875,-42.5,,248.60289001464844,,,,,,
8973,713.1961602000001,66.4375,-14.53125,-30.21875,-66.4375,,248.60289001464844,,,,,,
8974,713.2740804000005,21.359375,-13.4921875,-11.6640625,-21.359375,,248.60289001464844,,,,,,
8975,713.3540650000004,-24.53125,-18.390625,18.84375,24.53125,,248.60289001464844,,,,,,
8976,713.4362129000001,-7.80859375,0.0078125,6.4609375,7.80859375,,248.60289001464844,,,,,,
8977,713.5138919000001,-79.125,-6.3125,71.3125,79.125,,248.60289001464844,,,,,,
8978,713.5911167000004,-7.3671875,-3.203125,20.0,7.3671875,,248.60289001464844,,,,,,
8979,713.6691999000004,-5.90234375,-13.078125,3.134765625,5.90234375,,248.60289001464844,,,,,,
8980,713.7523969000003,39.875,-13.21875,7.30078125,-39.875,,248.60289001464844,,6.546098709106445,0.3267655372619629,6.130922794342041,6.538887977600098,7.177444934844971
8981,713.8311277000003,-87.1875,-19.28125,72.0,87.1875,,248.60289001464844,,,,,,
8982,713.9079651000002,-127.3125,-30.8125,140.5,127.3125,,248.60289001464844,,,,,,
8983,713.9851771000003,-120.0,-16.9375,98.875,120.0,,248.60289001464844,,,,,,
8984,714.0621283999999,28.828125,-14.4921875,-8.2890625,-28.828125,,248.60289001464844,,,,,,
8985,714.1418117000003,-0.1099853515625,-20.078125,25.453125,0.1099853515625,,248.60289001464844,,,,,,
8986,714.2175059000001,-29.953125,12.9375,-46.28125,29.953125,,248.60289001464844,,,,,,
8987,714.2939091000007,9.0390625,4.84375,-34.28125,-9.0390625,,248.60289001464844,,,,,,
8988,714.3725588000007,-30.390625,1.4375,83.1875,30.390625,,248.60289001464844,,,,,,
8989,714.4520859000004,-82.0,-0.8125,69.875,82.0,,248.60289001464844,,,,,,
8990,714.5287194000002,10.8515625,-16.40625,13.4296875,-10.8515625,,248.60289001464844,,,,,,
8991,714.6033176000001,51.21875,-8.96875,-36.96875,-51.21875,,248.60289001464844,,,,,,
8992,714.6799754000003,55.15625,-15.9375,-54.6875,-55.15625,,248.60289001464844,,,,,,
8993,714.7570652000004,-18.5625,-12.40625,57.6875,18.5625,,248.60289001464844,,,,,,
8994,714.8341783000005,-0.267822265625,-11.40625,40.1875,0.267822265625,,248.60289001464844,,,,,,
8995,714.9115067000002,22.25,-18.1875,13.8515625,-22.25,,248.60289001464844,,,,,,
8996,714.9878660000004,24.21875,-21.109375,8.0859375,-24.21875,,248.60289001464844,,,,,,
8997,715.0673588,-55.5,-8.6875,68.9375,55.5,,248.60289001464844,,,,,,
8998,715.1452484000001,-104.6875,9.6875,115.8125,104.6875,,248.60289001464844,,,,,,
8999,715.2243401000005,-137.625,-11.25,165.625,137.625,,248.60289001464844,,,,,,
9000,715.3056333000004,-91.0,-16.25,105.9375,91.0,,248.60289001464844,,7.494996547698975,0.23913028836250305,7.082328796386719,7.545266151428223,7.856751918792725
9001,715.3833915000005,-15.078125,-16.96875,28.6875,15.078125,,248.60289001464844,,,,,,
9002,715.4603861000005,122.5625,-13.03125,-61.03125,-122.5625,,248.60289001464844,,,,,,
9003,715.5370877000005,85.125,-16.6875,-39.53125,-85.125,,248.60289001464844,,,,,,
9004,715.6171807000001,33.9375,-18.65625,-24.5625,-33.9375,,248.60289001464844,,,,,,
9005,715.6929300000002,1.06640625,-26.03125,-1.798828125,-1.06640625,,248.60289001464844,,,,,,
9006,715.7710813000003,-32.375,-24.90625,47.59375,32.375,,248.60289001464844,,,,,,
9007,715.8478725000004,-109.5625,-3.5,137.125,109.5625,,248.60289001464844,,,,,,
9008,715.9254000999999,-121.5,-29.375,144.5,121.5,,248.60289001464844,,,,,,
9009,716.0026453,-47.1875,-14.3125,100.375,47.1875,,248.60289001464844,,,,,,
9010,716.0808225000001,-60.28125,-7.625,57.625,60.28125,,248.60289001464844,,,,,,
9011,716.1585792000005,37.28125,-15.515625,-21.734375,-37.28125,,248.60289001464844,,,,,,
9012,716.2407724000004,119.75,-15.625,-123.625,-119.75,,248.60289001464844,,,,,,
9013,716.3178063000005,44.125,-14.125,-38.15625,-44.125,,248.60289001464844,,,,,,
9014,716.3956824000006,-21.046875,-18.421875,25.390625,21.046875,,248.60289001464844,,,,,,
9015,716.4745845000007,-1.8056640625,-20.1875,55.34375,1.8056640625,,248.60289001464844,,,,,,
9016,716.5529936000003,37.25,2.84375,-57.75,-37.25,,248.60289001464844,,,,,,
9017,716.6309214000003,-61.59375,-19.6875,57.6875,61.59375,,248.60289001464844,,,,,,
9018,716.7065277000002,-72.875,-11.6875,86.0,72.875,,248.60289001464844,,,,,,
9019,716.7843593000007,-98.875,-13.125,86.125,98.875,,248.60289001464844,,,,,,
9020,716.8666971000002,-6.125,-18.34375,31.75,6.125,,248.60289001464844,,6.310990333557129,0.38448405265808105,5.79293966293335,6.293156147003174,6.946162223815918
9021,716.9424520000002,23.3125,-12.6796875,-14.9609375,-23.3125,,248.60289001464844,,,,,,
9022,717.0195959000002,30.59375,-1.484375,-23.078125,-30.59375,,248.60289001464844,,,,,,
9023,717.0966435,56.6875,-11.53125,-53.90625,-56.6875,,248.60289001464844,,,,,,
9024,717.1735944000002,49.03125,-19.375,-21.90625,-49.03125,,248.60289001464844,,,,,,
9025,717.2524335000007,39.5625,-9.109375,8.265625,-39.5625,,248.60289001464844,,,,,,
9026,717.3297737000003,66.0,-43.09375,-33.65625,-66.0,,248.60289001464844,,,,,,
9027,717.4060650000001,-117.5625,0.3125,81.25,117.5625,,248.60289001464844,,,,,,
9028,717.4830551000005,-94.5625,-10.9375,98.25,94.5625,,248.60289001464844,,,,,,
9029,717.5605753,-132.25,0.375,169.25,132.25,,248.60289001464844,,,,,,
9030,717.6385719,-135.5,-18.5,186.875,135.5,,248.60289001464844,,,,,,
9031,717.7150170000004,-123.5,-29.9375,120.0,123.5,,248.60289001464844,,,,,,
9032,717.7918804000001,-34.625,-10.5625,67.4375,34.625,,248.60289001464844,,,,,,
9033,717.8693502000006,27.453125,-15.578125,20.40625,-27.453125,,248.60289001464844,,,,,,
9034,717.9456847000001,124.1875,-15.625,-97.25,-124.1875,,248.60289001464844,,,,,,
9035,718.0215138000003,64.625,-5.46875,-60.34375,-64.625,,248.60289001464844,,,,,,
9036,718.0974905000003,82.125,-14.46875,-36.84375,-82.125,,248.60289001464844,,,,,,
9037,718.1756049000005,12.7421875,-11.09375,-40.09375,-12.7421875,,248.60289001464844,,,,,,
9038,718.2551787000002,-13.6875,-11.5625,-0.61767578125,13.6875,,248.60289001464844,,,,,,
9039,718.3325488999999,-36.0,14.21875,17.078125,36.0,,248.60289001464844,,,,,,
9040,718.4160017000004,-8.296875,-14.171875,39.0,8.296875,,248.60289001464844,,7.117823600769043,0.39012956619262695,6.6842732429504395,7.018265724182129,7.8631911277771
9041,718.4940203000006,-46.15625,-19.875,84.6875,46.15625,,248.60289001464844,,,,,,
9042,718.5728640000007,-52.40625,-3.875,64.375,52.40625,,248.60289001464844,,,,,,
9043,718.6507901000004,-39.46875,-0.5625,72.0,39.46875,,248.60289001464844,,,,,,
9044,718.7276250000004,-1.388671875,-46.125,51.0625,1.388671875,,248.60289001464844,,,,,,
9045,718.8041885000002,30.296875,-25.46875,13.5390625,-30.296875,,248.60289001464844,,,,,,
9046,718.8811025000005,90.9375,-16.9375,-42.0,-90.9375,,248.60289001464844,,,,,,
9047,718.9581754999999,30.453125,-8.5625,-48.78125,-30.453125,,248.60289001464844,,,,,,
9048,719.0335445999999,8.7109375,-22.9375,16.65625,-8.7109375,,248.60289001464844,,,,,,
9049,719.1107511,-92.5625,-17.5625,131.375,92.5625,,248.60289001464844,,,,,,
9050,719.1892705,-45.4375,-25.71875,65.0,45.4375,,248.60289001464844,,,,,,
9051,719.2665192000004,-105.6875,2.0,149.75,105.6875,,248.60289001464844,,,,,,
9052,719.3431649000004,-31.71875,-15.375,99.9375,31.71875,,248.60289001464844,,,,,,
9053,719.4189149000003,-74.8125,-0.625,53.28125,74.8125,,248.60289001464844,,,,,,
9054,719.4943026999999,-3.501953125,-3.625,62.78125,3.501953125,,248.60289001464844,,,,,,
9055,719.5727093000005,17.5,-12.0859375,21.75,-17.5,,248.60289001464844,,,,,,
9056,719.6495227000005,-36.4375,-21.375,26.421875,36.4375,,248.60289001464844,,,,,,
9057,719.7272606000006,-3.71484375,-11.6640625,-14.1640625,3.71484375,,248.60289001464844,,,,,,
9058,719.8022570000003,26.875,-17.03125,24.25,-26.875,,248.60289001464844,,,,,,
9059,719.8806006000004,0.46337890625,-14.4921875,3.986328125,-0.46337890625,,248.60289001464844,,,,,,
9060,719.9630546000008,3.126953125,9.28125,-8.015625,-3.126953125,,248.60289001464844,,5.818190574645996,0.2971057891845703,5.351863861083984,5.809665679931641,6.275007247924805
9061,720.0416631000007,-40.0625,-5.9375,43.0625,40.0625,,248.60289001464844,,,,,,
9062,720.1205848,-27.96875,-6.734375,-15.828125,27.96875,,248.60289001464844,,,,,,
9063,720.1959493000004,-11.09375,-13.625,35.03125,11.09375,,248.60289001464844,,,,,,
9064,720.2738475000006,44.34375,-16.59375,-41.78125,-44.34375,,248.60289001464844,,,,,,
9065,720.3515422,10.484375,-21.765625,25.203125,-10.484375,,248.60289001464844,,,,,,
9066,720.4307491,36.5625,-19.90625,-6.2265625,-36.5625,,248.60289001464844,,,,,,
9067,720.5082556000007,-53.375,1.078125,26.65625,53.375,,248.60289001464844,,,,,,
9068,720.5857700000006,-100.4375,-18.4375,115.75,100.4375,,248.60289001464844,,,,,,
9069,720.6616637000006,-140.375,-14.25,155.5,140.375,,248.60289001464844,,,,,,
9070,720.7380444,-36.75,-5.25,84.25,36.75,,248.60289001464844,,,,,,
9071,720.8132278000003,135.5,-18.75,-48.9375,-135.5,,248.60289001464844,,,,,,
9072,720.8908394,130.625,-16.875,-86.25,-130.625,,248.60289001464844,,,,,,
9073,720.9687188000007,72.0625,-18.25,-65.5,-72.0625,,248.60289001464844,,,,,,
9074,721.0438957000006,-17.453125,-21.6875,15.3203125,17.453125,,248.60289001464844,,,,,,
9075,721.1225482,-51.125,11.9375,91.75,51.125,,248.60289001464844,,,,,,
9076,721.1980888000007,-93.8125,-22.25,108.8125,93.8125,,248.60289001464844,,,,,,
9077,721.2760157000002,-90.8125,-13.0,93.25,90.8125,,248.60289001464844,,,,,,
9078,721.3521665000007,-85.8125,-8.6875,43.34375,85.8125,,248.60289001464844,,,,,,
9079,721.4306596000006,-13.6328125,-10.0,23.0625,13.6328125,,248.60289001464844,,,,,,
9080,721.5139194000003,41.375,-13.421875,-30.046875,-41.375,,248.60289001464844,,5.9505720138549805,0.2096441090106964,5.532930374145508,5.985300064086914,6.308180332183838
9081,721.5915971000004,21.796875,-26.15625,-5.30078125,-21.796875,,248.60289001464844,,,,,,
9082,721.6678490000004,-61.34375,-26.09375,60.625,61.34375,,248.60289001464844,,,,,,
9083,721.7425524999999,14.234375,-13.984375,11.015625,-14.234375,,248.60289001464844,,,,,,
9084,721.8188346000006,87.5625,-12.9375,-72.4375,-87.5625,,248.60289001464844,,,,,,
9085,721.8980273000006,105.4375,-15.3125,-79.75,-105.4375,,248.60289001464844,,,,,,
9086,721.9748113000005,35.28125,3.671875,-34.25,-35.28125,,248.60289001464844,,,,,,
9087,722.0525508000001,-113.9375,-22.5625,62.46875,113.9375,,248.60289001464844,,,,,,
9088,722.1306633000004,-44.65625,-12.4375,76.5625,44.65625,,248.60289001464844,,,,,,
9089,722.2078082000007,28.1875,-23.453125,24.953125,-28.1875,,248.60289001464844,,,,,,
9090,722.2832587000003,-9.5,-0.953125,-10.1015625,9.5,,248.60289001464844,,,,,,
9091,722.3591064000002,-16.53125,-32.40625,60.6875,16.53125,,248.60289001464844,,,,,,
9092,722.4375835000001,-60.15625,-2.5625,56.1875,60.15625,,248.60289001464844,,,,,,
9093,722.5164321000002,-91.0,-24.875,107.0,91.0,,248.60289001464844,,,,,,
9094,722.5930732000006,-63.78125,13.25,54.125,63.78125,,248.60289001464844,,,,,,
9095,722.6718885,29.375,-10.0625,-54.0,-29.375,,248.60289001464844,,,,,,
9096,722.7494182999999,39.46875,-14.625,-38.40625,-39.46875,,248.60289001464844,,,,,,
9097,722.8263803,52.5,-7.59375,-40.6875,-52.5,,248.60289001464844,,,,,,
9098,722.9036810000007,-61.5,-14.5234375,0.05328369140625,61.5,,248.60289001464844,,,,,,
9099,722.9801074000006,0.07379150390625,0.875,24.28125,-0.07379150390625,,248.60289001464844,,,,,,
9100,723.0636082000001,-8.6015625,-30.3125,45.71875,8.6015625,,248.60289001464844,,7.438501834869385,0.3062789738178253,6.910913944244385,7.452788829803467,7.962233066558838
9101,723.1448107000006,0.1748046875,-55.78125,14.1875,-0.1748046875,,248.60289001464844,,,,,,
9102,723.2214856999999,-84.875,-14.40625,57.375,84.875,,248.60289001464844,,,,,,
9103,723.2985628000006,-35.625,-19.921875,38.0625,35.625,,248.60289001464844,,,,,,
9104,723.3759957000002,-39.65625,-26.1875,28.296875,39.65625,,248.60289001464844,,,,,,
9105,723.4543604999999,-59.8125,-44.46875,89.8125,59.8125,,248.60289001464844,,,,,,
9106,723.5341194000002,33.5625,11.6328125,11.5859375,-33.5625,,248.60289001464844,,,,,,
9107,723.6111649000004,-58.9375,-10.375,94.75,58.9375,,248.60289001464844,,,,,,
9108,723.6891163999999,-40.3125,-13.9375,69.125,40.3125,,248.60289001464844,,,,,,
9109,723.7683201,-83.875,-2.09375,45.4375,83.875,,248.60289001464844,,,,,,
9110,723.8461448000007,22.3125,-16.234375,23.75,-22.3125,,248.60289001464844,,,,,,
9111,723.9233296000002,30.734375,-35.8125,15.5,-30.734375,,248.60289001464844,,,,,,
9112,724.00079,-75.125,-20.625,105.875,75.125,,248.60289001464844,,,,,,
9113,724.0787608,63.5625,-13.828125,21.65625,-63.5625,,248.60289001464844,,,,,,
9114,724.1589131000001,132.875,-8.0625,-121.3125,-132.875,,248.60289001464844,,,,,,
9115,724.2396449000007,-3.2265625,-17.9375,12.703125,3.2265625,,248.60289001464844,,,,,,
9116,724.3175102000005,-52.5625,-19.1875,51.0,52.5625,,248.60289001464844,,,,,,
9117,724.3957036000002,-8.7265625,-12.96875,66.375,8.7265625,,248.60289001464844,,,,,,
9118,724.4737031000004,47.28125,-22.3125,-7.53515625,-47.28125,,248.60289001464844,,,,,,
9119,724.5506659000002,15.8828125,4.84375,-34.59375,-15.8828125,,248.60289001464844,,,,,,
9120,724.6352292000001,-62.84375,-11.875,74.6875,62.84375,,248.60289001464844,,5.6492600440979,0.1377033144235611,5.454211235046387,5.628978252410889,5.916196823120117
9121,724.7136956000004,5.48828125,-29.890625,45.46875,-5.48828125,,248.60289001464844,,,,,,
9122,724.7917707000006,-71.125,-18.3125,91.8125,71.125,,248.60289001464844,,,,,,
9123,724.8756026000001,-115.1875,-15.5625,119.125,115.1875,,248.60289001464844,,,,,,
9124,724.9781251000004,-146.625,-16.25,178.125,146.625,,248.60289001464844,,,,,,
9125,725.0561897000007,-63.90625,-6.8125,79.4375,63.90625,,248.60289001464844,,,,,,
9126,725.1335796000003,-26.265625,2.96875,43.84375,26.265625,,248.60289001464844,,,,,,
9127,725.2114758000007,-105.8125,-10.875,113.1875,105.8125,,248.60289001464844,,,,,,
9128,725.2899508,-24.4375,-13.5234375,17.015625,24.4375,,248.60289001464844,,,,,,
9129,725.3694227000005,96.125,-14.125,-32.65625,-96.125,,248.60289001464844,,,,,,
9130,725.4472599000001,56.25,-11.75,-46.625,-56.25,,248.60289001464844,,,,,,
9131,725.5257754000004,75.875,-7.9375,-70.375,-75.875,,248.60289001464844,,,,,,
9132,725.602903,34.71875,2.78125,-54.34375,-34.71875,,248.60289001464844,,,,,,
9133,725.684432,-54.75,-13.65625,68.125,54.75,,248.60289001464844,,,,,,
9134,725.7613561000007,-69.8125,-13.8125,79.0,69.8125,,248.60289001464844,,,,,,
9135,725.8419964000004,-67.8125,-14.59375,69.6875,67.8125,,248.60289001464844,,,,,,
9136,725.9230481000004,-57.5625,-8.25,90.375,57.5625,,248.60289001464844,,,,,,
9137,726.0033300000005,76.3125,-32.1875,-11.6796875,-76.3125,,248.60289001464844,,,,,,
9138,726.0842023000005,-9.71875,2.28125,-46.0625,9.71875,,248.60289001464844,,,,,,
9139,726.1630212,-44.03125,-9.59375,34.46875,44.03125,,248.60289001464844,,,,,,
9140,726.2454000000007,-49.75,-8.8125,52.71875,49.75,,248.60289001464844,,6.154565811157227,0.2703298330307007,5.866273403167725,6.105792045593262,6.6343278884887695
9141,726.3245586000003,-3.326171875,-11.8125,4.76953125,3.326171875,,248.60289001464844,,,,,,
9142,726.4014578000006,-21.78125,8.484375,9.171875,21.78125,,248.60289001464844,,,,,,
9143,726.4803548,-41.1875,-10.15625,56.125,41.1875,,248.60289001464844,,,,,,
9144,726.5567348000004,19.015625,-3.828125,24.28125,-19.015625,,248.60289001464844,,,,,,
9145,726.6346965000002,11.296875,-25.234375,6.93359375,-11.296875,,248.60289001464844,,,,,,
9146,726.7125400000004,-11.78125,-2.109375,-21.796875,11.78125,,248.60289001464844,,,,,,
9147,726.7921712000007,-25.0625,-13.875,59.71875,25.0625,,248.60289001464844,,,,,,
9148,726.8742863000007,27.34375,-13.4296875,-0.259765625,-27.34375,,248.60289001464844,,,,,,
9149,726.955492,-88.6875,-29.65625,73.4375,88.6875,,248.60289001464844,,,,,,
9150,727.0346814000004,-96.8125,9.9375,77.8125,96.8125,,248.60289001464844,,,,,,
9151,727.1106392000002,-19.3125,-9.0,71.4375,19.3125,,248.60289001464844,,,,,,
9152,727.1894110000003,66.875,-18.578125,-22.296875,-66.875,,248.60289001464844,,,,,,
9153,727.2682549000001,-6.7265625,-1.21875,-15.03125,6.7265625,,248.60289001464844,,,,,,
9154,727.3445121000004,-47.0,-14.625,36.4375,47.0,,248.60289001464844,,,,,,
9155,727.4225866000006,-34.65625,-16.9375,72.1875,34.65625,,248.60289001464844,,,,,,
9156,727.4992135000002,-7.59375,-11.125,61.5625,7.59375,,248.60289001464844,,,,,,
9157,727.5760104999999,-7.18359375,-11.6328125,4.16796875,7.18359375,,248.60289001464844,,,,,,
9158,727.6518907,50.34375,-12.9609375,-15.0234375,-50.34375,,248.60289001464844,,,,,,
9159,727.7275177000001,54.96875,-26.84375,-56.84375,-54.96875,,248.60289001464844,,,,,,
9160,727.8078934000005,-64.3125,-20.71875,65.25,64.3125,,248.60289001464844,,6.096597194671631,0.15526872873306274,5.878601551055908,6.079048156738281,6.380944728851318
9161,727.8840009000005,-76.75,-12.125,85.5,76.75,,248.60289001464844,,,,,,
9162,727.9602903000005,-69.1875,-39.8125,124.25,69.1875,,248.60289001464844,,,,,,
9163,728.0375567000001,-75.1875,-14.5625,65.75,75.1875,,248.60289001464844,,,,,,
9164,728.1150439000003,-28.125,-17.75,61.8125,28.125,,248.60289001464844,,,,,,
9165,728.1914332000006,69.125,-23.78125,-6.33203125,-69.125,,248.60289001464844,,,,,,
9166,728.2687653000003,22.5625,-20.28125,34.40625,-22.5625,,248.60289001464844,,,,,,
9167,728.3455174000001,-69.125,-34.5,88.8125,69.125,,248.60289001464844,,,,,,
9168,728.4227498,-75.9375,-20.4375,71.375,75.9375,,248.60289001464844,,,,,,
9169,728.4988645000003,70.1875,-16.96875,-56.53125,-70.1875,,248.60289001464844,,,,,,
9170,728.5767663000006,2.033203125,-5.6875,-45.6875,-2.033203125,,248.60289001464844,,,,,,
9171,728.6540684000001,-55.46875,-15.78125,66.6875,55.46875,,248.60289001464844,,,,,,
9172,728.7307531000006,-35.59375,-24.25,70.875,35.59375,,248.60289001464844,,,,,,
9173,728.8078707000004,6.31640625,-22.25,11.5390625,-6.31640625,,248.60289001464844,,,,,,
9174,728.8840816000002,-125.5,0.375,103.0625,125.5,,248.60289001464844,,,,,,
9175,728.9599562000003,-83.6875,-9.0625,88.0625,83.6875,,248.60289001464844,,,,,,
9176,729.0373706,-39.75,-11.71875,73.0625,39.75,,248.60289001464844,,,,,,
9177,729.1163194999999,63.25,-22.5625,-1.6328125,-63.25,,248.60289001464844,,,,,,
9178,729.1922277000003,26.25,-22.75,-21.5625,-26.25,,248.60289001464844,,,,,,
9179,729.2691394000003,42.8125,-23.03125,-40.75,-42.8125,,248.60289001464844,,,,,,
9180,729.3525054000002,-39.09375,-6.92578125,7.8671875,39.09375,,248.60289001464844,,6.757491588592529,0.1520378440618515,6.552130699157715,6.727654457092285,7.087582111358643
9181,729.4311510000007,81.5,-27.25,-98.0625,-81.5,,248.60289001464844,,,,,,
9182,729.5079169999999,58.8125,-13.96875,-39.34375,-58.8125,,248.60289001464844,,,,,,
9183,729.5847716000007,-52.9375,4.53125,18.359375,52.9375,,248.60289001464844,,,,,,
9184,729.6624839000006,-132.75,-15.625,147.25,132.75,,248.60289001464844,,,,,,
9185,729.7406924000006,-199.875,1.5,175.5,199.875,,248.60289001464844,,,,,,
9186,729.8171928000002,-120.6875,-8.625,159.625,120.6875,,248.60289001464844,,,,,,
9187,729.8931783000007,-107.625,-18.8125,125.8125,107.625,,248.60289001464844,,,,,,
9188,729.9709289000002,69.1875,-18.953125,-22.109375,-69.1875,,248.60289001464844,,,,,,
9189,730.0487895000006,66.625,-5.125,-93.4375,-66.625,,248.60289001464844,,,,,,
9190,730.1260951000004,26.328125,-17.640625,-27.953125,-26.328125,,248.60289001464844,,,,,,
9191,730.2014778000002,110.1875,-29.375,-57.25,-110.1875,,248.60289001464844,,,,,,
9192,730.2780588000005,-7.73828125,-27.140625,11.6875,7.73828125,,248.60289001464844,,,,,,
9193,730.3553875000007,-118.375,-37.875,126.25,118.375,,248.60289001464844,,,,,,
9194,730.4322596000002,-127.8125,-12.875,178.0,127.8125,,248.60289001464844,,,,,,
9195,730.5088425000004,-70.0625,13.8125,105.0,70.0625,,248.60289001464844,,,,,,
9196,730.5885066000001,44.1875,-39.3125,59.71875,-44.1875,,248.60289001464844,,,,,,
9197,730.6666373000007,37.9375,-17.421875,-19.921875,-37.9375,,248.60289001464844,,,,,,
9198,730.7426771,-49.84375,18.90625,-9.7421875,49.84375,,248.60289001464844,,,,,,
9199,730.8192627000008,-47.5625,-31.65625,79.75,47.5625,,248.60289001464844,,,,,,
9200,730.9025587000006,-51.5625,-18.625,56.9375,51.5625,,248.60289001464844,,7.654781341552734,0.4382019639015198,6.923037528991699,7.659895896911621,8.26134204864502
9201,730.9800136000003,-88.375,-10.875,108.25,88.375,,248.60289001464844,,,,,,
9202,731.0568489000007,-52.25,-17.625,54.96875,52.25,,248.60289001464844,,,,,,
9203,731.1316927000007,66.125,-6.5625,-74.625,-66.125,,248.60289001464844,,,,,,
9204,731.2082459000003,67.6875,-26.703125,-20.265625,-67.6875,,248.60289001464844,,,,,,
9205,731.2848613000006,-86.3125,-13.3125,74.3125,86.3125,,248.60289001464844,,,,,,
9206,731.361723,-54.84375,-10.15625,57.53125,54.84375,,248.60289001464844,,,,,,
9207,731.4383330999999,-11.2265625,-16.359375,23.125,11.2265625,,248.60289001464844,,,,,,
9208,731.5158815000004,70.75,-27.84375,-30.90625,-70.75,,248.60289001464844,,,,,,
9209,731.5940227000001,84.9375,-13.8125,-32.90625,-84.9375,,248.60289001464844,,,,,,
9210,731.6717720000006,21.9375,-8.15625,-62.53125,-21.9375,,248.60289001464844,,,,,,
9211,731.7498656000007,47.78125,-20.28125,-30.65625,-47.78125,,248.60289001464844,,,,,,
9212,731.828152,-12.0703125,-8.1875,10.546875,12.0703125,,248.60289001464844,,,,,,
9213,731.9054449000005,-31.4375,-14.4765625,17.375,31.4375,,248.60289001464844,,,,,,
9214,731.9813976000005,-64.9375,-12.4375,53.375,64.9375,,248.60289001464844,,,,,,
9215,732.0600364000002,-150.25,-34.875,185.125,150.25,,248.60289001464844,,,,,,
9216,732.1389825000006,-99.5,-7.6875,130.25,99.5,,248.60289001464844,,,,,,
9217,732.2164849000001,-13.6328125,-22.96875,56.5625,13.6328125,,248.60289001464844,,,,,,
9218,732.2930059999999,-31.5,-10.40625,68.4375,31.5,,248.60289001464844,,,,,,
9219,732.3704496999999,-22.125,-2.6640625,13.0234375,22.125,,248.60289001464844,,,,,,
9220,732.4547207000005,-57.28125,-13.6875,54.875,57.28125,,248.60289001464844,,6.302986145019531,0.1621154397726059,6.049818992614746,6.282508373260498,6.662985324859619
9221,732.5320276000002,-36.46875,-13.25,56.0,36.46875,,248.60289001464844,,,,,,
9222,732.6092386,-43.90625,-12.15625,61.84375,43.90625,,248.60289001464844,,,,,,
9223,732.6863477000006,-44.03125,-12.5625,79.1875,44.03125,,248.60289001464844,,,,,,
9224,732.7658140000003,-47.6875,-14.203125,39.75,47.6875,,248.60289001464844,,,,,,
9225,732.8419425000002,-77.4375,-2.125,68.25,77.4375,,248.60289001464844,,,,,,
9226,732.9198143000003,-40.46875,-12.6875,77.75,40.46875,,248.60289001464844,,,,,,
9227,732.9974478000004,20.03125,-9.203125,6.2734375,-20.03125,,248.60289001464844,,,,,,
9228,733.0764949000004,164.0,-20.1875,-102.25,-164.0,,248.60289001464844,,,,,,
9229,733.1525029000004,23.59375,11.34375,-52.21875,-23.59375,,248.60289001464844,,,,,,
9230,733.2288462000006,-65.375,-15.625,73.0,65.375,,248.60289001464844,,,,,,
9231,733.3064199999999,-33.8125,-20.9375,53.34375,33.8125,,248.60289001464844,,,,,,
9232,733.3851691,-58.0625,11.0,79.125,58.0625,,248.60289001464844,,,,,,
9233,733.4618496000003,-46.46875,-15.671875,42.1875,46.46875,,248.60289001464844,,,,,,
9234,733.5422782000005,51.6875,-6.5,-51.15625,-51.6875,,248.60289001464844,,,,,,
9235,733.6202686000006,-15.1796875,36.09375,-72.0,15.1796875,,248.60289001464844,,,,,,
9236,733.7019287000003,-42.375,-10.59375,58.4375,42.375,,248.60289001464844,,,,,,
9237,733.7790365999999,-90.875,-17.75,130.125,90.875,,248.60289001464844,,,,,,
9238,733.8557093,-47.375,17.125,109.9375,47.375,,248.60289001464844,,,,,,
9239,733.9341498000003,-27.46875,-8.28125,50.28125,27.46875,,248.60289001464844,,,,,,
9240,734.0183293,-18.421875,-6.625,72.5,18.421875,,248.60289001464844,,6.877873420715332,0.18703210353851318,6.621538162231445,6.872005462646484,7.189963340759277
9241,734.0978617999999,28.34375,-14.65625,10.84375,-28.34375,,248.60289001464844,,,,,,
9242,734.1742534000005,47.375,-36.375,-31.453125,-47.375,,248.60289001464844,,,,,,
9243,734.2518084000003,-36.65625,3.1171875,-14.4296875,36.65625,,248.60289001464844,,,,,,
9244,734.3294657000006,-95.8125,-12.625,108.375,95.8125,,248.60289001464844,,,,,,
9245,734.4067734,-78.5,-7.8125,109.6875,78.5,,248.60289001464844,,,,,,
9246,734.4837795000003,-108.75,-12.5625,123.5625,108.75,,248.60289001464844,,,,,,
9247,734.5608471000005,-93.75,-5.125,166.0,93.75,,248.60289001464844,,,,,,
9248,734.6388744000005,-20.265625,-10.0625,49.03125,20.265625,,248.60289001464844,,,,,,
9249,734.7170053,51.3125,-23.65625,-35.65625,-51.3125,,248.60289001464844,,,,,,
9250,734.7943706000005,78.4375,14.484375,-23.34375,-78.4375,,248.60289001464844,,,,,,
9251,734.8710475000007,98.9375,5.6875,-94.25,-98.9375,,248.60289001464844,,,,,,
9252,734.9482710000002,-6.45703125,-13.5859375,3.142578125,6.45703125,,248.60289001464844,,,,,,
9253,735.0272385000007,-11.25,-27.421875,46.75,11.25,,248.60289001464844,,,,,,
9254,735.1044388999999,-151.5,-23.375,174.0,151.5,,248.60289001464844,,,,,,
9255,735.1825231000003,-81.75,-15.8125,90.5,81.75,,248.60289001464844,,,,,,
9256,735.2585399,-111.25,-10.125,152.625,111.25,,248.60289001464844,,,,,,
9257,735.3350456000007,-99.4375,-16.0625,130.0,99.4375,,248.60289001464844,,,,,,
9258,735.412703,-28.921875,-9.5625,58.59375,28.921875,,248.60289001464844,,,,,,
9259,735.4895589000007,54.25,-17.53125,12.6015625,-54.25,,248.60289001464844,,,,,,
9260,735.5743034000006,13.984375,-10.1640625,23.484375,-13.984375,,248.60289001464844,,7.9053449630737305,0.16739854216575623,7.670995235443115,7.871001243591309,8.203842163085938
9261,735.6526220000005,170.25,-30.625,-135.125,-170.25,,248.60289001464844,,,,,,
9262,735.7311033000005,-12.578125,-16.40625,-5.31640625,12.578125,,248.60289001464844,,,,,,
9263,735.8073981000007,-105.625,-19.375,148.875,105.625,,248.60289001464844,,,,,,
9264,735.8861274000001,-187.375,-23.125,213.0,187.375,,248.60289001464844,,,,,,
9265,735.9634304000001,-54.40625,-6.78125,62.8125,54.40625,,248.60289001464844,,,,,,
9266,736.0412999,-16.6875,-12.25,77.0625,16.6875,,248.60289001464844,,,,,,
9267,736.1171170000007,-35.90625,-20.125,53.5625,35.90625,,248.60289001464844,,,,,,
9268,736.1935651000003,-24.671875,-25.59375,60.34375,24.671875,,248.60289001464844,,,,,,
9269,736.2705431000004,16.5,-16.59375,32.0625,-16.5,,248.60289001464844,,,,,,
9270,736.3477333999999,87.3125,-13.8125,-69.875,-87.3125,,248.60289001464844,,,,,,
9271,736.4256235000003,93.375,-23.5,-55.6875,-93.375,,248.60289001464844,,,,,,
9272,736.5015489000007,78.0625,-26.109375,-4.14453125,-78.0625,,248.60289001464844,,,,,,
9273,736.5774533000003,-65.625,2.046875,18.953125,65.625,,248.60289001464844,,,,,,
9274,736.6542550000004,-155.25,-30.5625,152.875,155.25,,248.60289001464844,,,,,,
9275,736.7328046000002,-146.125,-16.0,179.5,146.125,,248.60289001464844,,,,,,
9276,736.8113274000007,-55.90625,-5.6875,92.4375,55.90625,,248.60289001464844,,,,,,
9277,736.8881440000005,34.09375,-19.625,9.75,-34.09375,,248.60289001464844,,,,,,
9278,736.9667626,24.046875,-4.40625,-56.21875,-24.046875,,248.60289001464844,,,,,,
9279,737.0468745000007,-22.640625,-15.125,49.53125,22.640625,,248.60289001464844,,,,,,
9280,737.1310627000003,41.65625,-16.203125,1.0107421875,-41.65625,,248.60289001464844,,6.564400672912598,0.22738297283649445,6.237020969390869,6.556131362915039,6.92921257019043
9281,737.2087292000006,97.875,-16.625,-75.125,-97.875,,248.60289001464844,,,,,,
9282,737.2844123000004,-118.25,-34.84375,80.6875,118.25,,248.60289001464844,,,,,,
9283,737.3625608000002,-52.84375,-6.8125,92.625,52.84375,,248.60289001464844,,,,,,
9284,737.4400748000007,-82.5,-23.25,119.375,82.5,,248.60289001464844,,,,,,
9285,737.5173101,-47.5,-19.8125,101.875,47.5,,248.60289001464844,,,,,,
9286,737.5954858000005,-105.1875,-14.5,100.125,105.1875,,248.60289001464844,,,,,,
9287,737.6730307000007,-49.09375,-15.5625,64.6875,49.09375,,248.60289001464844,,,,,,
9288,737.7505740000006,-19.84375,1.71875,50.15625,19.84375,,248.60289001464844,,,,,,
9289,737.8280758000001,-91.25,4.0,68.625,91.25,,248.60289001464844,,,,,,
9290,737.9054054000007,-17.453125,2.03125,44.34375,17.453125,,248.60289001464844,,,,,,
9291,737.9851374,72.6875,-23.890625,-18.328125,-72.6875,,248.60289001464844,,,,,,
9292,738.0637657000007,-35.625,-14.875,30.984375,35.625,,248.60289001464844,,,,,,
9293,738.1409035000006,-29.28125,-14.171875,14.1484375,29.28125,,248.60289001464844,,,,,,
9294,738.2197789000002,26.0625,-23.875,5.01171875,-26.0625,,248.60289001464844,,,,,,
9295,738.2976386999999,-79.25,-1.40625,43.375,79.25,,248.60289001464844,,,,,,
9296,738.3756672,-20.546875,-17.09375,22.1875,20.546875,,248.60289001464844,,,,,,
9297,738.4529118999999,-19.03125,-13.609375,30.296875,19.03125,,248.60289001464844,,,,,,
9298,738.5309973000003,35.59375,-5.33984375,-4.87109375,-35.59375,,248.60289001464844,,,,,,
9299,738.6106865000002,-32.09375,3.15625,50.65625,32.09375,,248.60289001464844,,,,,,
9300,738.6995219,44.96875,-24.921875,2.54296875,-44.96875,,248.60289001464844,,7.15106201171875,0.2124788761138916,6.862186431884766,7.169307231903076,7.4008097648620605
9301,738.7873417999999,-124.0625,-18.1875,103.75,124.0625,,248.60289001464844,,,,,,
9302,738.8940407,-132.625,-21.625,140.875,132.625,,248.60289001464844,,,,,,
9303,738.9785593000006,-131.875,-17.25,148.375,131.875,,248.60289001464844,,,,,,
9304,739.0694808000007,-41.21875,-5.8125,109.6875,41.21875,,248.60289001464844,,,,,,
9305,739.1615065000005,51.59375,-27.5,-49.0625,-51.59375,,248.60289001464844,,,,,,
9306,739.2496467999999,23.625,0.328125,-23.078125,-23.625,,248.60289001464844,,,,,,
9307,739.3288551000005,13.8203125,-11.328125,4.90625,-13.8203125,,248.60289001464844,,,,,,
9308,739.4088860000002,-34.59375,-11.875,44.3125,34.59375,,248.60289001464844,,,,,,
9309,739.4884099000001,-29.484375,-13.953125,30.5625,29.484375,,248.60289001464844,,,,,,
9310,739.5670262000003,-18.390625,-14.9453125,16.8125,18.390625,,248.60289001464844,,,,,,
9311,739.6479280000003,-43.9375,-12.3125,76.75,43.9375,,248.60289001464844,,,,,,
9312,739.7289718000002,-42.28125,-10.421875,24.703125,42.28125,,248.60289001464844,,,,,,
9313,739.8090499,-82.1875,-8.125,136.25,82.1875,,248.60289001464844,,,,,,
9314,739.8915772999999,-63.5625,-16.5,82.125,63.5625,,248.60289001464844,,,,,,
9315,739.9728906,2.947265625,-13.78125,-0.350341796875,-2.947265625,,248.60289001464844,,,,,,
9316,740.0534709000003,1.404296875,-21.3125,12.6171875,-1.404296875,,248.60289001464844,,,,,,
9317,740.1336595000002,35.625,-29.59375,-5.49609375,-35.625,,248.60289001464844,,,,,,
9318,740.2123298000006,-82.125,-11.5,94.25,82.125,,248.60289001464844,,,,,,
9319,740.2909549000005,-57.28125,-7.3125,74.0,57.28125,,248.60289001464844,,,,,,
9320,740.3764675000002,-107.1875,-32.125,105.625,107.1875,,248.60289001464844,,8.780158996582031,0.5066766142845154,7.824382781982422,8.843838691711426,9.432035446166992
9321,740.4549104000007,87.3125,-12.265625,-11.15625,-87.3125,,248.60289001464844,,,,,,
9322,740.5326681000006,-4.5546875,-6.6875,32.09375,4.5546875,,248.60289001464844,,,,,,
9323,740.6115876000003,-38.9375,-9.8125,44.1875,38.9375,,248.60289001464844,,,,,,
9324,740.6892764000004,-10.453125,-23.15625,56.90625,10.453125,,248.60289001464844,,,,,,
9325,740.7685779000003,-83.4375,0.78125,44.625,83.4375,,248.60289001464844,,,,,,
9326,740.8520011,-47.125,-9.09375,71.25,47.125,,248.60289001464844,,,,,,
9327,740.9353212000005,-67.0625,-11.8125,111.875,67.0625,,248.60289001464844,,,,,,
9328,741.0210929000004,-3.2421875,-23.34375,31.0,3.2421875,,248.60289001464844,,,,,,
9329,741.1070167000007,25.71875,2.359375,-32.75,-25.71875,,248.60289001464844,,,,,,
9330,741.1892818000006,3.876953125,-15.5625,8.0703125,-3.876953125,,248.60289001464844,,,,,,
9331,741.2688128,41.46875,-3.78125,-42.8125,-41.46875,,248.60289001464844,,,,,,
9332,741.3477895000005,-49.125,-34.59375,71.375,49.125,,248.60289001464844,,,,,,
9333,741.4256722,-83.4375,-15.03125,69.875,83.4375,,248.60289001464844,,,,,,
9334,741.5037603999999,54.59375,-21.9375,-90.5,-54.59375,,248.60289001464844,,,,,,
9335,741.5833700000003,-13.0625,-37.96875,76.75,13.0625,,248.60289001464844,,,,,,
9336,741.6620089000007,-102.625,-2.875,97.8125,102.625,,248.60289001464844,,,,,,
9337,741.7389966000001,-72.375,-12.8125,99.0625,72.375,,248.60289001464844,,,,,,
9338,741.8188396000005,36.25,-21.8125,-28.71875,-36.25,,248.60289001464844,,,,,,
9339,741.9020247000008,0.806640625,-27.234375,16.328125,-0.806640625,,248.60289001464844,,,,,,
9340,741.9834252999999,38.0,-17.28125,-27.28125,-38.0,,248.60289001464844,,6.460261344909668,0.31138432025909424,6.045944690704346,6.434969425201416,7.187213897705078
9341,742.0616127000003,47.34375,-36.59375,-2.70703125,-47.34375,,248.60289001464844,,,,,,
9342,742.1396857,-7.73046875,-13.515625,6.5,7.73046875,,248.60289001464844,,,,,,
9343,742.2236333999999,-6.65625,-13.0625,30.28125,6.65625,,248.60289001464844,,,,,,
9344,742.3013557000004,-117.9375,-19.3125,126.8125,117.9375,,248.60289001464844,,,,,,
9345,742.3816342,-137.375,-5.875,150.375,137.375,,248.60289001464844,,,,,,
9346,742.4592680000005,-107.1875,-22.8125,137.375,107.1875,,248.60289001464844,,,,,,
9347,742.5359785,-83.9375,-5.875,106.4375,83.9375,,248.60289001464844,,,,,,
9348,742.6173656999999,15.53125,-14.625,43.09375,-15.53125,,248.60289001464844,,,,,,
9349,742.6953530999999,66.375,-3.5625,-77.1875,-66.375,,248.60289001464844,,,,,,
9350,742.7712723000004,28.265625,-10.9296875,2.849609375,-28.265625,,248.60289001464844,,,,,,
9351,742.8469955,-54.03125,-12.5625,49.21875,54.03125,,248.60289001464844,,,,,,
9352,742.9255198000001,-46.40625,-13.5,54.625,46.40625,,248.60289001464844,,,,,,
9353,743.0060189000005,-90.5625,-15.0,57.65625,90.5625,,248.60289001464844,,,,,,
9354,743.0828089000006,-44.90625,-12.9375,80.0625,44.90625,,248.60289001464844,,,,,,
9355,743.1588688000002,-31.453125,-10.5625,54.71875,31.453125,,248.60289001464844,,,,,,
9356,743.2352545000003,14.140625,-0.296875,-31.21875,-14.140625,,248.60289001464844,,,,,,
9357,743.3121225000004,-0.08880615234375,-19.90625,27.9375,0.08880615234375,,248.60289001464844,,,,,,
9358,743.3883781000004,-104.8125,-17.8125,83.5625,104.8125,,248.60289001464844,,,,,,
9359,743.4652302000004,-72.9375,-46.5,111.75,72.9375,,248.60289001464844,,,,,,
9360,743.5488696000002,-86.0,4.75,122.375,86.0,,248.60289001464844,,5.798781394958496,0.12959839403629303,5.634006023406982,5.778153419494629,6.031182289123535
9361,743.6274145000007,-65.625,-20.875,83.4375,65.625,,248.60289001464844,,,,,,
9362,743.7027946000007,40.75,-8.1796875,-11.7890625,-40.75,,248.60289001464844,,,,,,
9363,743.7789616,84.3125,-1.75,-97.4375,-84.3125,,248.60289001464844,,,,,,
9364,743.8611016000004,-11.21875,3.375,-37.40625,11.21875,,248.60289001464844,,,,,,
9365,743.9379432000005,30.328125,-24.21875,-4.11328125,-30.328125,,248.60289001464844,,,,,,
9366,744.0161794000005,-21.3125,-21.453125,37.96875,21.3125,,248.60289001464844,,,,,,
9367,744.0931261000005,-30.671875,-13.359375,36.625,30.671875,,248.60289001464844,,,,,,
9368,744.1698268999999,-49.96875,-17.21875,64.0625,49.96875,,248.60289001464844,,,,,,
9369,744.2480437000004,-111.5625,-43.1875,132.5,111.5625,,248.60289001464844,,,,,,
9370,744.3246955000004,-144.25,-30.375,178.0,144.25,,248.60289001464844,,,,,,
9371,744.4009157999999,73.5625,-12.859375,-20.390625,-73.5625,,248.60289001464844,,,,,,
9372,744.4772706000003,128.625,-45.5625,-82.125,-128.625,,248.60289001464844,,,,,,
9373,744.5536913000005,59.25,-9.25,-92.5,-59.25,,248.60289001464844,,,,,,
9374,744.6301870000007,16.125,3.4375,-49.46875,-16.125,,248.60289001464844,,,,,,
9375,744.7057523000003,38.96875,3.21875,-43.5625,-38.96875,,248.60289001464844,,,,,,
9376,744.7821113,-101.875,-10.875,131.75,101.875,,248.60289001464844,,,,,,
9377,744.8621702999999,-175.625,-14.75,175.75,175.625,,248.60289001464844,,,,,,
9378,744.9385329000006,-129.75,-13.0625,128.875,129.75,,248.60289001464844,,,,,,
9379,745.0155509000006,-147.875,-45.25,170.125,147.875,,248.60289001464844,,,,,,
9380,745.0976843000008,-71.3125,-22.0625,100.375,71.3125,,248.60289001464844,,8.62839126586914,0.5748631954193115,7.613401889801025,8.656536102294922,9.434625625610352
9381,745.1761758000002,60.6875,-11.2109375,5.390625,-60.6875,,248.60289001464844,,,,,,
9382,745.2559125000007,81.75,-34.59375,-31.53125,-81.75,,248.60289001464844,,,,,,
9383,745.3333771000007,18.96875,-39.0625,47.5625,-18.96875,,248.60289001464844,,,,,,
9384,745.4094068000004,5.24609375,-24.5625,36.6875,-5.24609375,,248.60289001464844,,,,,,
9385,745.4866701000001,-20.21875,-37.0625,55.84375,20.21875,,248.60289001464844,,,,,,
9386,745.5612157000005,3.228515625,-15.015625,36.8125,-3.228515625,,248.60289001464844,,,,,,
9387,745.6384707000007,76.9375,-24.21875,-37.4375,-76.9375,,248.60289001464844,,,,,,
9388,745.7167586000005,-22.234375,-8.8125,5.31640625,22.234375,,248.60289001464844,,,,,,
9389,745.7957607000008,-26.84375,2.0,65.5625,26.84375,,248.60289001464844,,,,,,
9390,745.8741935000007,-95.5,-16.0625,115.4375,95.5,,248.60289001464844,,,,,,
9391,745.9520143,-63.15625,-11.25,80.0,63.15625,,248.60289001464844,,,,,,
9392,746.0285334,-113.875,-31.75,134.75,113.875,,248.60289001464844,,,,,,
9393,746.1074173000006,-54.40625,-5.25,88.4375,54.40625,,248.60289001464844,,,,,,
9394,746.1843286000003,-21.8125,-20.015625,-3.49609375,21.8125,,248.60289001464844,,,,,,
9395,746.2622758000007,-31.875,-1.25,62.40625,31.875,,248.60289001464844,,,,,,
9396,746.3398225999999,-84.625,-18.25,85.625,84.625,,248.60289001464844,,,,,,
9397,746.4185603000005,-54.8125,-15.875,58.53125,54.8125,,248.60289001464844,,,,,,
9398,746.4954224000003,-23.78125,-8.921875,12.109375,23.78125,,248.60289001464844,,,,,,
9399,746.5716646999999,-41.6875,-17.84375,41.75,41.6875,,248.60289001464844,,,,,,
9400,746.6547117999999,0.260986328125,-14.25,36.34375,-0.260986328125,,248.60289001464844,,6.058271408081055,0.19922755658626556,5.7918877601623535,6.024991512298584,6.4129815101623535
9401,746.7341314000005,-25.484375,-16.75,54.1875,25.484375,,248.60289001464844,,,,,,
9402,746.8105438000002,-88.0625,-14.625,113.875,88.0625,,248.60289001464844,,,,,,
9403,746.8884926999999,-4.9609375,-24.546875,2.513671875,4.9609375,,248.60289001464844,,,,,,
9404,746.9637330000005,51.71875,-6.9375,-45.53125,-51.71875,,248.60289001464844,,,,,,
9405,747.0408919000001,36.3125,-11.25,-9.609375,-36.3125,,248.60289001464844,,,,,,
9406,747.1181260000003,-27.046875,-13.9609375,14.1328125,27.046875,,248.60289001464844,,,,,,
9407,747.1949152000007,-26.53125,-12.2421875,12.15625,26.53125,,248.60289001464844,,,,,,
9408,747.2707250000003,-83.8125,-8.03125,59.96875,83.8125,,248.60289001464844,,,,,,
9409,747.3471423999999,-146.125,-18.0,160.875,146.125,,248.60289001464844,,,,,,
9410,747.4239934000007,-115.0,-16.125,130.75,115.0,,248.60289001464844,,,,,,
9411,747.4990651000007,-12.1171875,-18.78125,77.75,12.1171875,,248.60289001464844,,,,,,
9412,747.5748012000004,22.40625,-14.65625,28.234375,-22.40625,,248.60289001464844,,,,,,
9413,747.6522419000003,1.349609375,-29.015625,30.265625,-1.349609375,,248.60289001464844,,,,,,
9414,747.7288717000001,5.703125,-9.4375,7.21875,-5.703125,,248.60289001464844,,,,,,
9415,747.8076205000007,32.28125,-15.9453125,-15.6171875,-32.28125,,248.60289001464844,,,,,,
9416,747.8875627000007,91.9375,-14.25,-90.125,-91.9375,,248.60289001464844,,,,,,
9417,747.9642055000004,11.03125,-22.015625,-25.921875,-11.03125,,248.60289001464844,,,,,,
9418,748.0410058000007,-81.1875,-10.09375,53.875,81.1875,,248.60289001464844,,,,,,
9419,748.1189219000007,-159.75,-7.625,143.25,159.75,,248.60289001464844,,,,,,
9420,748.1998843000001,-99.25,-5.25,155.0,99.25,,248.60289001464844,,7.639975547790527,0.34394416213035583,6.987697124481201,7.708641052246094,8.062100410461426
9421,748.2762768000002,49.65625,-15.609375,10.609375,-49.65625,,248.60289001464844,,,,,,
9422,748.3534064000005,58.34375,-8.984375,-17.921875,-58.34375,,248.60289001464844,,,,,,
9423,748.4302571000007,104.8125,-22.25,-41.0625,-104.8125,,248.60289001464844,,,,,,
9424,748.5069776,-68.0,-15.625,54.90625,68.0,,248.60289001464844,,,,,,
9425,748.5846625000004,-92.4375,-11.0625,88.75,92.4375,,248.60289001464844,,,,,,
9426,748.6634465000006,-70.875,-17.625,87.1875,70.875,,248.60289001464844,,,,,,
9427,748.7406872000001,4.3125,-8.078125,-18.875,-4.3125,,248.60289001464844,,,,,,
9428,748.8192929000006,-93.5625,-13.6875,82.625,93.5625,,248.60289001464844,,,,,,
9429,748.9001740000003,-3.669921875,-18.46875,14.71875,3.669921875,,248.60289001464844,,,,,,
9430,748.9780934999999,-8.5,-9.2109375,1.287109375,8.5,,248.60289001464844,,,,,,
9431,749.0573392000006,-20.34375,-18.34375,65.1875,20.34375,,248.60289001464844,,,,,,
9432,749.1357107000003,-5.453125,-8.140625,-3.56640625,5.453125,,248.60289001464844,,,,,,
9433,749.2139501000001,50.25,-2.75,-74.625,-50.25,,248.60289001464844,,,,,,
9434,749.2923869000006,3.78125,-0.90625,18.359375,-3.78125,,248.60289001464844,,,,,,
9435,749.3707619000006,-3.79296875,-12.4296875,18.5625,3.79296875,,248.60289001464844,,,,,,
9436,749.4529730000004,-134.75,-7.375,136.75,134.75,,248.60289001464844,,,,,,
9437,749.5305769000006,-80.1875,-14.3125,134.125,80.1875,,248.60289001464844,,,,,,
9438,749.6095343000006,-65.875,-11.4375,84.0,65.875,,248.60289001464844,,,,,,
9439,749.6878085000008,17.046875,-19.453125,24.875,-17.046875,,248.60289001464844,,,,,,
9440,749.7712127000004,-24.453125,-2.9765625,12.1015625,24.453125,,248.60289001464844,,7.660187244415283,0.40821728110313416,7.024980545043945,7.614471435546875,8.377518653869629
9441,749.8508151000005,-26.65625,27.546875,-34.4375,26.65625,,248.60289001464844,,,,,,
9442,749.9312098,11.890625,-13.8515625,14.0703125,-11.890625,,248.60289001464844,,,,,,
9443,750.0082491000003,-22.765625,-23.890625,17.1875,22.765625,,248.60289001464844,,,,,,
9444,750.0865110000004,8.7890625,9.03125,6.328125,-8.7890625,,248.60289001464844,,,,,,
9445,750.1660205000007,63.34375,-2.828125,-9.0,-63.34375,,248.60289001464844,,,,,,
9446,750.2443878000004,-23.171875,-8.578125,-2.15234375,23.171875,,248.60289001464844,,,,,,
9447,750.3211188000005,-141.5,-32.875,162.125,141.5,,248.60289001464844,,,,,,
9448,750.4008121000006,-109.8125,-12.3125,109.8125,109.8125,,248.60289001464844,,,,,,
9449,750.4782711000007,27.21875,-25.90625,45.5,-27.21875,,248.60289001464844,,,,,,
9450,750.5555586999999,-91.25,-11.25,102.4375,91.25,,248.60289001464844,,,,,,
9451,750.6335662000001,-40.3125,-8.5625,84.25,40.3125,,248.60289001464844,,,,,,
9452,750.7107501,52.59375,-11.75,-81.4375,-52.59375,,248.60289001464844,,,,,,
9453,750.7880702000002,36.15625,-13.8125,-19.4375,-36.15625,,248.60289001464844,,,,,,
9454,750.8668247000005,-23.0,-6.36328125,-7.18359375,23.0,,248.60289001464844,,,,,,
9455,750.9465464000004,-55.78125,-8.5625,59.84375,55.78125,,248.60289001464844,,,,,,
9456,751.0243110000001,14.5234375,-16.5,3.83203125,-14.5234375,,248.60289001464844,,,,,,
9457,751.1030303000007,3.59765625,-24.796875,41.96875,-3.59765625,,248.60289001464844,,,,,,
9458,751.1799896000002,-3.82421875,0.5625,-18.828125,3.82421875,,248.60289001464844,,,,,,
9459,751.2589869000003,119.3125,-29.5625,-81.4375,-119.3125,,248.60289001464844,,,,,,
9460,751.3424067000005,-60.09375,-4.90625,26.9375,60.09375,,248.60289001464844,,5.591339588165283,0.39228978753089905,5.072861671447754,5.509115219116211,6.178222179412842
9461,751.4212184000007,-94.75,-15.5625,92.1875,94.75,,248.60289001464844,,,,,,
9462,751.4991415000004,-115.5625,-22.75,124.375,115.5625,,248.60289001464844,,,,,,
9463,751.5756329000005,-78.1875,-12.375,64.4375,78.1875,,248.60289001464844,,,,,,
9464,751.6519226,-105.375,-45.4375,139.75,105.375,,248.60289001464844,,,,,,
9465,751.7291150000001,-55.25,3.0,80.875,55.25,,248.60289001464844,,,,,,
9466,751.8059019000002,78.0,-14.6875,-62.5625,-78.0,,248.60289001464844,,,,,,
9467,751.8858823999999,17.453125,-13.2890625,-3.603515625,-17.453125,,248.60289001464844,,,,,,
9468,751.9643810000007,-16.375,-14.1640625,-5.9765625,16.375,,248.60289001464844,,,,,,
9469,752.0423094000007,14.703125,-36.5,79.25,-14.703125,,248.60289001464844,,,,,,
9470,752.1205355000002,-16.53125,-17.796875,46.96875,16.53125,,248.60289001464844,,,,,,
9471,752.1966142000001,-50.46875,-23.0,63.6875,50.46875,,248.60289001464844,,,,,,
9472,752.2747970999999,-15.4765625,-20.8125,48.71875,15.4765625,,248.60289001464844,,,,,,
9473,752.3550255999999,-86.875,-27.6875,105.25,86.875,,248.60289001464844,,,,,,
9474,752.4309877000005,-12.8125,-22.3125,28.578125,12.8125,,248.60289001464844,,,,,,
9475,752.5067145000003,81.625,-29.8125,-10.03125,-81.625,,248.60289001464844,,,,,,
9476,752.5839292000001,56.5625,-6.25,-37.9375,-56.5625,,248.60289001464844,,,,,,
9477,752.6616281000006,16.71875,-9.75,4.08203125,-16.71875,,248.60289001464844,,,,,,
9478,752.7379374000002,6.2265625,-18.65625,21.90625,-6.2265625,,248.60289001464844,,,,,,
9479,752.8156843000006,-82.0,-11.46875,58.78125,82.0,,248.60289001464844,,,,,,
9480,752.8996193000003,-135.25,-41.125,137.875,135.25,,248.60289001464844,,9.363631248474121,0.9721735715866089,7.519551753997803,9.547966957092285,10.721525192260742
9481,752.9767963000004,-128.75,-0.25,181.75,128.75,,248.60289001464844,,,,,,
9482,753.0533425000003,-76.125,32.1875,74.5625,76.125,,248.60289001464844,,,,,,
9483,753.1306097000006,89.75,-21.9375,-13.7578125,-89.75,,248.60289001464844,,,,,,
9484,753.2073909000001,157.0,-39.0,-80.0625,-157.0,,248.60289001464844,,,,,,
9485,753.2841558,29.5625,-6.953125,-24.265625,-29.5625,,248.60289001464844,,,,,,
9486,753.3618041,-20.578125,-4.04296875,-7.33984375,20.578125,,248.60289001464844,,,,,,
9487,753.4388683000006,-0.8662109375,3.53125,-48.5,0.8662109375,,248.60289001464844,,,,,,
9488,753.5153946,-1.1669921875,-22.4375,30.609375,1.1669921875,,248.60289001464844,,,,,,
9489,753.5923558000004,-44.78125,-16.1875,82.125,44.78125,,248.60289001464844,,,,,,
9490,753.6701856,-64.0,12.75,65.5,64.0,,248.60289001464844,,,,,,
9491,753.7467558000008,-79.375,-20.5625,121.625,79.375,,248.60289001464844,,,,,,
9492,753.8233176000003,-4.7265625,-9.28125,60.65625,4.7265625,,248.60289001464844,,,,,,
9493,753.9028422000001,-58.09375,-16.75,45.625,58.09375,,248.60289001464844,,,,,,
9494,753.9806840000001,-45.4375,-1.6875,-4.34375,45.4375,,248.60289001464844,,,,,,
9495,754.0573908000006,-37.46875,-6.09375,25.671875,37.46875,,248.60289001464844,,,,,,
9496,754.1334213999999,-21.671875,-30.859375,54.5,21.671875,,248.60289001464844,,,,,,
9497,754.2107806000004,-81.6875,-21.4375,108.5625,81.6875,,248.60289001464844,,,,,,
9498,754.2892699000004,-68.0,-10.25,89.125,68.0,,248.60289001464844,,,,,,
9499,754.3673693999999,36.5,1.21875,-47.125,-36.5,,248.60289001464844,,,,,,
9500,754.4502804000003,-10.796875,-27.03125,39.03125,10.796875,,248.60289001464844,,7.60910701751709,0.48385417461395264,6.703482627868652,7.595311164855957,8.324399948120117
9501,754.5293823000002,25.890625,-12.28125,-20.1875,-25.890625,,248.60289001464844,,,,,,
9502,754.6335531000004,-46.125,-27.859375,34.71875,46.125,,248.60289001464844,,,,,,
9503,754.7117938000001,32.78125,-19.1875,8.5078125,-32.78125,,248.60289001464844,,,,,,
9504,754.7891681000001,3.609375,-8.8125,-24.96875,-3.609375,,248.60289001464844,,,,,,
9505,754.8667190000006,-114.25,-9.4375,107.8125,114.25,,248.60289001464844,,,,,,
9506,754.9439847000003,-88.3125,-18.5625,122.4375,88.3125,,248.60289001464844,,,,,,
9507,755.0226157000006,-5.1796875,-11.125,-30.78125,5.1796875,,248.60289001464844,,,,,,
9508,755.1011204000006,-23.90625,-12.296875,31.609375,23.90625,,248.60289001464844,,,,,,
9509,755.1786342000005,-92.5,-9.5,95.5,92.5,,248.60289001464844,,,,,,
9510,755.2565916000003,-37.65625,-10.484375,39.25,37.65625,,248.60289001464844,,,,,,
9511,755.3340811000007,19.5625,-17.078125,-12.421875,-19.5625,,248.60289001464844,,,,,,
9512,755.4124442000002,31.53125,-16.5,-6.3515625,-31.53125,,248.60289001464844,,,,,,
9513,755.4898903000003,52.8125,-12.84375,-28.5625,-52.8125,,248.60289001464844,,,,,,
9514,755.5694566000002,-30.578125,-12.546875,29.90625,30.578125,,248.60289001464844,,,,,,
9515,755.6506348000003,-98.0,-7.0,84.1875,98.0,,248.60289001464844,,,,,,
9516,755.7289338,-67.9375,-26.15625,60.1875,67.9375,,248.60289001464844,,,,,,
9517,755.8047049000006,-120.625,-7.75,111.9375,120.625,,248.60289001464844,,,,,,
9518,755.8822052000005,11.828125,0.5625,52.0625,-11.828125,,248.60289001464844,,,,,,
9519,755.9640029000002,23.046875,24.65625,-86.75,-23.046875,,248.60289001464844,,,,,,
9520,756.0481550000004,46.03125,13.875,-102.5,-46.03125,,248.60289001464844,,6.551300048828125,0.151462584733963,6.307515621185303,6.541347503662109,6.814042568206787
9521,756.1262098000007,6.55078125,2.5625,5.9921875,-6.55078125,,248.60289001464844,,,,,,
9522,756.2042666000007,24.40625,-10.828125,-7.203125,-24.40625,,248.60289001464844,,,,,,
9523,756.2826376000003,-43.84375,-12.109375,37.21875,43.84375,,248.60289001464844,,,,,,
9524,756.3602862000007,-159.75,-14.5,139.5,159.75,,248.60289001464844,,,,,,
9525,756.4381767000004,-171.25,-20.125,163.625,171.25,,248.60289001464844,,,,,,
9526,756.5147321000004,-31.296875,-23.34375,85.3125,31.296875,,248.60289001464844,,,,,,
9527,756.5914878000003,105.1875,-20.859375,-31.484375,-105.1875,,248.60289001464844,,,,,,
9528,756.6701422000006,42.4375,-10.515625,-28.984375,-42.4375,,248.60289001464844,,,,,,
9529,756.7475140000006,0.7607421875,12.34375,-50.09375,-0.7607421875,,248.60289001464844,,,,,,
9530,756.8246497,6.71875,16.75,-57.0,-6.71875,,248.60289001464844,,,,,,
9531,756.9012224000007,-18.890625,-10.109375,26.9375,18.890625,,248.60289001464844,,,,,,
9532,756.9820195000002,-122.75,-9.875,105.0,122.75,,248.60289001464844,,,,,,
9533,757.0578512000002,-137.875,-12.8125,119.125,137.875,,248.60289001464844,,,,,,
9534,757.1383904000004,-57.9375,-16.5625,115.25,57.9375,,248.60289001464844,,,,,,
9535,757.2144696000005,-24.703125,-9.9921875,21.40625,24.703125,,248.60289001464844,,,,,,
9536,757.2922193000004,26.15625,-13.59375,-29.6875,-26.15625,,248.60289001464844,,,,,,
9537,757.3694008000002,45.25,-19.046875,-29.296875,-45.25,,248.60289001464844,,,,,,
9538,757.4481069000003,19.6875,-13.40625,9.28125,-19.6875,,248.60289001464844,,,,,,
9539,757.5274379000002,-46.78125,-21.015625,26.875,46.78125,,248.60289001464844,,,,,,
9540,757.6097247000007,-28.953125,-13.796875,33.1875,28.953125,,248.60289001464844,,6.528678894042969,0.24289338290691376,6.240637302398682,6.506488800048828,6.825870037078857
9541,757.6858718000003,-57.90625,-12.75,51.71875,57.90625,,248.60289001464844,,,,,,
9542,757.7633418000005,-69.1875,-14.21875,66.0,69.1875,,248.60289001464844,,,,,,
9543,757.8410078000006,13.6796875,-5.4375,51.5,-13.6796875,,248.60289001464844,,,,,,
9544,757.9206754000006,18.21875,-34.78125,10.6796875,-18.21875,,248.60289001464844,,,,,,
9545,757.9997595000004,-44.6875,-12.90625,53.59375,44.6875,,248.60289001464844,,,,,,
9546,758.0767194,-101.0,-20.125,101.8125,101.0,,248.60289001464844,,,,,,
9547,758.1542159,-104.8125,-16.4375,131.625,104.8125,,248.60289001464844,,,,,,
9548,758.2308985,5.3671875,-14.65625,-8.171875,-5.3671875,,248.60289001464844,,,,,,
9549,758.3072528000002,11.40625,-15.234375,-14.46875,-11.40625,,248.60289001464844,,,,,,
9550,758.3841790000006,56.65625,-12.78125,-2.75390625,-56.65625,,248.60289001464844,,,,,,
9551,758.4619038999999,168.0,-18.625,-143.0,-168.0,,248.60289001464844,,,,,,
9552,758.5392454000003,108.0,-20.6875,-68.75,-108.0,,248.60289001464844,,,,,,
9553,758.6168136000006,-5.15234375,-16.40625,5.66015625,5.15234375,,248.60289001464844,,,,,,
9554,758.6946261000003,-97.875,-13.625,100.4375,97.875,,248.60289001464844,,,,,,
9555,758.7713477000007,-170.875,-10.375,167.875,170.875,,248.60289001464844,,,,,,
9556,758.8482269000006,-151.625,-32.25,194.0,151.625,,248.60289001464844,,,,,,
9557,758.9269533000006,-185.25,-34.25,221.125,185.25,,248.60289001464844,,,,,,
9558,759.0034599,-103.6875,-9.4375,129.375,103.6875,,248.60289001464844,,,,,,
9559,759.0797668000005,70.125,-15.203125,17.171875,-70.125,,248.60289001464844,,,,,,
9560,759.1625064,32.90625,-12.3125,-17.796875,-32.90625,,248.60289001464844,,6.2975640296936035,0.15181434154510498,6.113537788391113,6.26477575302124,6.561758518218994
9561,759.2438904,72.8125,-10.625,-67.0,-72.8125,,248.60289001464844,,,,,,
9562,759.3210314000007,-30.765625,-15.703125,-9.8125,30.765625,,248.60289001464844,,,,,,
9563,759.4017840000006,-0.7236328125,-8.765625,20.640625,0.7236328125,,248.60289001464844,,,,,,
9564,759.477758,41.75,-0.875,-53.625,-41.75,,248.60289001464844,,,,,,
9565,759.5554802000006,-51.78125,-19.3125,22.453125,51.78125,,248.60289001464844,,,,,,
9566,759.6328313000004,-72.0625,-12.8125,98.125,72.0625,,248.60289001464844,,,,,,
9567,759.7081867000006,-100.0,-9.5,109.0,100.0,,248.60289001464844,,,,,,
9568,759.7834396000007,-34.1875,-9.25,42.3125,34.1875,,248.60289001464844,,,,,,
9569,759.8619443000007,24.53125,-17.25,12.3515625,-24.53125,,248.60289001464844,,,,,,
9570,759.9382476999999,56.03125,-17.375,-33.46875,-56.03125,,248.60289001464844,,,,,,
9571,760.0166558999999,22.515625,-14.3671875,-1.625,-22.515625,,248.60289001464844,,,,,,
9572,760.0931547,-101.25,-12.6875,82.3125,101.25,,248.60289001464844,,,,,,
9573,760.1714674000004,-91.25,5.75,109.125,91.25,,248.60289001464844,,,,,,
9574,760.2486249000003,-101.1875,-14.0625,96.1875,101.1875,,248.60289001464844,,,,,,
9575,760.3264975000002,-118.375,3.3125,76.75,118.375,,248.60289001464844,,,,,,
9576,760.4037254000004,-51.53125,-16.3125,82.4375,51.53125,,248.60289001464844,,,,,,
9577,760.4835972999999,1.3779296875,-12.0,37.875,-1.3779296875,,248.60289001464844,,,,,,
9578,760.5606530000005,8.9296875,-18.0,24.96875,-8.9296875,,248.60289001464844,,,,,,
9579,760.6381824,21.828125,-6.3203125,13.1953125,-21.828125,,248.60289001464844,,,,,,
9580,760.7200086000003,15.2265625,-14.5234375,12.078125,-15.2265625,,248.60289001464844,,6.268758296966553,0.21823342144489288,5.944093704223633,6.233102321624756,6.578135013580322
9581,760.7962224000003,-18.890625,-25.71875,2.271484375,18.890625,,248.60289001464844,,,,,,
9582,760.8729991,-27.28125,-13.25,55.125,27.28125,,248.60289001464844,,,,,,
9583,760.9506043000001,-32.4375,-13.90625,30.5,32.4375,,248.60289001464844,,,,,,
9584,761.0271713000002,7.35546875,-34.25,-13.984375,-7.35546875,,248.60289001464844,,,,,,
9585,761.1027258000004,-24.03125,-14.5859375,22.234375,24.03125,,248.60289001464844,,,,,,
9586,761.1786812999999,-58.6875,-15.46875,76.875,58.6875,,248.60289001464844,,,,,,
9587,761.2567105000007,-85.25,-18.9375,86.5,85.25,,248.60289001464844,,,,,,
9588,761.3356328,16.390625,-1.921875,32.25,-16.390625,,248.60289001464844,,,,,,
9589,761.4130664000004,18.953125,-13.453125,-18.109375,-18.953125,,248.60289001464844,,,,,,
9590,761.4901226000002,-5.6328125,-10.390625,-6.84375,5.6328125,,248.60289001464844,,,,,,
9591,761.5680957000004,-18.171875,-14.375,37.5,18.171875,,248.60289001464844,,,,,,
9592,761.6455399000006,-32.71875,-1.7265625,-8.828125,32.71875,,248.60289001464844,,,,,,
9593,761.7233714000004,-39.96875,-6.625,19.875,39.96875,,248.60289001464844,,,,,,
9594,761.8013562000006,-39.03125,-13.8125,51.34375,39.03125,,248.60289001464844,,,,,,
9595,761.8788221000004,-18.53125,-21.703125,48.6875,18.53125,,248.60289001464844,,,,,,
9596,761.9575542000002,14.4765625,-18.40625,20.3125,-14.4765625,,248.60289001464844,,,,,,
9597,762.0342092000001,56.0,-18.53125,-25.1875,-56.0,,248.60289001464844,,,,,,
9598,762.1101222000007,87.0,-5.875,-43.6875,-87.0,,248.60289001464844,,,,,,
9599,762.1875945000002,10.2265625,-32.0625,27.265625,-10.2265625,,248.60289001464844,,,,,,
9600,762.2715271000006,-65.5,1.28125,31.5,65.5,,248.60289001464844,,7.34674072265625,0.21140486001968384,6.990108013153076,7.381242752075195,7.634016513824463
9601,762.3499549000007,-139.375,2.125,124.375,139.375,,248.60289001464844,,,,,,
9602,762.4282403000007,-145.625,-43.875,188.875,145.625,,248.60289001464844,,,,,,
9603,762.5058988000001,-182.125,-7.375,160.375,182.125,,248.60289001464844,,,,,,
9604,762.5846791000004,35.25,-18.046875,4.8359375,-35.25,,248.60289001464844,,,,,,
9605,762.6641057000006,28.203125,-14.578125,-22.859375,-28.203125,,248.60289001464844,,,,,,
9606,762.7395835000007,44.59375,-16.484375,-31.859375,-44.59375,,248.60289001464844,,,,,,
9607,762.8179840000003,147.875,-20.0,-99.25,-147.875,,248.60289001464844,,,,,,
9608,762.8975747000004,63.09375,-15.25,-36.6875,-63.09375,,248.60289001464844,,,,,,
9609,762.9759254,-11.0703125,-13.015625,-22.328125,11.0703125,,248.60289001464844,,,,,,
9610,763.0537554000002,-67.1875,-12.28125,73.3125,67.1875,,248.60289001464844,,,,,,
9611,763.1301570000005,11.0703125,-15.625,33.375,-11.0703125,,248.60289001464844,,,,,,
9612,763.2068662000001,-105.1875,-8.5,94.8125,105.1875,,248.60289001464844,,,,,,
9613,763.2849821,-97.625,-11.3125,99.375,97.625,,248.60289001464844,,,,,,
9614,763.3614344000007,-115.4375,-7.125,79.3125,115.4375,,248.60289001464844,,,,,,
9615,763.4398515000003,51.625,-38.5625,45.3125,-51.625,,248.60289001464844,,,,,,
9616,763.5226034000007,-53.96875,-5.09375,59.96875,53.96875,,248.60289001464844,,,,,,
9617,763.5985660000006,-79.125,-25.375,97.5,79.125,,248.60289001464844,,,,,,
9618,763.6755535000002,39.0625,-20.625,-6.8046875,-39.0625,,248.60289001464844,,,,,,
9619,763.7535286000002,75.0625,-11.625,-62.0625,-75.0625,,248.60289001464844,,,,,,
9620,763.8374604,75.375,-15.1875,-74.25,-75.375,,248.60289001464844,,5.7738471031188965,0.20919744670391083,5.433630466461182,5.764336585998535,6.146683692932129
9621,763.9151635000007,-31.5,-16.109375,35.0625,31.5,,248.60289001464844,,,,,,
9622,763.9943472000004,-131.25,-17.25,116.5,131.25,,248.60289001464844,,,,,,
9623,764.0723820000003,-183.75,-16.125,189.5,183.75,,248.60289001464844,,,,,,
9624,764.1521438,-82.125,-11.6875,83.3125,82.125,,248.60289001464844,,,,,,
9625,764.2302280000004,88.8125,-18.21875,-60.28125,-88.8125,,248.60289001464844,,,,,,
9626,764.3086455000002,-69.125,-8.71875,4.3046875,69.125,,248.60289001464844,,,,,,
9627,764.3880315000006,-82.6875,-17.25,70.8125,82.6875,,248.60289001464844,,,,,,
9628,764.4668251000003,-48.28125,-12.0,62.6875,48.28125,,248.60289001464844,,,,,,
9629,764.5438066000006,57.09375,-14.265625,-17.125,-57.09375,,248.60289001464844,,,,,,
9630,764.6203812000003,84.9375,-18.375,-71.9375,-84.9375,,248.60289001464844,,,,,,
9631,764.6978384000004,87.1875,-11.5,-79.25,-87.1875,,248.60289001464844,,,,,,
9632,764.7776951000005,65.9375,14.09375,-50.34375,-65.9375,,248.60289001464844,,,,,,
9633,764.8563127000007,52.3125,-13.4375,-53.75,-52.3125,,248.60289001464844,,,,,,
9634,764.9325121000002,-77.5,-14.59375,71.9375,77.5,,248.60289001464844,,,,,,
9635,765.0111697000002,-149.625,-21.0625,149.0,149.625,,248.60289001464844,,,,,,
9636,765.0888141000005,-25.078125,-15.375,85.5625,25.078125,,248.60289001464844,,,,,,
9637,765.1666751000002,-6.078125,-12.125,38.96875,6.078125,,248.60289001464844,,,,,,
9638,765.2421414999999,0.43408203125,-9.90625,10.0390625,-0.43408203125,,248.60289001464844,,,,,,
9639,765.3184748000003,-11.84375,-10.46875,13.2734375,11.84375,,248.60289001464844,,,,,,
9640,765.4017789,4.375,-13.359375,19.328125,-4.375,,248.60289001464844,,5.968360424041748,0.21240104734897614,5.6125078201293945,5.97226619720459,6.3507914543151855
9641,765.4796939000007,62.65625,-7.5625,-74.625,-62.65625,,248.60289001464844,,,,,,
9642,765.5571772000003,-22.453125,-8.0625,6.78515625,22.453125,,248.60289001464844,,,,,,
9643,765.6364300000005,-48.21875,-0.75,74.1875,48.21875,,248.60289001464844,,,,,,
9644,765.7154894000005,-78.5,-12.875,101.25,78.5,,248.60289001464844,,,,,,
9645,765.7931893000004,-146.25,-17.375,138.5,146.25,,248.60289001464844,,,,,,
9646,765.8717317999999,-81.75,0.0,139.75,81.75,,248.60289001464844,,,,,,
9647,765.9498421000008,99.125,-32.0,-46.0,-99.125,,248.60289001464844,,,,,,
9648,766.0283073999999,34.3125,-27.40625,-35.4375,-34.3125,,248.60289001464844,,,,,,
9649,766.1028226000008,-81.0,-15.3125,102.4375,81.0,,248.60289001464844,,,,,,
9650,766.1797935000004,-134.0,-36.625,162.5,134.0,,248.60289001464844,,,,,,
9651,766.2564983000002,-144.625,6.375,130.875,144.625,,248.60289001464844,,,,,,
9652,766.3347440000007,37.71875,-32.1875,31.25,-37.71875,,248.60289001464844,,,,,,
9653,766.4124007999999,72.8125,-9.09375,-43.53125,-72.8125,,248.60289001464844,,,,,,
9654,766.4913403,-28.84375,-11.65625,62.125,28.84375,,248.60289001464844,,,,,,
9655,766.5686384999999,41.3125,-16.3125,-34.375,-41.3125,,248.60289001464844,,,,,,
9656,766.6445682000003,4.14453125,-16.15625,28.484375,-4.14453125,,248.60289001464844,,,,,,
9657,766.7243257999999,0.308837890625,-15.734375,31.34375,-0.308837890625,,248.60289001464844,,,,,,
9658,766.8001734,-28.859375,-14.515625,45.53125,28.859375,,248.60289001464844,,,,,,
9659,766.8788756000004,-122.875,-19.25,121.625,122.875,,248.60289001464844,,,,,,
9660,766.9627215999999,-121.4375,-14.4375,136.625,121.4375,,248.60289001464844,,5.818218231201172,0.16157719492912292,5.597264766693115,5.80782413482666,6.070302486419678
9661,767.0414616000007,-136.125,-13.625,120.125,136.125,,248.60289001464844,,,,,,
9662,767.1187307,36.46875,-31.4375,41.125,-36.46875,,248.60289001464844,,,,,,
9663,767.1973298000003,64.1875,-13.8828125,-15.8203125,-64.1875,,248.60289001464844,,,,,,
9664,767.2758567999999,8.7109375,-32.25,12.171875,-8.7109375,,248.60289001464844,,,,,,
9665,767.3553424000002,-130.375,-23.5,126.125,130.375,,248.60289001464844,,,,,,
9666,767.4341143000001,-115.8125,-12.375,140.875,115.8125,,248.60289001464844,,,,,,
9667,767.5121303000005,12.6015625,-20.65625,18.796875,-12.6015625,,248.60289001464844,,,,,,
9668,767.5894088000005,12.0546875,-45.5,37.75,-12.0546875,,248.60289001464844,,,,,,
9669,767.6656455000002,-31.0,-10.875,43.71875,31.0,,248.60289001464844,,,,,,
9670,767.7437442999999,-78.625,2.0625,78.8125,78.625,,248.60289001464844,,,,,,
9671,767.8256772000004,-94.875,-9.3125,126.8125,94.875,,248.60289001464844,,,,,,
9672,767.9004227000005,-79.375,-30.3125,114.125,79.375,,248.60289001464844,,,,,,
9673,767.9776744000001,-85.3125,-0.5,86.875,85.3125,,248.60289001464844,,,,,,
9674,768.0552551000001,5.37109375,-21.078125,33.1875,-5.37109375,,248.60289001464844,,,,,,
9675,768.1313813000006,44.78125,11.15625,-70.375,-44.78125,,248.60289001464844,,,,,,
9676,768.2078135000002,30.203125,-42.3125,14.9375,-30.203125,,248.60289001464844,,,,,,
9677,768.2843554000001,-53.15625,9.6875,44.875,53.15625,,248.60289001464844,,,,,,
9678,768.3619778000002,-23.84375,-10.28125,52.90625,23.84375,,248.60289001464844,,,,,,
9679,768.4386127000007,-37.75,-16.34375,42.84375,37.75,,248.60289001464844,,,,,,
9680,768.5221054000003,13.453125,-13.0546875,0.6181640625,-13.453125,,248.60289001464844,,6.966243743896484,0.2940394878387451,6.534535884857178,6.940353870391846,7.407188415527344
9681,768.6068656000007,70.125,-24.53125,-38.03125,-70.125,,248.60289001464844,,,,,,
9682,768.6977652000005,-73.5625,-0.0625,53.25,73.5625,,248.60289001464844,,,,,,
9683,768.7797034000005,-143.25,0.375,154.5,143.25,,248.60289001464844,,,,,,
9684,768.8691101000004,-81.0,-12.5,95.125,81.0,,248.60289001464844,,,,,,
9685,768.9532485,-92.75,-15.0625,136.5,92.75,,248.60289001464844,,,,,,
9686,769.0406573,-105.3125,-8.25,136.75,105.3125,,248.60289001464844,,,,,,
9687,769.1314110000003,-21.703125,-17.40625,60.28125,21.703125,,248.60289001464844,,,,,,
9688,769.2175520000001,-31.453125,-17.0,51.75,31.453125,,248.60289001464844,,,,,,
9689,769.3030023000001,-8.1796875,-19.734375,22.421875,8.1796875,,248.60289001464844,,,,,,
9690,769.3890139000005,-22.671875,-15.1875,10.4375,22.671875,,248.60289001464844,,,,,,
9691,769.4686396000006,27.984375,-3.203125,30.375,-27.984375,,248.60289001464844,,,,,,
9692,769.5471017,-5.07421875,-12.6953125,-10.2578125,5.07421875,,248.60289001464844,,,,,,
9693,769.6258217000004,21.09375,-33.71875,9.3046875,-21.09375,,248.60289001464844,,,,,,
9694,769.7031676000006,-34.3125,-37.40625,100.3125,34.3125,,248.60289001464844,,,,,,
9695,769.7833516999999,-106.6875,-9.875,101.625,106.6875,,248.60289001464844,,,,,,
9696,769.8621297,-124.5,-21.9375,120.5625,124.5,,248.60289001464844,,,,,,
9697,769.9428680999999,-101.75,-38.1875,145.75,101.75,,248.60289001464844,,,,,,
9698,770.0207717000003,-81.1875,-25.125,108.5,81.1875,,248.60289001464844,,,,,,
9699,770.0977499999999,-19.40625,-8.03125,53.46875,19.40625,,248.60289001464844,,,,,,
9700,770.1849943000007,-39.0,0.75,47.03125,39.0,,248.60289001464844,,6.739123344421387,0.2852920591831207,6.38012170791626,6.691693305969238,7.306408405303955
9701,770.2635981000003,44.6875,-7.90625,-34.6875,-44.6875,,248.60289001464844,,,,,,
9702,770.3416720000005,90.5,-14.4375,-65.9375,-90.5,,248.60289001464844,,,,,,
9703,770.4194756000006,32.34375,-11.8125,-38.0,-32.34375,,248.60289001464844,,,,,,
9704,770.4985335000001,25.1875,-37.6875,-13.921875,-25.1875,,248.60289001464844,,,,,,
9705,770.5779397000006,-83.9375,4.359375,28.515625,83.9375,,248.60289001464844,,,,,,
9706,770.6566075999999,-169.375,-3.25,167.375,169.375,,248.60289001464844,,,,,,
9707,770.7365388000007,-91.6875,-19.75,112.0,91.6875,,248.60289001464844,,,,,,
9708,770.8151574000003,57.75,-3.640625,-31.234375,-57.75,,248.60289001464844,,,,,,
9709,770.8966342000003,66.75,-1.9375,-94.4375,-66.75,,248.60289001464844,,,,,,
9710,770.9775487000006,41.03125,-0.6875,-70.25,-41.03125,,248.60289001464844,,,,,,
9711,771.0639395000007,52.8125,-20.484375,-27.140625,-52.8125,,248.60289001464844,,,,,,
9712,771.1472923000001,9.0078125,-10.796875,4.0,-9.0078125,,248.60289001464844,,,,,,
9713,771.2329833000003,-52.21875,-25.40625,61.78125,52.21875,,248.60289001464844,,,,,,
9714,771.3152397000003,-72.4375,-6.84375,66.3125,72.4375,,248.60289001464844,,,,,,
9715,771.3949066000005,-25.078125,0.4375,76.125,25.078125,,248.60289001464844,,,,,,
9716,771.4721783000005,18.65625,-5.640625,18.8125,-18.65625,,248.60289001464844,,,,,,
9717,771.5499408000005,-62.875,0.125,71.5,62.875,,248.60289001464844,,,,,,
9718,771.6293145,23.90625,-16.03125,17.09375,-23.90625,,248.60289001464844,,,,,,
9719,771.7100526000004,-4.37109375,-7.578125,17.375,4.37109375,,248.60289001464844,,,,,,
9720,771.7948265000005,-30.578125,-13.5625,40.84375,30.578125,,248.60289001464844,,6.513533115386963,0.17918181419372559,6.298267364501953,6.494694709777832,6.76578950881958
9721,771.8745089000004,-17.65625,-2.958984375,2.9375,17.65625,,248.60289001464844,,,,,,
9722,771.9530432000001,-66.6875,-2.0,52.65625,66.6875,,248.60289001464844,,,,,,
9723,772.0318674999999,-56.1875,-17.75,73.0625,56.1875,,248.60289001464844,,,,,,
9724,772.1112174,-94.125,-15.96875,67.0,94.125,,248.60289001464844,,,,,,
9725,772.1894588000005,-3.646484375,-15.515625,41.6875,3.646484375,,248.60289001464844,,,,,,
9726,772.2672354000006,-2.126953125,-13.671875,33.28125,2.126953125,,248.60289001464844,,,,,,
9727,772.3483371000002,-38.9375,-10.203125,32.4375,38.9375,,248.60289001464844,,,,,,
9728,772.4276452000004,-65.125,-6.0,78.25,65.125,,248.60289001464844,,,,,,
9729,772.5058208,-52.65625,-9.25,75.6875,52.65625,,248.60289001464844,,,,,,
9730,772.5827478000001,26.640625,-15.609375,-2.951171875,-26.640625,,248.60289001464844,,,,,,
9731,772.6609404999999,46.25,-16.140625,-10.96875,-46.25,,248.60289001464844,,,,,,
9732,772.7415190000002,66.0625,-9.09375,-57.78125,-66.0625,,248.60289001464844,,,,,,
9733,772.8208330000007,20.96875,-8.96875,37.40625,-20.96875,,248.60289001464844,,,,,,
9734,772.8962944000004,-66.5625,-18.3125,109.25,66.5625,,248.60289001464844,,,,,,
9735,772.9733188999999,-105.625,-22.5,102.625,105.625,,248.60289001464844,,,,,,
9736,773.0507146,-100.375,12.8125,97.5625,100.375,,248.60289001464844,,,,,,
9737,773.1271622000004,3.490234375,2.84375,57.03125,-3.490234375,,248.60289001464844,,,,,,
9738,773.2039383000001,47.625,-16.453125,-23.296875,-47.625,,248.60289001464844,,,,,,
9739,773.2791620000007,62.125,-14.15625,-54.84375,-62.125,,248.60289001464844,,,,,,
9740,773.3621050000002,-22.28125,-14.4609375,25.515625,22.28125,,248.60289001464844,,6.571448802947998,0.27258169651031494,6.238871097564697,6.541072845458984,7.080511093139648
9741,773.4403485000003,-13.9296875,-7.359375,-24.953125,13.9296875,,248.60289001464844,,,,,,
9742,773.5155368000005,-88.6875,-16.1875,102.4375,88.6875,,248.60289001464844,,,,,,
9743,773.5917759000004,6.9921875,-13.84375,12.3984375,-6.9921875,,248.60289001464844,,,,,,
9744,773.6693343000006,27.125,-14.6796875,-14.9453125,-27.125,,248.60289001464844,,,,,,
9745,773.7493033999999,45.125,-5.65625,-53.84375,-45.125,,248.60289001464844,,,,,,
9746,773.8272329000001,-2.0625,-10.34375,-11.3125,2.0625,,248.60289001464844,,,,,,
9747,773.9040604000002,36.3125,-16.25,-22.65625,-36.3125,,248.60289001464844,,,,,,
9748,773.9802196,-12.703125,-8.0,49.875,12.703125,,248.60289001464844,,,,,,
9749,774.0586864000006,-102.375,-15.46875,68.375,102.375,,248.60289001464844,,,,,,
9750,774.1369910000003,-66.5,-10.375,64.3125,66.5,,248.60289001464844,,,,,,
9751,774.2132898,-3.291015625,-6.75,72.5,3.291015625,,248.60289001464844,,,,,,
9752,774.2909241000007,-88.5,-24.875,115.125,88.5,,248.60289001464844,,,,,,
9753,774.3690351000005,-122.5,-16.4375,127.375,122.5,,248.60289001464844,,,,,,
9754,774.4454433999999,22.546875,-5.95703125,10.578125,-22.546875,,248.60289001464844,,,,,,
9755,774.5225725,67.4375,-22.9375,-54.5625,-67.4375,,248.60289001464844,,,,,,
9756,774.5989804000001,79.5625,-4.5625,-43.71875,-79.5625,,248.60289001464844,,,,,,
9757,774.6794778000003,-37.5625,-4.9453125,19.5,37.5625,,248.60289001464844,,,,,,
9758,774.7582030000003,-104.75,-13.375,97.4375,104.75,,248.60289001464844,,,,,,
9759,774.8369390000007,-49.65625,-13.625,53.375,49.65625,,248.60289001464844,,,,,,
9760,774.9222011000002,0.77392578125,-13.234375,39.09375,-0.77392578125,,248.60289001464844,,5.661243438720703,0.23521098494529724,5.3115315437316895,5.641689777374268,6.069951057434082
9761,774.9983335000006,64.75,-24.1875,-16.03125,-64.75,,248.60289001464844,,,,,,
9762,775.0765473000001,4.60546875,-20.1875,33.1875,-4.60546875,,248.60289001464844,,,,,,
9763,775.1562367000006,-38.75,-18.578125,31.484375,38.75,,248.60289001464844,,,,,,
9764,775.2343995000001,-59.03125,-13.3125,74.0,59.03125,,248.60289001464844,,,,,,
9765,775.3126250000005,-26.234375,-5.9921875,6.9375,26.234375,,248.60289001464844,,,,,,
9766,775.3899654000006,18.375,-17.4375,7.4921875,-18.375,,248.60289001464844,,,,,,
9767,775.4680122,-43.9375,-20.5,53.53125,43.9375,,248.60289001464844,,,,,,
9768,775.5458525000004,52.5,-18.953125,-23.734375,-52.5,,248.60289001464844,,,,,,
9769,775.6228224000006,-23.46875,-14.75,-11.40625,23.46875,,248.60289001464844,,,,,,
9770,775.7007386000005,-34.4375,-7.109375,32.0625,34.4375,,248.60289001464844,,,,,,
9771,775.7783649000003,-85.3125,-36.8125,135.125,85.3125,,248.60289001464844,,,,,,
9772,775.8555750000005,-105.875,-26.75,158.0,105.875,,248.60289001464844,,,,,,
9773,775.9339418,-95.0,26.9375,90.6875,95.0,,248.60289001464844,,,,,,
9774,776.0110877000006,60.09375,-39.5625,26.546875,-60.09375,,248.60289001464844,,,,,,
9775,776.0887347000007,-28.75,-22.765625,-3.083984375,28.75,,248.60289001464844,,,,,,
9776,776.1650149000006,-21.125,6.59375,38.9375,21.125,,248.60289001464844,,,,,,
9777,776.2443825,28.453125,-24.59375,10.6953125,-28.453125,,248.60289001464844,,,,,,
9778,776.3217826,54.59375,2.3125,-42.25,-54.59375,,248.60289001464844,,,,,,
9779,776.3990744000002,-11.3515625,-10.40625,25.59375,11.3515625,,248.60289001464844,,,,,,
9780,776.4851478,-4.37890625,-17.875,73.75,4.37890625,,248.60289001464844,,7.4634833335876465,0.30338650941848755,6.862264633178711,7.496737480163574,7.777003765106201
9781,776.5610829000007,84.1875,-16.5,-84.625,-84.1875,,248.60289001464844,,,,,,
9782,776.6380062000007,115.0,-40.6875,-21.203125,-115.0,,248.60289001464844,,,,,,
9783,776.7139978000005,31.484375,-6.3125,-39.65625,-31.484375,,248.60289001464844,,,,,,
9784,776.7924713000002,-9.765625,-7.4140625,2.755859375,9.765625,,248.60289001464844,,,,,,
9785,776.8699954000003,-58.90625,-26.65625,66.625,58.90625,,248.60289001464844,,,,,,
9786,776.9471275000005,-85.875,-25.125,112.0,85.875,,248.60289001464844,,,,,,
9787,777.0255824000005,-93.75,-6.125,101.1875,93.75,,248.60289001464844,,,,,,
9788,777.1037616000003,-55.34375,-12.46875,66.625,55.34375,,248.60289001464844,,,,,,
9789,777.1813666000007,-76.1875,-10.1875,106.375,76.1875,,248.60289001464844,,,,,,
9790,777.2575972000004,-36.21875,-25.46875,77.75,36.21875,,248.60289001464844,,,,,,
9791,777.3343764000001,-38.53125,-17.15625,57.125,38.53125,,248.60289001464844,,,,,,
9792,777.4125560000002,0.101806640625,-13.484375,37.15625,-0.101806640625,,248.60289001464844,,,,,,
9793,777.4914421000003,15.203125,-15.21875,-17.5,-15.203125,,248.60289001464844,,,,,,
9794,777.5682559000006,66.3125,-14.296875,-31.921875,-66.3125,,248.60289001464844,,,,,,
9795,777.6459955999999,34.09375,-8.71875,-30.53125,-34.09375,,248.60289001464844,,,,,,
9796,777.7229577000007,97.0625,-14.75,-84.25,-97.0625,,248.60289001464844,,,,,,
9797,777.7998848000007,76.6875,0.9375,-111.6875,-76.6875,,248.60289001464844,,,,,,
9798,777.8778834000004,49.125,-3.0625,-92.375,-49.125,,248.60289001464844,,,,,,
9799,777.9563754999999,-67.5,-10.5,75.0625,67.5,,248.60289001464844,,,,,,
9800,778.0411072000006,-98.25,-47.625,112.5,98.25,,248.60289001464844,,7.860321044921875,0.7451340556144714,6.479393005371094,7.856908798217773,8.756263732910156
9801,778.1206496000004,-105.0,-1.0625,127.375,105.0,,248.60289001464844,,,,,,
9802,778.1976822000006,-1.3662109375,-14.015625,-4.21484375,1.3662109375,,248.60289001464844,,,,,,
9803,778.2750501999999,8.8125,-22.75,-6.26171875,-8.8125,,248.60289001464844,,,,,,
9804,778.3523402000001,-118.5,-2.9375,78.625,118.5,,248.60289001464844,,,,,,
9805,778.4314475000001,-141.125,-13.625,154.5,141.125,,248.60289001464844,,,,,,
9806,778.5077563000004,-120.5625,-19.5,154.375,120.5625,,248.60289001464844,,,,,,
9807,778.5841426000006,-136.75,-6.875,174.875,136.75,,248.60289001464844,,,,,,
9808,778.6627484999999,42.625,-12.296875,27.640625,-42.625,,248.60289001464844,,,,,,
9809,778.7403666,67.75,-5.625,-34.625,-67.75,,248.60289001464844,,,,,,
9810,778.8177531000001,119.8125,-30.875,-80.875,-119.8125,,248.60289001464844,,,,,,
9811,778.8940393000003,61.78125,-23.125,-66.25,-61.78125,,248.60289001464844,,,,,,
9812,778.9705699000006,32.53125,-9.4921875,-12.6484375,-32.53125,,248.60289001464844,,,,,,
9813,779.0479816000006,-58.40625,-18.0,53.28125,58.40625,,248.60289001464844,,,,,,
9814,779.1251973000008,-135.625,-14.1875,129.625,135.625,,248.60289001464844,,,,,,
9815,779.2046966000007,-122.3125,-15.5625,133.125,122.3125,,248.60289001464844,,,,,,
9816,779.2836008000004,-20.875,-12.34375,24.46875,20.875,,248.60289001464844,,,,,,
9817,779.3599342000007,66.125,-7.0625,-38.78125,-66.125,,248.60289001464844,,,,,,
9818,779.4362768999999,-2.318359375,-14.5625,37.8125,2.318359375,,248.60289001464844,,,,,,
9819,779.5129824000005,8.9375,-15.265625,43.46875,-8.9375,,248.60289001464844,,,,,,
9820,779.5959546000004,34.25,-15.859375,-27.109375,-34.25,,248.60289001464844,,6.396137237548828,0.1901211142539978,6.044393539428711,6.404149055480957,6.6807756423950195
9821,779.6738519999999,-40.8125,-11.2421875,20.5625,40.8125,,248.60289001464844,,,,,,
9822,779.7500522999999,-119.875,-19.75,138.0,119.875,,248.60289001464844,,,,,,
9823,779.8259361999999,-132.25,-72.875,207.875,132.25,,248.60289001464844,,,,,,
9824,779.9017710000007,-173.375,-6.25,165.25,173.375,,248.60289001464844,,,,,,
9825,779.9804063000001,-35.1875,-20.4375,113.0625,35.1875,,248.60289001464844,,,,,,
9826,780.0555402,37.40625,-34.90625,0.46923828125,-37.40625,,248.60289001464844,,,,,,
9827,780.1324266000001,39.625,-4.90625,-34.625,-39.625,,248.60289001464844,,,,,,
9828,780.2091101000005,66.9375,-17.546875,-31.953125,-66.9375,,248.60289001464844,,,,,,
9829,780.2878368000002,95.75,-18.75,-65.375,-95.75,,248.60289001464844,,,,,,
9830,780.3650578000006,-66.5,-33.71875,73.3125,66.5,,248.60289001464844,,,,,,
9831,780.441941,-109.625,-35.25,151.25,109.625,,248.60289001464844,,,,,,
9832,780.5193908000001,-112.5,-4.1875,111.375,112.5,,248.60289001464844,,,,,,
9833,780.5980494000005,-128.625,-17.1875,106.1875,128.625,,248.60289001464844,,,,,,
9834,780.6738052000001,-50.84375,-16.671875,40.6875,50.84375,,248.60289001464844,,,,,,
9835,780.7503223000003,7.765625,-62.875,70.6875,-7.765625,,248.60289001464844,,,,,,
9836,780.8255529000007,-21.625,-1.2109375,14.4140625,21.625,,248.60289001464844,,,,,,
9837,780.9041520000001,12.28125,-20.6875,-1.16015625,-12.28125,,248.60289001464844,,,,,,
9838,780.9798148,58.1875,-13.265625,-31.140625,-58.1875,,248.60289001464844,,,,,,
9839,781.0578965000004,-19.5,-24.34375,50.53125,19.5,,248.60289001464844,,,,,,
9840,781.1392550999999,-72.125,-14.0,77.25,72.125,,248.60289001464844,,7.946126461029053,0.35621699690818787,7.319272994995117,8.065394401550293,8.349550247192383
9841,781.2180476000003,-47.40625,-0.5625,31.15625,47.40625,,248.60289001464844,,,,,,
9842,781.2946582000004,25.671875,-9.4375,-8.296875,-25.671875,,248.60289001464844,,,,,,
9843,781.3736279000004,44.34375,-12.90625,-39.625,-44.34375,,248.60289001464844,,,,,,
9844,781.4519991000006,13.3203125,-32.5625,-10.90625,-13.3203125,,248.60289001464844,,,,,,
9845,781.5308681000006,-45.34375,-16.15625,41.3125,45.34375,,248.60289001464844,,,,,,
9846,781.6075661000004,-44.40625,-25.1875,110.25,44.40625,,248.60289001464844,,,,,,
9847,781.6833549000003,-97.25,-13.5625,114.625,97.25,,248.60289001464844,,,,,,
9848,781.7619140000006,-87.3125,-3.5625,76.75,87.3125,,248.60289001464844,,,,,,
9849,781.8392742000005,-168.625,-13.625,168.875,168.625,,248.60289001464844,,,,,,
9850,781.9156664000002,-116.0625,-5.0,114.1875,116.0625,,248.60289001464844,,,,,,
9851,781.9912428000007,-97.375,3.9375,82.6875,97.375,,248.60289001464844,,,,,,
9852,782.0686746000001,11.2578125,-12.34375,33.0625,-11.2578125,,248.60289001464844,,,,,,
9853,782.1480262000005,128.0,-57.75,-75.0,-128.0,,248.60289001464844,,,,,,
9854,782.226044,56.40625,-16.34375,-59.53125,-56.40625,,248.60289001464844,,,,,,
9855,782.3043744000006,-3.291015625,-27.1875,38.96875,3.291015625,,248.60289001464844,,,,,,
9856,782.3836496000004,-28.875,-17.03125,53.90625,28.875,,248.60289001464844,,,,,,
9857,782.4618168000006,-132.875,-31.75,197.625,132.875,,248.60289001464844,,,,,,
9858,782.5412473000006,-125.1875,-23.8125,131.875,125.1875,,248.60289001464844,,,,,,
9859,782.6192971999999,-80.375,-17.4375,110.8125,80.375,,248.60289001464844,,,,,,
9860,782.7034706000004,-43.375,-18.984375,38.34375,43.375,,248.60289001464844,,6.917423248291016,0.16870063543319702,6.69257926940918,6.8968186378479,7.162137031555176
9861,782.7816584000002,99.6875,-17.375,-70.0625,-99.6875,,248.60289001464844,,,,,,
9862,782.8601550000003,75.375,-12.1875,-94.125,-75.375,,248.60289001464844,,,,,,
9863,782.9391994000007,168.125,9.8125,-74.375,-168.125,,248.60289001464844,,,,,,
9864,783.0189458000004,92.5625,-6.1875,-106.625,-92.5625,,248.60289001464844,,,,,,
9865,783.0962193000005,3.24609375,-15.0234375,2.3828125,-3.24609375,,248.60289001464844,,,,,,
9866,783.1729336000008,-21.90625,-38.28125,99.1875,21.90625,,248.60289001464844,,,,,,
9867,783.2507025000004,-104.5,-15.625,119.25,104.5,,248.60289001464844,,,,,,
9868,783.3285602000005,-128.125,-26.5,163.75,128.125,,248.60289001464844,,,,,,
9869,783.4059425000005,-85.375,0.5,113.0625,85.375,,248.60289001464844,,,,,,
9870,783.483365,6.53515625,-11.015625,42.25,-6.53515625,,248.60289001464844,,,,,,
9871,783.5605765,-21.828125,-19.96875,10.0546875,21.828125,,248.60289001464844,,,,,,
9872,783.6388316000002,-48.5,-5.25,61.78125,48.5,,248.60289001464844,,,,,,
9873,783.7159222,8.234375,-6.484375,9.671875,-8.234375,,248.60289001464844,,,,,,
9874,783.7936128000001,55.09375,-22.3125,-30.90625,-55.09375,,248.60289001464844,,,,,,
9875,783.8714152000002,-55.1875,-23.8125,81.125,55.1875,,248.60289001464844,,,,,,
9876,783.9503164000007,-54.9375,-11.0,46.96875,54.9375,,248.60289001464844,,,,,,
9877,784.0282238,-4.26171875,-34.1875,95.0,4.26171875,,248.60289001464844,,,,,,
9878,784.1046443000005,-110.4375,-17.375,119.0625,110.4375,,248.60289001464844,,,,,,
9879,784.1829786000008,-77.3125,-21.6875,92.125,77.3125,,248.60289001464844,,,,,,
9880,784.2666737,-77.8125,-16.625,131.125,77.8125,,248.60289001464844,,8.088264465332031,0.4755522906780243,7.13192892074585,8.207090377807617,8.521719932556152
9881,784.344043,77.75,-13.21875,-35.8125,-77.75,,248.60289001464844,,,,,,
9882,784.4206380000005,115.75,-15.6875,-103.4375,-115.75,,248.60289001464844,,,,,,
9883,784.4971628000003,129.75,-20.1875,-108.1875,-129.75,,248.60289001464844,,,,,,
9884,784.5744932000007,36.0,-9.59375,-45.5,-36.0,,248.60289001464844,,,,,,
9885,784.6532229000004,-9.5234375,-22.65625,16.609375,9.5234375,,248.60289001464844,,,,,,
9886,784.7303855,-81.6875,-13.1875,93.0625,81.6875,,248.60289001464844,,,,,,
9887,784.8327256000002,-198.375,-28.875,228.0,198.375,,248.60289001464844,,,,,,
9888,784.9184837000003,-170.625,-33.5,184.25,170.625,,248.60289001464844,,,,,,
9889,784.9981565000007,-86.4375,-13.1875,113.75,86.4375,,248.60289001464844,,,,,,
9890,785.0752403000006,-42.75,-10.15625,53.8125,42.75,,248.60289001464844,,,,,,
9891,785.1523340000003,-39.1875,-6.4375,57.84375,39.1875,,248.60289001464844,,,,,,
9892,785.2325365000006,100.9375,-15.34375,-55.34375,-100.9375,,248.60289001464844,,,,,,
9893,785.3106317000002,110.0625,-6.25,-70.875,-110.0625,,248.60289001464844,,,,,,
9894,785.3879368000007,98.375,-25.25,-97.5625,-98.375,,248.60289001464844,,,,,,
9895,785.4652446,95.6875,-4.0,-103.375,-95.6875,,248.60289001464844,,,,,,
9896,785.5433626000004,35.34375,-10.0,-43.40625,-35.34375,,248.60289001464844,,,,,,
9897,785.6249087000006,-18.640625,-6.484375,37.59375,18.640625,,248.60289001464844,,,,,,
9898,785.7038197000002,-79.25,-14.9375,97.875,79.25,,248.60289001464844,,,,,,
9899,785.7842436000001,-154.75,-2.0,188.0,154.75,,248.60289001464844,,,,,,
9900,785.8689416000007,-35.96875,-13.375,82.25,35.96875,,248.60289001464844,,6.346850872039795,0.1990199238061905,6.056425094604492,6.334164142608643,6.6689348220825195
9901,785.9474146000002,-37.90625,-9.8125,51.5625,37.90625,,248.60289001464844,,,,,,
9902,786.0263273,-74.3125,-10.46875,47.625,74.3125,,248.60289001464844,,,,,,
9903,786.1022955000008,39.84375,2.078125,27.078125,-39.84375,,248.60289001464844,,,,,,
9904,786.1794387,53.1875,-21.328125,-27.796875,-53.1875,,248.60289001464844,,,,,,
9905,786.2609485000003,10.859375,-17.40625,-42.0625,-10.859375,,248.60289001464844,,,,,,
9906,786.3384192000003,-129.375,-64.3125,177.25,129.375,,248.60289001464844,,,,,,
9907,786.4180076000002,-177.875,-5.625,170.25,177.875,,248.60289001464844,,,,,,
9908,786.4961825,-163.125,9.375,164.75,163.125,,248.60289001464844,,,,,,
9909,786.5762853000006,-150.375,-6.125,161.25,150.375,,248.60289001464844,,,,,,
9910,786.6569118000007,20.0625,-32.34375,81.75,-20.0625,,248.60289001464844,,,,,,
9911,786.7364408000003,57.21875,-63.90625,15.2578125,-57.21875,,248.60289001464844,,,,,,
9912,786.8163387000004,4.109375,0.3125,-34.46875,-4.109375,,248.60289001464844,,,,,,
9913,786.8974711999999,28.671875,-5.1171875,-15.9609375,-28.671875,,248.60289001464844,,,,,,
9914,786.9794737000002,72.9375,-13.03125,-55.15625,-72.9375,,248.60289001464844,,,,,,
9915,787.0579868000004,28.890625,-14.140625,-25.671875,-28.890625,,248.60289001464844,,,,,,
9916,787.1379144000002,-18.203125,-29.140625,48.6875,18.203125,,248.60289001464844,,,,,,
9917,787.2162788000005,-29.71875,-29.84375,54.84375,29.71875,,248.60289001464844,,,,,,
9918,787.2950514000004,-44.46875,-1.84375,26.40625,44.46875,,248.60289001464844,,,,,,
9919,787.3726039000003,-36.5625,-15.5,33.875,36.5625,,248.60289001464844,,,,,,
9920,787.4571431000004,-32.84375,-19.75,67.3125,32.84375,,248.60289001464844,,6.7785725593566895,0.23504535853862762,6.452151298522949,6.766364097595215,7.143467426300049
9921,787.5344558000006,-43.53125,-8.1875,67.4375,43.53125,,248.60289001464844,,,,,,
9922,787.6121837999999,8.0390625,-22.28125,54.78125,-8.0390625,,248.60289001464844,,,,,,
9923,787.6899201000006,4.23828125,22.515625,-49.96875,-4.23828125,,248.60289001464844,,,,,,
9924,787.7690587000006,12.609375,-22.484375,45.3125,-12.609375,,248.60289001464844,,,,,,
9925,787.8459507000007,-59.25,-16.5625,58.21875,59.25,,248.60289001464844,,,,,,
9926,787.9220539000007,-65.3125,-41.125,73.875,65.3125,,248.60289001464844,,,,,,
9927,788.0024092000003,-82.1875,31.4375,69.5625,82.1875,,248.60289001464844,,,,,,
9928,788.0784167000002,-6.765625,-22.671875,20.546875,6.765625,,248.60289001464844,,,,,,
9929,788.1578814000004,-13.328125,-4.78125,43.28125,13.328125,,248.60289001464844,,,,,,
9930,788.2337231000001,-95.125,-14.25,114.75,95.125,,248.60289001464844,,,,,,
9931,788.3110434999999,5.25390625,-13.03125,29.28125,-5.25390625,,248.60289001464844,,,,,,
9932,788.3883965000005,-8.7421875,2.1484375,5.1875,8.7421875,,248.60289001464844,,,,,,
9933,788.4656984000003,2.51953125,-12.90625,35.1875,-2.51953125,,248.60289001464844,,,,,,
9934,788.5452343000006,54.40625,-13.875,-38.8125,-54.40625,,248.60289001464844,,,,,,
9935,788.6242147000003,51.75,-19.0625,-36.21875,-51.75,,248.60289001464844,,,,,,
9936,788.7022603000005,10.8359375,-15.6171875,14.9140625,-10.8359375,,248.60289001464844,,,,,,
9937,788.7798235,-75.6875,-29.0625,111.3125,75.6875,,248.60289001464844,,,,,,
9938,788.8567793000002,-127.875,-15.125,149.5,127.875,,248.60289001464844,,,,,,
9939,788.9340405000003,-155.5,-15.5,173.625,155.5,,248.60289001464844,,,,,,
9940,789.0190441000004,-107.1875,-13.3125,118.3125,107.1875,,248.60289001464844,,6.2713727951049805,0.2229163944721222,5.971281051635742,6.242875099182129,6.646012306213379
9941,789.0963711000004,-57.78125,-13.6875,113.0625,57.78125,,248.60289001464844,,,,,,
9942,789.1738947000003,35.28125,-16.8125,-5.2890625,-35.28125,,248.60289001464844,,,,,,
9943,789.2524609000002,3.287109375,2.7890625,6.953125,-3.287109375,,248.60289001464844,,,,,,
9944,789.3302953000002,18.9375,-18.890625,-12.6875,-18.9375,,248.60289001464844,,,,,,
9945,789.4098280000007,71.625,-15.59375,-39.6875,-71.625,,248.60289001464844,,,,,,
9946,789.4871004000006,40.8125,-17.59375,-39.875,-40.8125,,248.60289001464844,,,,,,
9947,789.5657576000003,58.09375,-17.5625,-38.84375,-58.09375,,248.60289001464844,,,,,,
9948,789.6438326000007,-40.6875,-19.125,44.0,40.6875,,248.60289001464844,,,,,,
9949,789.7204457000007,-95.75,-32.875,130.25,95.75,,248.60289001464844,,,,,,
9950,789.7973437999999,-113.5625,-13.25,108.0625,113.5625,,248.60289001464844,,,,,,
9951,789.8740914,-58.375,-12.46875,61.65625,58.375,,248.60289001464844,,,,,,
9952,789.9527597000006,-65.375,-30.875,96.375,65.375,,248.60289001464844,,,,,,
9953,790.0292939000001,0.85498046875,-35.625,30.71875,-0.85498046875,,248.60289001464844,,,,,,
9954,790.1072017000006,27.296875,-41.8125,28.453125,-27.296875,,248.60289001464844,,,,,,
9955,790.1858424000002,-38.9375,-14.9375,89.9375,38.9375,,248.60289001464844,,,,,,
9956,790.2628315000002,-117.5625,-20.625,109.9375,117.5625,,248.60289001464844,,,,,,
9957,790.3396671,-45.65625,-23.0625,88.5625,45.65625,,248.60289001464844,,,,,,
9958,790.4209897999999,-84.75,-31.5625,94.875,84.75,,248.60289001464844,,,,,,
9959,790.4980857999999,41.40625,-10.2578125,-11.7578125,-41.40625,,248.60289001464844,,,,,,
9960,790.5838121000006,56.65625,-9.875,-69.0,-56.65625,,248.60289001464844,,6.484395503997803,0.1885480433702469,6.167818069458008,6.486308574676514,6.763720512390137
9961,790.6592776000007,98.6875,2.875,-97.6875,-98.6875,,248.60289001464844,,,,,,
9962,790.7345222000004,44.21875,-19.5625,-4.7890625,-44.21875,,248.60289001464844,,,,,,
9963,790.8113492000002,7.1328125,-12.21875,-18.15625,-7.1328125,,248.60289001464844,,,,,,
9964,790.8885592000006,-41.53125,-21.0625,47.1875,41.53125,,248.60289001464844,,,,,,
9965,790.9655485000003,-104.0625,-16.8125,100.6875,104.0625,,248.60289001464844,,,,,,
9966,791.043748,-106.8125,-13.8125,114.375,106.8125,,248.60289001464844,,,,,,
9967,791.1229840000005,-124.375,37.5,92.25,124.375,,248.60289001464844,,,,,,
9968,791.2001168000006,39.78125,-14.9140625,-10.4609375,-39.78125,,248.60289001464844,,,,,,
9969,791.2779823000001,27.90625,-10.34375,-16.09375,-27.90625,,248.60289001464844,,,,,,
9970,791.3554098000004,-75.125,0.0625,53.34375,75.125,,248.60289001464844,,,,,,
9971,791.4322031000002,-24.765625,-26.0625,77.5625,24.765625,,248.60289001464844,,,,,,
9972,791.5089182000002,-66.3125,-19.0,89.4375,66.3125,,248.60289001464844,,,,,,
9973,791.5860385000005,-62.5625,-7.125,48.71875,62.5625,,248.60289001464844,,,,,,
9974,791.6624474,-14.2109375,-16.0625,28.890625,14.2109375,,248.60289001464844,,,,,,
9975,791.7397406,-45.375,-27.34375,38.90625,45.375,,248.60289001464844,,,,,,
9976,791.8159089999999,-84.3125,-17.3125,92.375,84.3125,,248.60289001464844,,,,,,
9977,791.8937722999999,-94.625,-30.125,106.5,94.625,,248.60289001464844,,,,,,
9978,791.9708031999999,-50.53125,9.125,82.3125,50.53125,,248.60289001464844,,,,,,
9979,792.0476391000002,63.65625,-12.25,-84.25,-63.65625,,248.60289001464844,,,,,,
9980,792.1306184000005,-16.6875,-7.84375,15.4921875,16.6875,,248.60289001464844,,8.282787322998047,0.3245338499546051,7.839076519012451,8.32628345489502,8.715751647949219
9981,792.2071784,50.1875,-27.4375,26.71875,-50.1875,,248.60289001464844,,,,,,
9982,792.2850216000006,-26.125,-21.625,37.46875,26.125,,248.60289001464844,,,,,,
9983,792.3629983999999,-85.3125,-16.25,113.375,85.3125,,248.60289001464844,,,,,,
9984,792.4407567000007,-126.375,-17.25,153.0,126.375,,248.60289001464844,,,,,,
9985,792.5182934000004,-159.75,-36.25,193.75,159.75,,248.60289001464844,,,,,,
9986,792.5980763000007,-125.875,-5.625,154.75,125.875,,248.60289001464844,,,,,,
9987,792.6740218000004,11.8125,-13.8359375,12.40625,-11.8125,,248.60289001464844,,,,,,
9988,792.7536542000007,97.0625,-29.8125,-70.875,-97.0625,,248.60289001464844,,,,,,
9989,792.8318417999999,104.25,-13.1875,-98.0,-104.25,,248.60289001464844,,,,,,
9990,792.9100650999999,97.4375,-4.125,-108.4375,-97.4375,,248.60289001464844,,,,,,
9991,792.9864917000004,-8.8359375,20.421875,-30.640625,8.8359375,,248.60289001464844,,,,,,
9992,793.0645340000001,-2.376953125,-13.5,36.375,2.376953125,,248.60289001464844,,,,,,
9993,793.1415514,-27.015625,-3.46875,63.875,27.015625,,248.60289001464844,,,,,,
9994,793.2194024999999,8.7734375,-15.3359375,20.046875,-8.7734375,,248.60289001464844,,,,,,
9995,793.2980035,-54.1875,-16.71875,59.34375,54.1875,,248.60289001464844,,,,,,
9996,793.3745419000006,-33.09375,-11.1875,6.71484375,33.09375,,248.60289001464844,,,,,,
9997,793.4510327000007,0.2841796875,-8.515625,-19.828125,-0.2841796875,,248.60289001464844,,,,,,
9998,793.5275310000006,-99.625,-14.1875,107.0,99.625,,248.60289001464844,,,,,,
9999,793.6051836000006,-177.875,-20.625,158.375,177.875,,248.60289001464844,,,,,,
10000,793.8887828999996,-106.875,-26.375,146.125,106.875,,232.6593017578125,,6.544835090637207,0.2736816704273224,6.061952114105225,6.590463638305664,6.933706760406494
