gen_step,training_seconds,generator_loss,critic_loss,real_score,fake_score,gp_loss,fid,fid_error,grad_mean,grad_std,grad_p05,grad_p50,grad_p95
1,0.5230972999997903,0.208984375,8.48283863067627,0.27294921875,-0.208984375,8.89665699005127,,,,,,,
2,0.6847588999999061,0.611328125,5.468872547149658,1.861328125,-0.611328125,7.908325672149658,,,,,,,
3,0.8473199000000022,1.1552734375,-5.290266990661621,7.44921875,-1.1552734375,4.303483009338379,,,,,,,
4,1.00735799999984,4.9609375,-21.762006759643555,19.609375,-4.9609375,0.5504938960075378,,,,,,,
5,1.1693250999996962,4.19140625,-47.424652099609375,43.09375,-4.19140625,4.887847423553467,,,,,,,
6,1.3386461000000054,19.5625,-62.646514892578125,60.46875,-19.5625,12.790987014770508,,,,,,,
7,1.5077838999995947,30.28125,-85.94383239746094,94.3125,-30.28125,26.806167602539062,,,,,,,
8,1.6750057999997807,33.53125,-103.2755126953125,106.0,-33.53125,33.974491119384766,,,,,,,
9,1.8371568999991723,42.84375,-98.55230712890625,106.5,-42.84375,43.322696685791016,,,,,,,
10,1.998906299999362,42.9375,-101.39846801757812,112.375,-42.9375,48.60153579711914,,,,,,,
11,2.1599374999996144,45.6875,-111.4124526977539,136.75,-45.6875,56.212547302246094,,,,,,,
12,2.323978499999612,44.5,-111.24593353271484,136.5,-44.5,56.879066467285156,,,,,,,
13,2.4861166000000594,49.3125,-114.00177001953125,144.25,-49.3125,62.873233795166016,,,,,,,
14,2.64918839999973,26.21875,-103.80030059814453,111.25,-26.21875,54.69969940185547,,,,,,,
15,2.8115267999992284,51.6875,-113.13465118408203,159.875,-51.6875,75.11534881591797,,,,,,,
16,2.973084499999459,36.25,-118.75273132324219,128.625,-36.25,56.99726486206055,,,,,,,
17,3.1359063999998398,39.65625,-122.72724914550781,161.375,-39.65625,65.64775085449219,,,,,,,
18,3.298095199999807,43.09375,-125.19913482666016,167.0,-43.09375,66.67586517333984,,,,,,,
19,3.4599177000000054,43.0625,-114.74822235107422,165.75,-43.0625,65.75177764892578,,,,,,,
20,3.6236173999996026,26.9375,-115.6491928100586,140.5,-26.9375,60.725807189941406,,,3.3211591243743896,0.8275274634361267,1.6592280864715576,3.6147985458374023,4.179450035095215
21,3.781870799999524,45.65625,-112.06494903564453,187.125,-45.65625,103.43505096435547,,,,,,,
22,3.944565799999509,44.25,-112.75658416748047,184.75,-44.25,91.61841583251953,,,,,,,
23,4.104565299999194,25.109375,-116.02437591552734,122.5625,-25.109375,50.600624084472656,,,,,,,
24,4.263275199999953,23.796875,-110.09952545166016,145.875,-23.796875,63.025474548339844,,,,,,,
25,4.424765599999773,34.59375,-119.09075927734375,160.25,-34.59375,61.65924072265625,,,,,,,
26,4.586676599999919,10.390625,-124.66366577148438,145.25,-10.390625,61.336334228515625,,,,,,,
27,4.745878599999742,26.65625,-122.82823181152344,155.125,-26.65625,51.17176818847656,,,,,,,
28,4.904320299999199,34.34375,-118.45317840576172,162.125,-34.34375,73.92182159423828,,,,,,,
29,5.065130999999383,25.0,-120.95562744140625,133.75,-25.0,48.79437255859375,,,,,,,
30,5.227102500000001,37.09375,-121.61530303955078,151.375,-37.09375,57.38469696044922,,,,,,,
31,5.391622599999209,10.3046875,-99.5111312866211,106.25,-10.3046875,54.488868713378906,,,,,,,
32,5.552274699999543,13.7890625,-105.02790069580078,140.25,-13.7890625,52.72209930419922,,,,,,,
33,5.710602999999537,-0.47705078125,-107.7419204711914,135.375,0.47705078125,44.883079528808594,,,,,,,
34,5.871501999999964,-17.453125,-99.16524505615234,111.25,17.453125,45.459754943847656,,,,,,,
35,6.031841099999838,-13.9453125,-94.22079467773438,109.125,13.9453125,36.77920150756836,,,,,,,
36,6.193077599999924,15.328125,-90.2199935913086,140.0,-15.328125,47.655006408691406,,,,,,,
37,6.354025499999807,5.2421875,-80.72688293457031,118.6875,-5.2421875,51.02311706542969,,,,,,,
38,6.515506499999901,-1.4697265625,-81.47943115234375,129.5,1.4697265625,42.14556884765625,,,,,,,
39,6.675656999999774,-15.0703125,-82.43255615234375,123.6875,15.0703125,41.629940032958984,,,,,,,
40,6.836564100000032,-12.375,-79.89183044433594,135.625,12.375,36.23317337036133,,,2.8188300132751465,0.5614044070243835,1.9126077890396118,2.8795671463012695,3.6253116130828857
41,6.996927599999253,-18.8125,-69.31350708007812,128.625,18.8125,33.998992919921875,,,,,,,
42,7.1586545000000115,8.25,-64.16705322265625,152.125,-8.25,51.08294677734375,,,,,,,
43,7.320234399999208,-22.03125,-55.962764739990234,106.5,22.03125,28.912235260009766,,,,,,,
44,7.4822745999999825,-20.46875,-59.88935852050781,115.9375,20.46875,28.298141479492188,,,,,,,
45,7.641888399999516,-25.9375,-57.78864669799805,124.8125,25.9375,27.773853302001953,,,,,,,
46,7.8018742999993265,-27.984375,-52.78175354003906,135.0,27.984375,32.90574645996094,,,,,,,
47,7.9614253999998255,-52.03125,-57.561500549316406,112.5,52.03125,23.438501358032227,,,,,,,
48,8.122251199999482,-64.75,-49.638893127441406,112.0,64.75,18.67360496520996,,,,,,,
49,8.282029899999543,-30.921875,-46.67479705810547,118.6875,30.921875,21.450204849243164,,,,,,,
50,8.444417499999872,-42.65625,-50.206207275390625,125.625,42.65625,19.543792724609375,,,,,,,
51,8.605608299999403,-43.5625,-43.144508361816406,111.375,43.5625,16.417993545532227,,,,,,,
52,8.766727100000026,-59.3125,-44.44264602661133,100.75,59.3125,16.619853973388672,,,,,,,
53,8.92602480000005,-55.0625,-51.728172302246094,124.8125,55.0625,15.771828651428223,,,,,,,
54,9.084699699999874,-77.5,-46.34613037109375,114.0,77.5,15.34136962890625,,,,,,,
55,9.246203699999569,-52.0625,-38.63920974731445,121.4375,52.0625,15.548291206359863,,,,,,,
56,9.40730099999928,-48.84375,-48.71662902832031,111.75,48.84375,12.502119064331055,,,,,,,
57,9.567132199999833,-81.625,-43.22953796386719,94.25,81.625,11.176711082458496,,,,,,,
58,9.728837799999383,-70.1875,-42.87605285644531,127.25,70.1875,14.06144905090332,,,,,,,
59,9.888706899999306,-55.46875,-43.836177825927734,149.0,55.46875,18.538822174072266,,,,,,,
60,10.04791380000006,-79.9375,-38.19371032714844,111.375,79.9375,12.71253776550293,,,2.096000909805298,0.2646429240703583,1.717238187789917,2.0842995643615723,2.604398012161255
61,10.208850199999688,-47.78125,-35.627357482910156,127.8125,47.78125,15.810144424438477,,,,,,,
62,10.370917199999894,-80.1875,-45.77751541137695,124.375,80.1875,12.722484588623047,,,,,,,
63,10.53153199999997,-69.0,-37.565635681152344,95.3125,69.0,11.27811336517334,,,,,,,
64,10.690824799999973,-90.0625,-45.29928970336914,142.5,90.0625,13.138209342956543,,,,,,,
65,10.85170239999934,-49.5,-40.33661651611328,139.75,49.5,17.66338348388672,,,,,,,
66,11.010846899999706,-69.0,-41.029762268066406,135.125,69.0,15.345239639282227,,,,,,,
67,11.170578299999761,-79.9375,-39.41029739379883,130.375,79.9375,14.964702606201172,,,,,,,
68,11.332063399999242,-36.8125,-35.284080505371094,135.375,36.8125,13.278417587280273,,,,,,,
69,11.492584399999942,-80.9375,-42.17148971557617,146.5,80.9375,14.766011238098145,,,,,,,
70,11.653877899999316,-94.25,-43.29530334472656,134.75,94.25,12.079696655273438,,,,,,,
71,11.813206899999386,-93.5,-39.904727935791016,117.0,93.5,11.532772064208984,,,,,,,
72,11.973289499999737,-96.625,-38.51579284667969,130.625,96.625,11.421707153320312,,,,,,,
73,12.135448299999553,-76.75,-42.23042678833008,107.5,76.75,10.957073211669922,,,,,,,
74,12.296380099999624,-62.90625,-40.68883514404297,113.875,62.90625,13.498663902282715,,,,,,,
75,12.457655799999884,-63.90625,-36.7223014831543,112.0625,63.90625,11.090198516845703,,,,,,,
76,12.618338499999481,-68.5625,-39.200592041015625,116.625,68.5625,10.986906051635742,,,,,,,
77,12.777764299999944,-59.9375,-40.03270721435547,134.25,59.9375,13.342294692993164,,,,,,,
78,12.93960749999951,-63.8125,-40.47563934326172,134.125,63.8125,14.774359703063965,,,,,,,
79,13.100921499999458,-70.5625,-30.847469329833984,95.0,70.5625,10.527530670166016,,,,,,,
80,13.261903699999493,-68.75,-28.1739559173584,117.9375,68.75,10.513544082641602,,,1.9956004619598389,0.2452230453491211,1.661458969116211,1.9849586486816406,2.3495538234710693
81,13.423269099999743,-63.84375,-34.293365478515625,120.25,63.84375,10.956635475158691,,,,,,,
82,13.583459499999663,-64.1875,-38.493141174316406,139.125,64.1875,14.069358825683594,,,,,,,
83,13.743399799999679,-72.3125,-35.145347595214844,124.75,72.3125,11.729652404785156,,,,,,,
84,13.906580199999553,-72.375,-27.535213470458984,108.625,72.375,10.527286529541016,,,,,,,
85,14.070663999999852,-68.6875,-34.7252197265625,125.3125,68.6875,10.524778366088867,,,,,,,
86,14.232218299999658,-45.84375,-38.26152038574219,149.75,45.84375,15.488480567932129,,,,,,,
87,14.39333759999954,-64.25,-35.007259368896484,100.375,64.25,9.711490631103516,,,,,,,
88,14.552413299999898,-60.78125,-34.70059585571289,91.4375,60.78125,10.17440414428711,,,,,,,
89,14.714062099999865,-65.5625,-31.608537673950195,117.8125,65.5625,11.203962326049805,,,,,,,
90,14.874527699999817,-59.4375,-34.395259857177734,108.0,59.4375,10.823490142822266,,,,,,,
91,15.036381699999765,-73.625,-30.18069076538086,88.0,73.625,9.381810188293457,,,,,,,
92,15.199629799999457,-76.6875,-29.346920013427734,79.8125,76.6875,8.809329986572266,,,,,,,
93,15.361481499999172,-60.21875,-30.96005630493164,117.75,60.21875,10.414944648742676,,,,,,,
94,15.52219199999945,-61.03125,-36.69795608520508,111.4375,61.03125,10.489544868469238,,,,,,,
95,15.682828299999528,-29.109375,-29.664936065673828,89.125,29.109375,7.522564888000488,,,,,,,
96,15.843801099999837,-82.375,-27.793094635009766,99.125,82.375,7.488156318664551,,,,,,,
97,16.007725699999355,-58.15625,-32.94729232788086,106.9375,58.15625,8.24020767211914,,,,,,,
98,16.170825799999875,-78.0625,-28.84963607788086,92.6875,78.0625,8.556612968444824,,,,,,,
99,16.33236559999932,-69.0,-29.45954132080078,94.0625,69.0,13.071709632873535,,,,,,,
100,16.500169399999322,-41.8125,-31.051681518554688,91.75,41.8125,10.198317527770996,,,1.9809422492980957,0.23996691405773163,1.6312761306762695,1.967975378036499,2.360076665878296
101,16.675696699999207,-50.40625,-26.90679168701172,133.625,50.40625,12.280707359313965,,,,,,,
102,16.836678899999242,-63.5,-30.124889373779297,85.3125,63.5,6.718860626220703,,,,,,,
103,16.99949789999937,-57.875,-22.19169044494629,85.4375,57.875,6.308310031890869,,,,,,,
104,17.162716899999396,-82.5625,-33.273109436035156,108.875,82.5625,7.664392471313477,,,,,,,
105,17.324907499999426,-50.6875,-33.681602478027344,111.6875,50.6875,10.193399429321289,,,,,,,
106,17.486573099999987,-55.5,-32.914710998535156,103.375,55.5,8.116539001464844,,,,,,,
107,17.650006799999574,-66.75,-29.551250457763672,120.5625,66.75,8.761249542236328,,,,,,,
108,17.81312170000001,-72.0625,-26.50705337524414,98.875,72.0625,8.649195671081543,,,,,,,
109,17.97319569999945,-48.875,-27.94106101989746,79.375,48.875,7.933938503265381,,,,,,,
110,18.135852800000066,-64.4375,-28.345943450927734,104.5625,64.4375,7.341556549072266,,,,,,,
111,18.298403199999484,-35.9375,-27.257593154907227,69.625,35.9375,6.523656845092773,,,,,,,
112,18.4611574999999,-62.71875,-27.01825714111328,104.8125,62.71875,7.106742858886719,,,,,,,
113,18.622397699999965,-73.8125,-28.925668716430664,116.25,73.8125,7.886831283569336,,,,,,,
114,18.78191059999972,-66.6875,-25.818639755249023,97.0,66.6875,6.993860244750977,,,,,,,
115,18.94026059999942,-49.9375,-27.46210289001465,101.0,49.9375,7.412897109985352,,,,,,,
116,19.103227399999923,-51.84375,-24.715579986572266,120.125,51.84375,10.284419059753418,,,,,,,
117,19.267703900000015,-51.40625,-27.83823585510254,93.625,51.40625,8.161764144897461,,,,,,,
118,19.428934799999297,-73.0,-23.929109573364258,113.1875,73.0,8.070890426635742,,,,,,,
119,19.59032379999917,-88.25,-22.623065948486328,87.625,88.25,5.783185005187988,,,,,,,
120,19.751372899999296,-59.4375,-27.066850662231445,96.1875,59.4375,6.339399814605713,,,1.7630372047424316,0.22740790247917175,1.4481161832809448,1.748645544052124,2.1975173950195312
121,19.910543099999813,-73.25,-25.208019256591797,98.8125,73.25,6.2919816970825195,,,,,,,
122,20.070574899999883,-78.125,-24.330772399902344,106.125,78.125,6.23172664642334,,,,,,,
123,20.23113419999936,-59.71875,-27.172348022460938,105.3125,59.71875,6.2651519775390625,,,,,,,
124,20.389520899999297,-69.9375,-27.241756439208984,102.8125,69.9375,6.008243560791016,,,,,,,
125,20.54885539999941,-88.0,-26.87906837463379,106.25,88.0,6.120932102203369,,,,,,,
126,20.709599199999502,-46.03125,-25.83222007751465,83.875,46.03125,7.94903039932251,,,,,,,
127,20.868452299999262,-80.75,-22.030452728271484,99.0625,80.75,6.032048225402832,,,,,,,
128,21.029494899999918,-73.125,-23.319124221801758,112.0625,73.125,6.1183762550354,,,,,,,
129,21.19054109999979,-61.78125,-27.481731414794922,98.625,61.78125,6.518267631530762,,,,,,,
130,21.34872329999962,-61.78125,-26.999126434326172,90.3125,61.78125,6.594623565673828,,,,,,,
131,21.50834069999928,-68.25,-24.13564682006836,93.125,68.25,5.864353179931641,,,,,,,
132,21.66946409999946,-65.8125,-25.41261863708496,91.625,65.8125,6.712381839752197,,,,,,,
133,21.828542499999458,-69.8125,-22.696475982666016,97.125,69.8125,6.366023063659668,,,,,,,
134,21.98802809999961,-57.625,-21.985580444335938,95.8125,57.625,6.326919078826904,,,,,,,
135,22.146093599999404,-60.28125,-19.0553035736084,70.75,60.28125,3.7259461879730225,,,,,,,
136,22.304497199999787,-73.25,-24.688274383544922,92.625,73.25,5.092976093292236,,,,,,,
137,22.462365200000022,-57.53125,-26.554378509521484,80.3125,57.53125,6.976870536804199,,,,,,,
138,22.62152429999969,-69.125,-20.5777587890625,89.6875,69.125,6.047240257263184,,,,,,,
139,22.781666199999563,-55.0,-23.72422218322754,83.0,55.0,4.182027816772461,,,,,,,
140,22.943007799999577,-78.5,-22.575916290283203,102.5,78.5,5.861583709716797,,,1.7120964527130127,0.28120648860931396,1.391339659690857,1.6925852298736572,2.1738288402557373
141,23.101990399999522,-67.25,-22.272178649902344,101.5,67.25,5.602821350097656,,,,,,,
142,23.263748999999734,-66.4375,-22.423995971679688,92.125,66.4375,5.0135040283203125,,,,,,,
143,23.421691099999407,-46.4375,-21.669452667236328,87.0625,46.4375,5.20554780960083,,,,,,,
144,23.58151369999996,-69.0,-22.12571144104004,88.1875,69.0,6.186788082122803,,,,,,,
145,23.74014669999997,-51.40625,-20.510923385620117,80.5,51.40625,4.957827091217041,,,,,,,
146,23.897719499999766,-64.0625,-21.16068458557129,96.0,64.0625,4.839314937591553,,,,,,,
147,24.056872199999816,-66.3125,-17.90986442565918,83.375,66.3125,4.74638557434082,,,,,,,
148,24.216401799999403,-60.9375,-20.861833572387695,81.8125,60.9375,3.169417142868042,,,,,,,
149,24.374323699999877,-64.875,-23.807260513305664,85.625,64.875,5.005239963531494,,,,,,,
150,24.534828699999707,-57.96875,-18.867216110229492,78.3125,57.96875,6.882784366607666,,,,,,,
151,24.694257299999663,-63.375,-23.561737060546875,101.0,63.375,4.625761985778809,,,,,,,
152,24.853774299999714,-70.9375,-20.724933624267578,95.4375,70.9375,5.650067329406738,,,,,,,
153,25.013999599999806,-57.65625,-19.82225227355957,90.375,57.65625,4.49024772644043,,,,,,,
154,25.173196699999608,-61.375,-19.49640464782715,103.0625,61.375,5.94109582901001,,,,,,,
155,25.33542799999941,-57.21875,-17.044605255126953,74.625,57.21875,4.267894744873047,,,,,,,
156,25.4950431999996,-60.34375,-21.307437896728516,79.625,60.34375,5.130062103271484,,,,,,,
157,25.654417699999613,-59.53125,-20.821176528930664,77.9375,59.53125,5.210072994232178,,,,,,,
158,25.812039399999776,-43.28125,-22.425125122070312,88.6875,43.28125,6.793625354766846,,,,,,,
159,25.97131349999927,-73.4375,-19.2059326171875,103.625,73.4375,5.231568336486816,,,,,,,
160,26.13297489999968,-58.84375,-18.20166778564453,81.4375,58.84375,3.173332691192627,,,1.5311639308929443,0.18761156499385834,1.3088966608047485,1.4968774318695068,1.8661142587661743
161,26.293951799999377,-48.0625,-19.45827865600586,67.8125,48.0625,3.3542208671569824,,,,,,,
162,26.452567699999236,-52.4375,-24.092336654663086,82.8125,52.4375,5.657663822174072,,,,,,,
163,26.61198339999919,-56.21875,-19.399112701416016,90.25,56.21875,6.600888252258301,,,,,,,
164,26.770087399999284,-57.875,-17.482839584350586,63.8125,57.875,4.017160415649414,,,,,,,
165,26.928988199999367,-58.15625,-20.071712493896484,75.625,58.15625,5.022038459777832,,,,,,,
166,27.09033249999993,-80.75,-20.278718948364258,95.8125,80.75,3.6587812900543213,,,,,,,
167,27.250604799999564,-55.90625,-20.042743682861328,79.0625,55.90625,4.926006317138672,,,,,,,
168,27.409277400000065,-75.0,-21.139612197875977,108.0625,75.0,4.672887802124023,,,,,,,
169,27.570718699999816,-48.0,-22.704147338867188,68.5625,48.0,5.545852184295654,,,,,,,
170,27.72856209999918,-55.53125,-18.639921188354492,66.1875,55.53125,3.985079288482666,,,,,,,
171,27.88585359999979,-45.03125,-19.50562858581543,65.9375,45.03125,4.08812141418457,,,,,,,
172,28.046241799999734,-53.65625,-15.501046180725098,77.5,53.65625,4.217703819274902,,,,,,,
173,28.205038299999615,-58.0625,-16.974958419799805,96.5625,58.0625,5.150041580200195,,,,,,,
174,28.366949999999633,-56.09375,-17.63639259338379,74.6875,56.09375,3.7386081218719482,,,,,,,
175,28.526975899999343,-46.34375,-21.225284576416016,60.1875,46.34375,3.3997156620025635,,,,,,,
176,28.686898799999653,-74.75,-21.179336547851562,117.625,74.75,7.6956634521484375,,,,,,,
177,28.846685599999546,-46.5,-18.47443389892578,65.25,46.5,4.056816101074219,,,,,,,
178,29.005750699999226,-57.40625,-18.250835418701172,97.5,57.40625,3.999164581298828,,,,,,,
179,29.167871899999227,-45.09375,-20.630760192871094,86.375,45.09375,3.7754905223846436,,,,,,,
180,29.336206799999673,-70.5625,-17.45296287536621,75.0625,70.5625,4.078287124633789,,,1.623942494392395,0.13610461354255676,1.3952250480651855,1.6282825469970703,1.8534190654754639
181,29.513025299999754,-24.25,-22.388917922973633,47.75,24.25,4.532957553863525,,,,,,,
182,29.684555399999226,-67.5,-19.574542999267578,88.1875,67.5,3.1754560470581055,,,,,,,
183,29.852527699999882,-59.59375,-20.11652946472168,79.1875,59.59375,3.2584710121154785,,,,,,,
184,30.01727109999956,-47.125,-20.90379524230957,77.625,47.125,4.2837042808532715,,,,,,,
185,30.179601299999376,-55.15625,-18.91799545288086,79.625,55.15625,4.863255500793457,,,,,,,
186,30.340591599999243,-68.0625,-19.47535514831543,82.5625,68.0625,3.587144374847412,,,,,,,
187,30.50165079999988,-32.6875,-18.335437774658203,42.125,32.6875,3.820812702178955,,,,,,,
188,30.66370839999945,-68.125,-18.89300537109375,100.625,68.125,4.606993675231934,,,,,,,
189,30.825329999999667,-46.25,-19.418907165527344,62.8125,46.25,4.049842357635498,,,,,,,
190,30.98696159999963,-49.71875,-18.28188705444336,69.875,49.71875,3.780613422393799,,,,,,,
191,31.14687859999958,-52.09375,-18.268434524536133,62.375,52.09375,3.38781476020813,,,,,,,
192,31.30896119999943,-46.3125,-18.60080337524414,77.5,46.3125,3.5241963863372803,,,,,,,
193,31.469460199999958,-37.875,-18.270782470703125,69.875,37.875,3.4479684829711914,,,,,,,
194,31.634384399999362,-74.125,-20.72049331665039,104.75,74.125,4.904507637023926,,,,,,,
195,31.800972,-44.625,-18.787601470947266,69.875,44.625,3.462397575378418,,,,,,,
196,31.961778299999423,-52.5625,-15.894366264343262,77.4375,52.5625,3.1368839740753174,,,,,,,
197,32.122495399999934,-45.5625,-17.071971893310547,69.5,45.5625,3.2092790603637695,,,,,,,
198,32.28120390000004,-54.0625,-17.564842224121094,83.8125,54.0625,3.997657299041748,,,,,,,
199,32.44334349999917,-39.5,-18.096227645874023,62.125,39.5,3.1537723541259766,,,,,,,
200,32.60681159999967,-73.9375,-19.58207893371582,89.6875,73.9375,4.292921543121338,,,1.63846755027771,0.14714379608631134,1.4551767110824585,1.6356017589569092,1.872795820236206
201,32.76752789999955,-51.75,-17.979209899902344,81.1875,51.75,3.1145410537719727,,,,,,,
202,32.92831059999935,-47.03125,-17.39751434326172,64.8125,47.03125,3.6024856567382812,,,,,,,
203,33.0864474,-67.4375,-17.990863800048828,92.625,67.4375,4.571636199951172,,,,,,,
204,33.24995020000006,-65.375,-19.841276168823242,70.625,65.375,3.096224069595337,,,,,,,
205,33.410084899999674,-51.03125,-18.355785369873047,78.0625,51.03125,3.5817151069641113,,,,,,,
206,33.57078249999995,-43.1875,-19.224689483642578,75.625,43.1875,3.5565602779388428,,,,,,,
207,33.730691199999455,-47.625,-17.71737289428711,70.875,47.625,3.251378059387207,,,,,,,
208,33.89190999999937,-70.1875,-17.03800392150879,95.75,70.1875,3.774496078491211,,,,,,,
209,34.05024819999926,-48.46875,-17.200233459472656,54.96875,48.46875,3.7060160636901855,,,,,,,
210,34.207674499999484,-61.6875,-18.22898292541504,84.1875,61.6875,2.896017551422119,,,,,,,
211,34.365705700000035,-82.75,-18.582271575927734,82.125,82.75,4.042729377746582,,,,,,,
212,34.52659289999974,-48.625,-20.046545028686523,74.1875,48.625,3.4534554481506348,,,,,,,
213,34.68645699999979,-75.0,-18.249143600463867,93.75,75.0,4.625856876373291,,,,,,,
214,34.84670409999944,-56.34375,-15.84206771850586,78.375,56.34375,2.7204322814941406,,,,,,,
215,35.00572849999935,-73.0,-17.196626663208008,92.9375,73.0,3.1158738136291504,,,,,,,
216,35.164829699999245,-55.0625,-16.53227424621582,65.9375,55.0625,3.123976230621338,,,,,,,
217,35.32478749999973,-69.0,-15.839024543762207,103.1875,69.0,3.160975456237793,,,,,,,
218,35.483423599999696,-80.3125,-15.126832008361816,100.5625,80.3125,3.1856679916381836,,,,,,,
219,35.64422409999952,-55.1875,-14.709835052490234,91.75,55.1875,2.7901647090911865,,,,,,,
220,35.80481139999938,-83.8125,-16.598669052124023,89.3125,83.8125,3.4638304710388184,,,1.5716357231140137,0.14005565643310547,1.4241888523101807,1.556272029876709,1.7767679691314697
221,35.96384020000005,-64.25,-18.897611618041992,85.375,64.25,2.6023876667022705,,,,,,,
222,36.12362489999941,-94.9375,-18.066808700561523,97.75,94.9375,3.3081908226013184,,,,,,,
223,36.282753099999354,-86.625,-16.749303817749023,96.25,86.625,3.2506954669952393,,,,,,,
224,36.442391399999906,-72.875,-13.76171588897705,67.9375,72.875,2.800784111022949,,,,,,,
225,36.60292639999989,-79.5625,-19.013195037841797,111.375,79.5625,3.7993040084838867,,,,,,,
226,36.7621024,-88.1875,-15.161559104919434,94.125,88.1875,2.4634406566619873,,,,,,,
227,36.92137629999979,-50.8125,-16.830406188964844,63.1875,50.8125,4.513343811035156,,,,,,,
228,37.079595499999414,-107.625,-17.460384368896484,133.375,107.625,4.602116107940674,,,,,,,
229,37.23860329999934,-62.59375,-15.20877742767334,79.0,62.59375,2.7599728107452393,,,,,,,
230,37.39681129999917,-77.0625,-16.36351776123047,86.875,77.0625,2.198982000350952,,,,,,,
231,37.55681319999985,-69.5,-15.248309135437012,90.3125,69.5,2.9391908645629883,,,,,,,
232,37.71532349999961,-75.125,-14.884197235107422,99.1875,75.125,3.1158030033111572,,,,,,,
233,37.87581019999925,-86.875,-15.87508487701416,109.5625,86.875,3.062415361404419,,,,,,,
234,38.0350228999996,-48.75,-18.8310604095459,80.9375,48.75,2.6376893520355225,,,,,,,
235,38.19675519999964,-121.3125,-16.927732467651367,152.75,121.3125,5.822267532348633,,,,,,,
236,38.35816029999933,-95.9375,-15.495501518249512,104.9375,95.9375,2.6919984817504883,,,,,,,
237,38.51976680000007,-111.5625,-16.35479736328125,124.25,111.5625,2.645202159881592,,,,,,,
238,38.67845849999958,-123.125,-16.274391174316406,137.0,123.125,3.0381088256835938,,,,,,,
239,38.83984489999966,-80.5,-16.297880172729492,97.6875,80.5,3.0146193504333496,,,,,,,
240,39.000328699999955,-79.125,-17.283790588378906,98.8125,79.125,2.2787084579467773,,,1.4628372192382812,0.11684408038854599,1.315927505493164,1.4330840110778809,1.710788607597351
241,39.16050129999985,-115.0625,-14.501977920532227,128.25,115.0625,3.1230216026306152,,,,,,,
242,39.32060249999995,-63.65625,-17.968629837036133,94.5,63.65625,2.781370162963867,,,,,,,
243,39.47985179999978,-106.5,-13.47430419921875,116.125,106.5,2.525696277618408,,,,,,,
244,39.644138899999234,-111.3125,-14.801591873168945,139.75,111.3125,4.135908126831055,,,,,,,
245,39.80359090000002,-79.0,-15.791397094726562,96.9375,79.0,4.583603382110596,,,,,,,
246,39.963716499999464,-84.0,-15.676544189453125,102.375,84.0,2.760956287384033,,,,,,,
247,40.12397499999952,-114.375,-14.636619567871094,135.625,114.375,2.5508806705474854,,,,,,,
248,40.28120839999974,-94.4375,-14.793184280395508,96.0,94.4375,2.519315719604492,,,,,,,
249,40.441976399999476,-114.375,-14.705538749694824,125.5625,114.375,2.356961250305176,,,,,,,
250,40.602025299999696,-110.375,-14.708168029785156,108.3125,110.375,2.916832447052002,,,,,,,
251,40.761209499999495,-115.3125,-15.537650108337402,125.9375,115.3125,2.8998498916625977,,,,,,,
252,40.92108119999921,-115.75,-15.973211288452148,107.0625,115.75,2.6517889499664307,,,,,,,
253,41.07923369999935,-95.5,-12.782726287841797,93.1875,95.5,2.904773235321045,,,,,,,
254,41.2376863999998,-108.75,-13.218778610229492,129.0,108.75,2.781221866607666,,,,,,,
255,41.39698529999987,-104.5,-14.891070365905762,108.6875,104.5,2.0464296340942383,,,,,,,
256,41.55741080000007,-96.875,-13.759126663208008,125.8125,96.875,2.6783738136291504,,,,,,,
257,41.717415099999926,-117.9375,-14.698624610900879,135.125,117.9375,2.863875389099121,,,,,,,
258,41.87714379999943,-94.3125,-14.967641830444336,108.4375,94.3125,2.407358169555664,,,,,,,
259,42.03766819999964,-93.5625,-11.425790786743164,107.4375,93.5625,2.011709451675415,,,,,,,
260,42.19726499999979,-77.75,-14.697442054748535,97.375,77.75,3.3650577068328857,,,1.5610847473144531,0.1472744196653366,1.4161077737808228,1.5159275531768799,1.7974036931991577
261,42.35750729999927,-113.625,-11.307609558105469,104.25,113.625,2.8173909187316895,,,,,,,
262,42.51507539999966,-73.875,-16.22262954711914,115.9375,73.875,2.8398702144622803,,,,,,,
263,42.673889199999394,-99.4375,-15.473814964294434,121.0,99.4375,3.3386847972869873,,,,,,,
264,42.832584199999474,-100.3125,-15.540146827697754,117.5,100.3125,2.772353172302246,,,,,,,
265,42.99161239999921,-90.125,-14.533851623535156,111.125,90.125,2.4661483764648438,,,,,,,
266,43.15417399999933,-112.625,-13.944547653198242,113.5,112.625,2.1179518699645996,,,,,,,
267,43.31314659999953,-112.5625,-16.574748992919922,121.0625,112.5625,2.4877514839172363,,,,,,,
268,43.470978999999716,-85.3125,-13.379844665527344,111.5,85.3125,2.057655096054077,,,,,,,
269,43.631862100000035,-105.75,-15.085590362548828,124.1875,105.75,2.3519091606140137,,,,,,,
270,43.791951599999265,-108.1875,-14.334985733032227,112.875,108.1875,3.0400137901306152,,,,,,,
271,43.95151299999998,-98.25,-13.567240715026855,117.6875,98.25,2.3702595233917236,,,,,,,
272,44.111168699999325,-136.75,-14.853208541870117,149.375,136.75,2.646791696548462,,,,,,,
273,44.26962079999976,-95.25,-13.23712158203125,96.0,95.25,2.700378894805908,,,,,,,
274,44.42805219999991,-114.5,-15.100915908813477,121.125,114.5,2.3365840911865234,,,,,,,
275,44.586517699999604,-110.0625,-13.680540084838867,115.0625,110.0625,2.8194594383239746,,,,,,,
276,44.74533009999959,-109.625,-12.690052032470703,131.75,109.625,2.622448444366455,,,,,,,
277,44.90262209999946,-112.3125,-12.832001686096191,121.5625,112.3125,2.3554980754852295,,,,,,,
278,45.06316909999987,-130.25,-15.425870895385742,122.375,130.25,1.9491289854049683,,,,,,,
279,45.22324859999935,-145.375,-15.071128845214844,149.5,145.375,3.928870916366577,,,,,,,
280,45.38397429999986,-84.75,-15.92733383178711,98.6875,84.75,3.4476661682128906,,,1.569987416267395,0.1409999579191208,1.407524824142456,1.5562021732330322,1.7481056451797485
281,45.56429119999939,-103.4375,-13.763099670410156,122.125,103.4375,2.736900806427002,,,,,,,
282,45.73782510000001,-102.625,-12.790279388427734,131.25,102.625,2.834721088409424,,,,,,,
283,45.902148999999554,-87.125,-13.76274585723877,102.125,87.125,3.9247541427612305,,,,,,,
284,46.06279739999991,-112.75,-13.483985900878906,135.0,112.75,2.5785136222839355,,,,,,,
285,46.2254826999997,-102.3125,-13.027473449707031,107.9375,102.3125,3.722527027130127,,,,,,,
286,46.389791599999626,-89.9375,-14.56699275970459,117.375,89.9375,2.9955074787139893,,,,,,,
287,46.55213849999927,-101.125,-13.025047302246094,98.5,101.125,2.037452459335327,,,,,,,
288,46.71191159999944,-96.125,-14.880696296691895,114.5,96.125,2.3693039417266846,,,,,,,
289,46.87794529999974,-87.5,-14.915035247802734,105.875,87.5,3.5224649906158447,,,,,,,
290,47.03910289999931,-110.5,-14.733877182006836,120.0625,110.5,3.641122579574585,,,,,,,
291,47.19941799999924,-90.375,-13.10476016998291,108.5,90.375,2.457740068435669,,,,,,,
292,47.3605577999997,-111.125,-14.65872573852539,123.5625,111.125,2.028773784637451,,,,,,,
293,47.522152300000016,-96.3125,-15.121237754821777,100.6875,96.3125,2.1912624835968018,,,,,,,
294,47.68677320000006,-131.5,-16.820159912109375,142.0,131.5,3.492339849472046,,,,,,,
295,47.85011359999953,-100.9375,-15.218770027160645,125.375,100.9375,3.1562299728393555,,,,,,,
296,48.01402329999928,-107.5625,-13.259282112121582,137.5,107.5625,3.428217887878418,,,,,,,
297,48.200100799999746,-87.375,-11.045658111572266,107.75,87.375,4.141841411590576,,,,,,,
298,48.37135579999995,-107.4375,-12.54649543762207,131.375,107.4375,2.8910040855407715,,,,,,,
299,48.53209379999953,-89.625,-15.712711334228516,114.9375,89.625,2.724788188934326,,,,,,,
300,48.69982529999925,-122.8125,-14.858570098876953,145.875,122.8125,3.5164296627044678,,,1.5724455118179321,0.154755100607872,1.4063870906829834,1.5348520278930664,1.777457594871521
301,48.8608506999999,-97.0,-15.134815216064453,116.6875,97.0,2.490184783935547,,,,,,,
302,49.025900899999215,-94.0625,-11.747074127197266,113.0625,94.0625,2.3154261112213135,,,,,,,
303,49.190699899999345,-121.6875,-15.290204048156738,131.375,121.6875,2.7097959518432617,,,,,,,
304,49.35889339999994,-113.875,-13.007705688476562,120.625,113.875,1.7422947883605957,,,,,,,
305,49.52300709999963,-92.3125,-17.01596450805664,115.8125,92.3125,3.5465354919433594,,,,,,,
306,49.685549199999514,-122.25,-15.142348289489746,127.6875,122.25,3.670151710510254,,,,,,,
307,49.864000399999895,-116.875,-13.923805236816406,133.25,116.875,3.201195001602173,,,,,,,
308,50.026510799999414,-108.0625,-14.707405090332031,128.25,108.0625,2.6675944328308105,,,,,,,
309,50.19002869999986,-73.8125,-13.840803146362305,107.625,73.8125,3.346696376800537,,,,,,,
310,50.351515199999994,-106.25,-12.777175903320312,120.9375,106.25,2.1603238582611084,,,,,,,
311,50.51008719999936,-91.375,-13.012688636779785,110.4375,91.375,2.362311363220215,,,,,,,
312,50.670809799999915,-111.0,-15.167034149169922,125.625,111.0,3.14546537399292,,,,,,,
313,50.83168299999943,-104.8125,-14.035260200500488,106.9375,104.8125,2.5272397994995117,,,,,,,
314,50.997132799999235,-98.9375,-13.25855827331543,116.875,98.9375,3.3664422035217285,,,,,,,
315,51.15980039999977,-85.125,-13.786797523498535,108.625,85.125,2.9632022380828857,,,,,,,
316,51.32004169999982,-91.375,-13.065086364746094,126.5625,91.375,2.7474141120910645,,,,,,,
317,51.48057229999995,-92.9375,-14.201384544372559,122.0625,92.9375,3.8611152172088623,,,,,,,
318,51.64078429999972,-98.375,-11.419173240661621,133.125,98.375,3.6433265209198,,,,,,,
319,51.80587299999934,-113.4375,-15.528039932250977,129.875,113.4375,3.3469600677490234,,,,,,,
320,51.96874449999996,-88.25,-12.395597457885742,116.4375,88.25,3.166903018951416,,,1.5250861644744873,0.20242229104042053,1.331426978111267,1.4736661911010742,1.9031161069869995
321,52.13473929999964,-94.125,-14.201662063598633,114.4375,94.125,2.860837459564209,,,,,,,
322,52.295836399999644,-119.75,-15.072707176208496,138.625,119.75,3.239792585372925,,,,,,,
323,52.458532799999375,-106.9375,-15.282663345336914,116.9375,106.9375,2.3423361778259277,,,,,,,
324,52.61935969999922,-102.625,-14.78697681427002,113.6875,102.625,2.3380234241485596,,,,,,,
325,52.78443889999926,-87.3125,-14.635725021362305,109.6875,87.3125,2.3642754554748535,,,,,,,
326,52.94510149999951,-103.8125,-13.092074394226074,112.875,103.8125,2.595425844192505,,,,,,,
327,53.10578239999995,-94.3125,-11.874689102172852,106.5625,94.3125,2.7503113746643066,,,,,,,
328,53.271478699999534,-97.25,-13.594209671020508,120.875,97.25,2.5932908058166504,,,,,,,
329,53.430659299999206,-83.75,-14.084300994873047,101.125,83.75,2.915698528289795,,,,,,,
330,53.59337659999983,-112.75,-14.529030799865723,117.75,112.75,2.3459694385528564,,,,,,,
331,53.75345859999925,-98.875,-14.316254615783691,113.375,98.875,2.8087453842163086,,,,,,,
332,53.91249329999937,-87.5625,-13.152233123779297,105.125,87.5625,2.7852673530578613,,,,,,,
333,54.09299499999997,-100.125,-14.072566986083984,113.625,100.125,2.6149325370788574,,,,,,,
334,54.25161299999945,-114.375,-15.121472358703613,115.5,114.375,2.378527879714966,,,,,,,
335,54.409165199999734,-101.8125,-14.672943115234375,114.5,101.8125,2.639557123184204,,,,,,,
336,54.56975590000002,-82.6875,-10.987471580505371,106.5625,82.6875,3.20002818107605,,,,,,,
337,54.730366399999184,-83.375,-11.66110610961914,108.875,83.375,4.026394367218018,,,,,,,
338,54.88939339999979,-88.5,-13.115652084350586,110.75,88.5,3.259347915649414,,,,,,,
339,55.050869699999566,-113.5625,-14.757547378540039,118.5625,113.5625,1.8674527406692505,,,,,,,
340,55.210479999999734,-106.8125,-12.435736656188965,109.375,106.8125,2.126763343811035,,,1.4466677904129028,0.11473572254180908,1.3239192962646484,1.4310567378997803,1.5958802700042725
341,55.37127809999947,-105.625,-14.534134864807129,110.375,105.625,2.77836537361145,,,,,,,
342,55.53513389999989,-103.1875,-13.619047164916992,117.75,103.1875,2.693453311920166,,,,,,,
343,55.69601359999979,-94.375,-11.843814849853516,104.8125,94.375,3.0936851501464844,,,,,,,
344,55.85892590000003,-102.0,-15.096522331237793,113.75,102.0,2.903477668762207,,,,,,,
345,56.01762939999935,-90.1875,-14.106905937194824,108.5625,90.1875,3.1430938243865967,,,,,,,
346,56.18038699999943,-93.75,-10.69769287109375,108.4375,93.75,2.67730712890625,,,,,,,
347,56.34154949999993,-103.625,-12.627363204956055,111.5,103.625,2.9976367950439453,,,,,,,
348,56.501208399999996,-111.25,-13.74502182006836,117.4375,111.25,2.1924779415130615,,,,,,,
349,56.66481709999971,-96.1875,-12.570695877075195,107.375,96.1875,2.1168038845062256,,,,,,,
350,56.82659539999986,-91.125,-13.667922973632812,103.125,91.125,2.3945772647857666,,,,,,,
351,56.98576929999945,-103.25,-14.09927749633789,110.5,103.25,3.0882225036621094,,,,,,,
352,57.14705629999935,-107.625,-12.022636413574219,105.8125,107.625,2.2273635864257812,,,,,,,
353,57.31176329999926,-87.4375,-14.781356811523438,108.1875,87.4375,2.8436431884765625,,,,,,,
354,57.47084099999938,-88.1875,-14.082475662231445,102.5625,88.1875,3.4800243377685547,,,,,,,
355,57.633773499999734,-103.3125,-13.43844223022461,112.3125,103.3125,2.3740572929382324,,,,,,,
356,57.79453049999938,-90.375,-14.215446472167969,102.6875,90.375,3.3470537662506104,,,,,,,
357,57.95471980000002,-88.25,-11.547714233398438,95.25,88.25,2.2647862434387207,,,,,,,
358,58.11666029999924,-84.1875,-12.205118179321289,112.8125,84.1875,2.669881582260132,,,,,,,
359,58.275907399999596,-87.0625,-12.152170181274414,110.0,87.0625,3.035330295562744,,,,,,,
360,58.43787109999994,-79.5,-14.201086044311523,99.0625,79.5,2.2989144325256348,,,1.446154236793518,0.1756071001291275,1.2813891172409058,1.400626540184021,1.8720284700393677
361,58.596561099999235,-84.625,-11.835043907165527,99.6875,84.625,2.7274560928344727,,,,,,,
362,58.75784179999937,-96.25,-12.72038459777832,118.125,96.25,2.5921154022216797,,,,,,,
363,58.9173781999998,-92.25,-12.107508659362793,108.875,92.25,2.204991340637207,,,,,,,
364,59.07681819999925,-81.8125,-12.286870956420898,94.5625,81.8125,2.3381292819976807,,,,,,,
365,59.242966899999374,-89.5625,-13.152568817138672,104.6875,89.5625,2.347431182861328,,,,,,,
366,59.412640999999894,-84.8125,-11.966227531433105,103.4375,84.8125,2.2837724685668945,,,,,,,
367,59.58609350000006,-83.0,-10.156309127807617,111.25,83.0,2.7811903953552246,,,,,,,
368,59.755455900000015,-87.75,-13.977142333984375,94.9375,87.75,2.897857427597046,,,,,,,
369,59.93889669999953,-98.75,-13.202281951904297,113.8125,98.75,2.047717809677124,,,,,,,
370,60.102709499999946,-97.5625,-12.032112121582031,106.5,97.5625,2.4678874015808105,,,,,,,
371,60.268614499999785,-106.5625,-14.424079895019531,128.375,106.5625,2.825920581817627,,,,,,,
372,60.43155519999982,-87.5,-12.65800666809082,107.0,87.5,3.0294930934906006,,,,,,,
373,60.59452779999992,-103.8125,-12.332923889160156,106.5,103.8125,1.6670761108398438,,,,,,,
374,60.75839659999929,-90.5625,-13.188206672668457,110.6875,90.5625,2.686793327331543,,,,,,,
375,60.92000419999931,-91.5625,-11.875951766967773,104.75,91.5625,1.7490479946136475,,,,,,,
376,61.082323599999654,-89.75,-14.691123008728027,111.5,89.75,3.1213772296905518,,,,,,,
377,61.245192999999745,-94.75,-13.542325973510742,109.3125,94.75,2.2701735496520996,,,,,,,
378,61.40818299999955,-94.25,-16.075674057006836,107.0625,94.25,2.736825466156006,,,,,,,
379,61.57544019999932,-83.5,-12.95154857635498,100.6875,83.5,2.3609514236450195,,,,,,,
380,61.74954559999969,-91.1875,-14.427974700927734,104.5625,91.1875,2.6970248222351074,,,1.5115373134613037,0.08962187170982361,1.374603033065796,1.4972853660583496,1.644628882408142
381,61.916181899999174,-102.3125,-14.863912582397461,122.3125,102.3125,3.261087417602539,,,,,,,
382,62.07640509999965,-85.5,-11.556360244750977,100.5,85.5,2.0686397552490234,,,,,,,
383,62.23823089999951,-86.625,-12.694400787353516,96.6875,86.625,1.9930988550186157,,,,,,,
384,62.40059179999935,-89.75,-13.55333423614502,99.5,89.75,2.3216655254364014,,,,,,,
385,62.5640856,-90.0,-14.50394344329834,109.5625,90.0,2.3710567951202393,,,,,,,
386,62.730849799999305,-84.8125,-14.074315071105957,100.5625,84.8125,2.863184928894043,,,,,,,
387,62.89624559999993,-90.0625,-15.901206970214844,100.3125,90.0625,2.4737935066223145,,,,,,,
388,63.055990899999415,-93.8125,-11.735292434692383,96.375,93.8125,2.327207326889038,,,,,,,
389,63.217570999999225,-89.25,-13.613836288452148,95.0625,89.25,1.948663592338562,,,,,,,
390,63.38958139999977,-89.3125,-13.474966049194336,98.125,89.3125,2.275033950805664,,,,,,,
391,63.56170939999993,-88.9375,-13.468894958496094,102.5625,88.9375,2.656104564666748,,,,,,,
392,63.72719280000001,-83.5,-11.970442771911621,107.4375,83.5,3.092057466506958,,,,,,,
393,63.88720889999968,-87.1875,-13.347288131713867,101.5625,87.1875,2.527711868286133,,,,,,,
394,64.04591230000005,-89.125,-12.79804801940918,92.0625,89.125,2.0144522190093994,,,,,,,
395,64.20369609999943,-79.0,-11.069965362548828,91.0,79.0,2.68003511428833,,,,,,,
396,64.36142119999931,-76.4375,-15.218194007873535,87.8125,76.4375,2.531805992126465,,,,,,,
397,64.5227347,-84.5,-10.414514541625977,104.0,84.5,2.6479852199554443,,,,,,,
398,64.6862873,-91.9375,-11.96217155456543,116.125,91.9375,3.287827968597412,,,,,,,
399,64.84473089999938,-83.875,-11.2168550491333,113.875,83.875,3.72064471244812,,,,,,,
400,65.00706379999974,-90.875,-14.404461860656738,107.5625,90.875,3.2205379009246826,,,1.5473847389221191,0.14974530041217804,1.3775514364242554,1.5047812461853027,1.822250485420227
401,65.16903779999939,-84.4375,-13.118206977844238,93.9375,84.4375,1.8817927837371826,,,,,,,
402,65.32920179999928,-84.3125,-13.144338607788086,105.0625,84.3125,2.605661153793335,,,,,,,
403,65.48920180000005,-65.5,-10.251811027526855,92.375,65.5,2.5606892108917236,,,,,,,
404,65.65219399999933,-71.25,-14.885547637939453,92.6875,71.25,2.676952362060547,,,,,,,
405,65.81069239999943,-67.0625,-12.076103210449219,84.5,67.0625,1.8613969087600708,,,,,,,
406,65.97228889999951,-77.625,-10.222406387329102,92.75,77.625,2.2150938510894775,,,,,,,
407,66.15647379999973,-86.375,-11.952640533447266,111.9375,86.375,3.9848594665527344,,,,,,,
408,66.31748029999926,-79.375,-11.337663650512695,95.125,79.375,2.099836826324463,,,,,,,
409,66.47736540000005,-73.75,-10.365592956542969,99.625,73.75,3.1969075202941895,,,,,,,
410,66.64284150000003,-78.875,-10.691183090209961,91.125,78.875,2.6838173866271973,,,,,,,
411,66.80471799999941,-78.8125,-12.906747817993164,92.375,78.8125,1.718252420425415,,,,,,,
412,66.96487669999988,-69.5,-11.989110946655273,82.5625,69.5,2.5108890533447266,,,,,,,
413,67.12470159999975,-71.9375,-12.357635498046875,86.9375,71.9375,2.454864740371704,,,,,,,
414,67.28375489999962,-78.375,-13.636266708374023,97.0,78.375,2.0512332916259766,,,,,,,
415,67.44412229999944,-75.625,-11.292262077331543,87.5625,75.625,1.707737922668457,,,,,,,
416,67.60437269999966,-85.625,-13.983678817749023,90.4375,85.625,1.7038209438323975,,,,,,,
417,67.76561149999998,-85.25,-11.744053840637207,95.625,85.25,1.8184465169906616,,,,,,,
418,67.93225159999929,-77.5625,-14.342268943786621,89.75,77.5625,2.3452308177948,,,,,,,
419,68.09543069999927,-79.25,-12.20272445678711,93.375,79.25,2.1722755432128906,,,,,,,
420,68.25951420000001,-86.5,-11.997771263122559,103.5625,86.5,1.814728856086731,,,1.4012951850891113,0.1429511159658432,1.2635091543197632,1.3739688396453857,1.6838079690933228
421,68.42038899999989,-79.0,-13.794188499450684,88.875,79.0,2.1433115005493164,,,,,,,
422,68.58292540000002,-74.8125,-12.403785705566406,99.375,74.8125,3.346214771270752,,,,,,,
423,68.74397389999922,-73.25,-13.741242408752441,92.0625,73.25,2.2587575912475586,,,,,,,
424,68.90188669999952,-85.375,-12.568994522094727,85.0,85.375,1.806005835533142,,,,,,,
425,69.06896939999933,-84.9375,-12.479948997497559,98.0,84.9375,1.9575510025024414,,,,,,,
426,69.22867439999936,-87.0,-12.852151870727539,93.25,87.0,2.085348129272461,,,,,,,
427,69.39040579999983,-72.6875,-11.239969253540039,87.75,72.6875,2.1975302696228027,,,,,,,
428,69.55139739999959,-71.5625,-11.823943138122559,96.5625,71.5625,2.7385566234588623,,,,,,,
429,69.71294249999937,-71.0,-13.481609344482422,89.5625,71.0,2.5183911323547363,,,,,,,
430,69.87313099999938,-82.375,-12.473506927490234,80.625,82.375,2.026493549346924,,,,,,,
431,70.03920870000002,-76.625,-10.458414077758789,100.1875,76.625,2.291586399078369,,,,,,,
432,70.19995839999956,-75.0625,-11.813740730285645,88.375,75.0625,1.8737592697143555,,,,,,,
433,70.3627448999996,-63.125,-11.750736236572266,78.9375,63.125,1.7492637634277344,,,,,,,
434,70.52372969999942,-80.0,-14.869858741760254,87.8125,80.0,2.317641258239746,,,,,,,
435,70.68749169999955,-72.875,-11.638494491577148,90.75,72.875,2.7365059852600098,,,,,,,
436,70.84794359999978,-67.25,-10.409131050109863,80.5625,67.25,2.5908689498901367,,,,,,,
437,71.00733299999956,-71.625,-12.757719039916992,78.8125,71.625,2.1172807216644287,,,,,,,
438,71.16978919999929,-63.96875,-12.407933235168457,77.4375,63.96875,1.935816764831543,,,,,,,
439,71.33141199999955,-66.0625,-11.329231262207031,77.625,66.0625,2.952019214630127,,,,,,,
440,71.49483559999953,-69.25,-11.155402183532715,81.8125,69.25,2.157097816467285,,,1.4497413635253906,0.11594180017709732,1.3050802946090698,1.4206478595733643,1.6852288246154785
441,71.6546757999995,-70.5,-9.766708374023438,84.75,70.5,2.4207911491394043,,,,,,,
442,71.83963019999919,-60.15625,-9.693418502807617,70.75,60.15625,2.712831497192383,,,,,,,
443,72.00064559999919,-69.4375,-12.359613418579102,81.0625,69.4375,2.2653870582580566,,,,,,,
444,72.16425589999926,-68.75,-12.446859359741211,82.625,68.75,2.178140878677368,,,,,,,
445,72.32339279999997,-57.03125,-11.3546142578125,73.6875,57.03125,1.6141352653503418,,,,,,,
446,72.48472700000002,-49.8125,-11.684247970581055,69.1875,49.8125,2.1595020294189453,,,,,,,
447,72.64684099999977,-61.71875,-11.174962043762207,76.3125,61.71875,1.7000377178192139,,,,,,,
448,72.80653729999995,-78.75,-12.92591667175293,88.1875,78.75,2.1365838050842285,,,,,,,
449,72.9693529999995,-80.125,-12.528033256530762,87.1875,80.125,2.096966505050659,,,,,,,
450,73.13052569999945,-70.5,-11.52322769165039,81.9375,70.5,1.851772665977478,,,,,,,
451,73.29111279999961,-60.0,-12.198762893676758,71.875,60.0,1.8324874639511108,,,,,,,
452,73.45447759999934,-55.1875,-10.87307071685791,64.4375,55.1875,1.7206794023513794,,,,,,,
453,73.6137461999997,-79.0,-13.247265815734863,87.0625,79.0,2.3777339458465576,,,,,,,
454,73.77673809999942,-64.6875,-14.535408020019531,74.9375,64.6875,2.0270917415618896,,,,,,,
455,73.93844910000007,-62.0,-11.213615417480469,74.5,62.0,1.9113850593566895,,,,,,,
456,74.09786279999935,-76.875,-11.560857772827148,92.375,76.875,2.9391417503356934,,,,,,,
457,74.25945839999986,-71.25,-12.628955841064453,85.875,71.25,1.6835439205169678,,,,,,,
458,74.4213577999999,-62.40625,-12.097723007202148,75.125,62.40625,1.9022772312164307,,,,,,,
459,74.58309669999926,-53.5625,-11.948150634765625,70.875,53.5625,2.364349842071533,,,,,,,
460,74.74469269999918,-62.96875,-11.398271560668945,73.875,62.96875,1.445478916168213,,,1.3548476696014404,0.13649538159370422,1.1879457235336304,1.347658395767212,1.4881638288497925
461,74.90529659999993,-71.5,-11.644216537475586,86.6875,71.5,1.543283462524414,,,,,,,
462,75.0646440999999,-58.0,-9.495773315429688,81.875,58.0,2.8792266845703125,,,,,,,
463,75.22729589999926,-57.03125,-10.346893310546875,79.9375,57.03125,2.090606689453125,,,,,,,
464,75.38816859999952,-54.0625,-11.754093170166016,67.9375,54.0625,1.9959063529968262,,,,,,,
465,75.55031079999935,-65.375,-13.870946884155273,76.1875,65.375,2.4728026390075684,,,,,,,
466,75.71438569999918,-57.1875,-12.234185218811035,68.4375,57.1875,1.5783147811889648,,,,,,,
467,75.87804809999943,-53.46875,-11.298379898071289,71.4375,53.46875,1.67037034034729,,,,,,,
468,76.05572649999976,-49.96875,-10.995081901550293,63.84375,49.96875,1.7861682176589966,,,,,,,
469,76.21925099999953,-49.71875,-10.569744110107422,66.5,49.71875,1.96150541305542,,,,,,,
470,76.38036959999954,-56.15625,-10.683860778808594,68.6875,56.15625,2.1286394596099854,,,,,,,
471,76.5421581999999,-48.1875,-9.924001693725586,74.375,48.1875,2.638497829437256,,,,,,,
472,76.70460899999944,-48.40625,-8.87421989440918,57.46875,48.40625,2.032029628753662,,,,,,,
473,76.88653339999928,-51.34375,-10.980816841125488,55.28125,51.34375,1.4254329204559326,,,,,,,
474,77.04902179999954,-54.625,-12.365425109863281,60.84375,54.625,1.2283250093460083,,,,,,,
475,77.20938729999943,-55.5625,-12.42380428314209,64.1875,55.5625,2.01369571685791,,,,,,,
476,77.37188209999931,-38.9375,-9.396087646484375,51.96875,38.9375,2.260161876678467,,,,,,,
477,77.53442779999932,-39.5625,-10.259000778198242,50.9375,39.5625,1.209749698638916,,,,,,,
478,77.69612009999946,-65.4375,-12.358410835266113,72.75,65.4375,1.8290889263153076,,,,,,,
479,77.85847779999949,-60.9375,-12.57973575592041,71.625,60.9375,1.8890141248703003,,,,,,,
480,78.02194819999931,-42.46875,-11.61170482635498,61.4375,42.46875,2.3882951736450195,,,1.4550833702087402,0.17812541127204895,1.3010166883468628,1.4026765823364258,1.7309050559997559
481,78.18473489999997,-49.375,-11.682852745056152,61.875,49.375,2.4108974933624268,,,,,,,
482,78.3445785999993,-40.5625,-11.696362495422363,59.03125,40.5625,1.8348872661590576,,,,,,,
483,78.50441409999985,-36.875,-9.363198280334473,51.59375,36.875,2.7305519580841064,,,,,,,
484,78.66397509999933,-48.21875,-11.3822021484375,62.4375,48.21875,1.8052983283996582,,,,,,,
485,78.82591739999953,-50.8125,-12.110193252563477,67.6875,50.8125,2.7648062705993652,,,,,,,
486,78.98727659999986,-42.71875,-11.741483688354492,53.78125,42.71875,1.9147658348083496,,,,,,,
487,79.14577109999937,-43.53125,-10.908425331115723,61.78125,43.53125,2.7165746688842773,,,,,,,
488,79.3042547999994,-57.3125,-12.263299942016602,65.5625,57.3125,1.517950415611267,,,,,,,
489,79.46535089999998,-52.0625,-9.650992393493652,58.09375,52.0625,1.5990077257156372,,,,,,,
490,79.62614009999925,-45.5,-9.40365219116211,54.46875,45.5,1.4713480472564697,,,,,,,
491,79.78711939999994,-39.375,-10.97772216796875,51.21875,39.375,2.272278308868408,,,,,,,
492,79.94963729999927,-32.21875,-12.957917213439941,52.09375,32.21875,1.8233325481414795,,,,,,,
493,80.11042319999979,-31.28125,-12.663032531738281,46.75,31.28125,2.0869674682617188,,,,,,,
494,80.26981119999982,-42.0625,-10.78936767578125,54.6875,42.0625,1.4606328010559082,,,,,,,
495,80.43210669999917,-43.375,-10.592198371887207,55.09375,43.375,1.7828013896942139,,,,,,,
496,80.59149329999946,-33.0625,-11.295877456665039,45.53125,33.0625,1.7353724241256714,,,,,,,
497,80.75299579999955,-38.78125,-10.864107131958008,53.25,38.78125,1.6671428680419922,,,,,,,
498,80.91505059999963,-39.6875,-12.381896018981934,50.375,39.6875,2.0868539810180664,,,,,,,
499,81.07664690000001,-37.75,-11.065778732299805,50.375,37.75,1.6217217445373535,,,,,,,
500,81.24218609999934,-32.21875,-8.418880462646484,52.09375,32.21875,1.4248697757720947,,,1.368330717086792,0.0825803130865097,1.260496973991394,1.3649979829788208,1.495837688446045
501,81.40200659999937,-35.4375,-10.650644302368164,54.15625,35.4375,2.099355697631836,,,,,,,
502,81.56373959999928,-27.140625,-11.590910911560059,44.59375,27.140625,1.6903388500213623,,,,,,,
503,81.72469579999961,-34.125,-11.753077507019043,43.625,34.125,1.746922254562378,,,,,,,
504,81.88670120000006,-38.71875,-11.50362777709961,44.4375,38.71875,1.7151224613189697,,,,,,,
505,82.048769,-28.78125,-8.763162612915039,46.5,28.78125,1.7055878639221191,,,,,,,
506,82.21085760000005,-26.296875,-9.637972831726074,42.21875,26.296875,1.7370274066925049,,,,,,,
507,82.37161199999991,-25.34375,-10.896005630493164,37.90625,25.34375,2.947744131088257,,,,,,,
508,82.53384259999984,-23.734375,-10.694252014160156,35.6875,23.734375,1.5244977474212646,,,,,,,
509,82.69171800000004,-35.21875,-11.577845573425293,43.6875,35.21875,2.031529664993286,,,,,,,
510,82.85326910000003,-35.96875,-12.76579475402832,47.0625,35.96875,1.702955722808838,,,,,,,
511,83.01674169999933,-26.6875,-7.812029838562012,49.90625,26.6875,2.562969923019409,,,,,,,
512,83.18032849999963,-39.1875,-11.794254302978516,52.375,39.1875,2.018245220184326,,,,,,,
513,83.3408400999997,-28.71875,-7.049266338348389,50.40625,28.71875,2.1382336616516113,,,,,,,
514,83.50435759999982,-27.859375,-11.121543884277344,39.96875,27.859375,1.5034557580947876,,,,,,,
515,83.6658867999995,-22.328125,-11.161622047424316,36.46875,22.328125,1.8383783102035522,,,,,,,
516,83.82819969999946,-27.6875,-11.648777961730957,38.40625,27.6875,1.6637223958969116,,,,,,,
517,84.00121429999945,-28.28125,-10.935295104980469,45.875,28.28125,1.5959548950195312,,,,,,,
518,84.1680125999992,-24.0,-11.603421211242676,42.28125,24.0,2.255953550338745,,,,,,,
519,84.32769769999959,-26.71875,-10.8004150390625,36.8125,26.71875,1.3558346033096313,,,,,,,
520,84.49210359999961,-27.421875,-11.093937873840332,38.15625,27.421875,1.7185618877410889,,,1.4024509191513062,0.0994456335902214,1.273680329322815,1.394810676574707,1.5612668991088867
521,84.65146399999958,-21.9375,-10.361174583435059,41.65625,21.9375,1.6388251781463623,,,,,,,
522,84.81509919999917,-18.484375,-11.034751892089844,30.59375,18.484375,2.1996235847473145,,,,,,,
523,84.97684519999984,-20.90625,-9.744306564331055,37.8125,20.90625,2.380692958831787,,,,,,,
524,85.14107160000003,-20.59375,-11.700547218322754,29.484375,20.59375,1.5807030200958252,,,,,,,
525,85.3029848999995,-26.453125,-10.883109092712402,41.1875,26.453125,1.7418910264968872,,,,,,,
526,85.46338829999968,-28.53125,-10.097101211547852,31.4375,28.53125,1.7935242652893066,,,,,,,
527,85.62332499999957,-26.140625,-11.962324142456055,35.09375,26.140625,1.6001754999160767,,,,,,,
528,85.78382359999978,-16.375,-11.822853088378906,37.625,16.375,1.9583966732025146,,,,,,,
529,85.94432819999929,-15.6796875,-10.365041732788086,27.171875,15.6796875,1.8146461248397827,,,,,,,
530,86.10942419999992,-33.53125,-12.346466064453125,45.4375,33.53125,1.9660342931747437,,,,,,,
531,86.27023029999964,-11.9609375,-12.44777774810791,32.34375,11.9609375,2.520972490310669,,,,,,,
532,86.4307732999996,-8.765625,-13.273059844970703,23.3125,8.765625,3.242565393447876,,,,,,,
533,86.59539899999982,-22.3125,-7.72072696685791,28.046875,22.3125,2.1542727947235107,,,,,,,
534,86.75450449999971,-21.90625,-10.381305694580078,35.15625,21.90625,1.2593196630477905,,,,,,,
535,86.91621659999964,-14.5546875,-10.508697509765625,21.78125,14.5546875,2.264740467071533,,,,,,,
536,87.07906989999992,-10.1640625,-10.138442039489746,31.96875,10.1640625,3.142807722091675,,,,,,,
537,87.24057749999974,-25.953125,-10.862555503845215,34.71875,25.953125,1.3561946153640747,,,,,,,
538,87.40187349999997,-20.375,-9.595579147338867,38.28125,20.375,1.9512957334518433,,,,,,,
539,87.56268049999926,-21.75,-10.355697631835938,46.59375,21.75,2.8630523681640625,,,,,,,
540,87.72904699999981,-31.09375,-9.970681190490723,41.59375,31.09375,2.0918188095092773,,,1.4430887699127197,0.11337690055370331,1.2976800203323364,1.4226160049438477,1.647481918334961
541,87.9107540999994,-13.9296875,-12.568763732910156,28.390625,13.9296875,1.9859235286712646,,,,,,,
542,88.07321950000005,-14.359375,-9.993038177490234,26.25,14.359375,1.6788372993469238,,,,,,,
543,88.23507789999985,-16.515625,-10.216545104980469,29.0625,16.515625,1.2990802526474,,,,,,,
544,88.39552749999984,-18.296875,-10.529117584228516,30.1875,18.296875,1.9708824157714844,,,,,,,
545,88.55645529999947,-7.453125,-11.622541427612305,26.578125,7.453125,2.088395595550537,,,,,,,
546,88.71654519999993,-15.9765625,-11.54975700378418,23.40625,15.9765625,1.4893057346343994,,,,,,,
547,88.87840799999958,-13.4296875,-9.930825233459473,24.703125,13.4296875,1.733237624168396,,,,,,,
548,89.03820649999943,-13.21875,-9.749818801879883,19.0,13.21875,1.8517440557479858,,,,,,,
549,89.19997899999998,-24.0,-11.264228820800781,31.734375,24.0,1.9388961791992188,,,,,,,
550,89.36903269999948,-6.05859375,-12.642803192138672,26.34375,6.05859375,2.1228222846984863,,,,,,,
551,89.54443749999973,-12.8125,-11.847838401794434,19.171875,12.8125,1.5740368366241455,,,,,,,
552,89.71892630000002,-15.0078125,-11.578922271728516,26.171875,15.0078125,2.0148274898529053,,,,,,,
553,89.89374729999963,-21.640625,-9.0177640914917,29.984375,21.640625,1.4978610277175903,,,,,,,
554,90.07740459999968,-7.94921875,-12.633394241333008,25.375,7.94921875,1.9837934970855713,,,,,,,
555,90.23848449999969,-12.5078125,-10.369658470153809,22.203125,12.5078125,1.6615915298461914,,,,,,,
556,90.4011316999995,-26.421875,-11.261039733886719,39.6875,26.421875,2.332709789276123,,,,,,,
557,90.56683780000003,-14.7265625,-8.447829246520996,31.390625,14.7265625,1.6927955150604248,,,,,,,
558,90.7294798999992,-10.7890625,-9.494288444519043,20.265625,10.7890625,2.115086555480957,,,,,,,
559,90.8903539999992,-14.5390625,-12.284955978393555,26.46875,14.5390625,1.5275436639785767,,,,,,,
560,91.05538290000004,-18.890625,-9.9331636428833,26.828125,18.890625,1.9887112379074097,,,1.4306085109710693,0.11596321314573288,1.285799264907837,1.417877435684204,1.6593480110168457
561,91.21779719999995,-18.234375,-10.932232856750488,29.109375,18.234375,1.7708919048309326,,,,,,,
562,91.37808369999948,-11.5703125,-8.619848251342773,17.6875,11.5703125,1.8020265102386475,,,,,,,
563,91.54248239999924,-17.296875,-10.294821739196777,29.5625,17.296875,1.439552903175354,,,,,,,
564,91.7131615999997,-24.734375,-8.985198974609375,25.9375,24.734375,2.631988525390625,,,,,,,
565,91.88236859999961,-12.3515625,-9.50040340423584,19.296875,12.3515625,1.3120967149734497,,,,,,,
566,92.0454880999996,-14.4921875,-10.194952964782715,25.109375,14.4921875,1.031609296798706,,,,,,,
567,92.20869449999918,-9.3515625,-12.12693977355957,23.890625,9.3515625,2.5058727264404297,,,,,,,
568,92.3719315999997,-20.546875,-11.579708099365234,35.59375,20.546875,1.8265421390533447,,,,,,,
569,92.53498259999924,-28.578125,-11.446462631225586,32.375,28.578125,1.553537368774414,,,,,,,
570,92.69755480000003,-23.40625,-8.939571380615234,27.765625,23.40625,2.0135533809661865,,,,,,,
571,92.86012929999924,-17.96875,-11.096186637878418,36.28125,17.96875,1.638188123703003,,,,,,,
572,93.0258033,-11.0234375,-9.70311164855957,25.609375,11.0234375,2.140638589859009,,,,,,,
573,93.18780399999923,-14.8359375,-10.436945915222168,27.046875,14.8359375,1.5708667039871216,,,,,,,
574,93.35200170000007,-14.8984375,-11.320383071899414,28.765625,14.8984375,1.3358670473098755,,,,,,,
575,93.5140179,-22.71875,-10.578109741210938,28.59375,22.71875,1.7343904972076416,,,,,,,
576,93.67558779999945,-11.7890625,-8.598934173583984,15.7265625,11.7890625,1.6666910648345947,,,,,,,
577,93.83343679999962,-16.171875,-11.298624038696289,26.78125,16.171875,1.4670014381408691,,,,,,,
578,93.9925719999992,-4.703125,-10.031670570373535,19.4375,4.703125,1.5777040719985962,,,,,,,
579,94.15108689999943,-12.8828125,-9.713521957397461,20.546875,12.8828125,2.059915065765381,,,,,,,
580,94.31333229999927,-15.8046875,-9.076728820800781,22.28125,15.8046875,2.1420207023620605,,,1.4424797296524048,0.13569705188274384,1.2836190462112427,1.4269731044769287,1.698391318321228
581,94.47311399999944,-14.3828125,-8.31179428100586,26.78125,14.3828125,2.0163309574127197,,,,,,,
582,94.64485289999993,-26.828125,-10.056739807128906,47.5625,26.828125,2.5370097160339355,,,,,,,
583,94.80349380000007,-10.3671875,-11.541629791259766,21.171875,10.3671875,1.6068077087402344,,,,,,,
584,94.96538059999966,-16.859375,-11.912981986999512,31.09375,16.859375,1.5870180130004883,,,,,,,
585,95.12360629999966,-12.6328125,-9.278360366821289,26.9375,12.6328125,1.9247645139694214,,,,,,,
586,95.2844728,-4.48046875,-8.94346809387207,18.140625,4.48046875,1.572156548500061,,,,,,,
587,95.44701149999946,-2.763671875,-11.004520416259766,13.640625,2.763671875,2.0579793453216553,,,,,,,
588,95.60571919999984,-18.96875,-9.60728645324707,30.34375,18.96875,1.2520880699157715,,,,,,,
589,95.76637529999971,-13.3125,-9.394479751586914,27.640625,13.3125,1.1836451292037964,,,,,,,
590,95.9290177999992,-5.8046875,-11.242301940917969,20.953125,5.8046875,1.9373856782913208,,,,,,,
591,96.08873309999944,-21.609375,-10.508770942687988,31.375,21.609375,1.2099790573120117,,,,,,,
592,96.24952719999965,-12.8203125,-10.29374885559082,24.546875,12.8203125,1.823439121246338,,,,,,,
593,96.40862209999977,-18.09375,-10.032791137695312,25.25,18.09375,1.467208743095398,,,,,,,
594,96.56905919999917,-12.3671875,-11.533105850219727,30.8125,12.3671875,1.9043940305709839,,,,,,,
595,96.7304822999995,-3.888671875,-11.518097877502441,21.609375,3.888671875,1.7397143840789795,,,,,,,
596,96.88917549999951,-15.3671875,-8.37898063659668,21.125,15.3671875,1.1288321018218994,,,,,,,
597,97.05401929999971,-20.046875,-10.588288307189941,31.765625,20.046875,1.614836573600769,,,,,,,
598,97.21501069999977,-15.1640625,-10.019554138183594,21.46875,15.1640625,1.0116955041885376,,,,,,,
599,97.37541319999946,-18.9375,-10.18852424621582,25.171875,18.9375,1.163038730621338,,,,,,,
600,97.54072199999973,-10.9609375,-9.62454605102539,22.328125,10.9609375,1.8676410913467407,,,1.4169280529022217,0.1137329563498497,1.2794967889785767,1.3798755407333374,1.654373288154602
601,97.70215849999931,-12.1015625,-9.588174819946289,27.296875,12.1015625,1.6461998224258423,,,,,,,
602,97.86152549999952,-15.4375,-10.726584434509277,26.5625,15.4375,1.5937280654907227,,,,,,,
603,98.02329370000007,-8.46875,-9.946764945983887,24.9375,8.46875,1.9751098155975342,,,,,,,
604,98.18293449999965,-11.734375,-10.115645408630371,28.125,11.734375,1.587479591369629,,,,,,,
605,98.34568349999972,-18.734375,-9.817848205566406,30.390625,18.734375,1.9165271520614624,,,,,,,
606,98.50538629999937,-1.53515625,-10.372097969055176,16.921875,1.53515625,1.2060270309448242,,,,,,,
607,98.66631319999942,-10.15625,-10.35374641418457,21.84375,10.15625,1.5212535858154297,,,,,,,
608,98.82833089999986,-15.90625,-10.14122200012207,26.25,15.90625,1.8197152614593506,,,,,,,
609,98.99126399999932,1.9482421875,-9.97700309753418,13.6484375,-1.9482421875,1.5151844024658203,,,,,,,
610,99.15075720000004,-1.72265625,-8.023706436157227,16.65625,1.72265625,1.7184805870056152,,,,,,,
611,99.31151979999959,-18.71875,-9.275175094604492,27.703125,18.71875,2.006074905395508,,,,,,,
612,99.47346899999957,-7.328125,-10.660923957824707,20.3125,7.328125,1.2609508037567139,,,,,,,
613,99.63318329999947,-7.90625,-8.556917190551758,22.578125,7.90625,1.8805832862854004,,,,,,,
614,99.79603569999927,-15.78125,-10.857904434204102,29.28125,15.78125,1.8920958042144775,,,,,,,
615,99.95547299999998,-11.2890625,-10.196419715881348,23.3125,11.2890625,1.5692049264907837,,,,,,,
616,100.11823629999981,-5.671875,-9.80769157409668,19.15625,5.671875,1.6454333066940308,,,,,,,
617,100.27950669999973,-3.591796875,-10.789213180541992,18.75,3.591796875,1.421724557876587,,,,,,,
618,100.44187719999991,-7.87109375,-10.658490180969238,21.203125,7.87109375,1.3493225574493408,,,,,,,
619,100.60307779999948,-13.0546875,-10.074942588806152,14.9296875,13.0546875,1.6516199111938477,,,,,,,
620,100.76408959999935,-7.6640625,-9.871930122375488,20.578125,7.6640625,2.0265073776245117,,,1.4382646083831787,0.10283420234918594,1.3021361827850342,1.4231433868408203,1.6358493566513062
621,100.92512979999992,-4.99609375,-10.539594650268555,19.6875,4.99609375,1.3666555881500244,,,,,,,
622,101.08445119999942,-14.21875,-10.198382377624512,22.4375,14.21875,1.6453678607940674,,,,,,,
623,101.24864119999984,-20.46875,-10.114991188049316,30.46875,20.46875,2.7287590503692627,,,,,,,
624,101.41140689999975,-12.34375,-9.616329193115234,16.578125,12.34375,1.0711711645126343,,,,,,,
625,101.57214729999941,-24.28125,-11.370382308959961,31.6875,24.28125,1.0827423334121704,,,,,,,
626,101.73581939999985,-9.3515625,-9.62182331085205,17.453125,9.3515625,1.2375514507293701,,,,,,,
627,101.89535019999948,-3.205078125,-8.444022178649902,14.8671875,3.205078125,1.8294153213500977,,,,,,,
628,102.05360179999934,-11.2109375,-10.562446594238281,19.4375,11.2109375,1.328178882598877,,,,,,,
629,102.21375309999985,-14.3671875,-10.02186107635498,24.125,14.3671875,1.204701542854309,,,,,,,
630,102.37546769999972,-4.3203125,-10.507248878479004,13.8359375,4.3203125,1.2349388599395752,,,,,,,
631,102.53504789999988,-3.6328125,-12.311853408813477,21.125,3.6328125,1.7350218296051025,,,,,,,
632,102.69460959999924,-13.7734375,-9.835474967956543,25.765625,13.7734375,1.2582752704620361,,,,,,,
633,102.85436949999985,-17.21875,-10.430521965026855,23.671875,17.21875,1.0460408926010132,,,,,,,
634,103.01857539999946,-4.3203125,-10.66145133972168,22.75,4.3203125,2.2604238986968994,,,,,,,
635,103.17814969999927,-11.765625,-6.268582344055176,22.671875,11.765625,1.5986051559448242,,,,,,,
636,103.3385675999998,-18.328125,-9.308281898498535,33.21875,18.328125,1.4573429822921753,,,,,,,
637,103.51775439999983,-4.01953125,-10.538827896118164,23.046875,4.01953125,1.2111722230911255,,,,,,,
638,103.67879849999917,-23.0,-10.909111022949219,30.3125,23.0,1.9033894538879395,,,,,,,
639,103.8374976999994,-1.2021484375,-8.634990692138672,20.171875,1.2021484375,1.3259472846984863,,,,,,,
640,103.99918869999965,-12.953125,-10.779899597167969,25.625,12.953125,1.3138508796691895,,,1.3501496315002441,0.09370362013578415,1.2357025146484375,1.3311841487884521,1.5660854578018188
641,104.16155660000004,-17.6875,-9.800223350524902,24.84375,17.6875,1.0904014110565186,,,,,,,
642,104.32335569999941,-13.4296875,-9.073288917541504,22.5,13.4296875,1.2470234632492065,,,,,,,
643,104.48273219999919,-2.91796875,-10.166224479675293,19.421875,2.91796875,1.5290881395339966,,,,,,,
644,104.64515089999986,-10.6796875,-8.818881034851074,23.203125,10.6796875,2.1186187267303467,,,,,,,
645,104.80506029999924,-7.05859375,-7.368614673614502,11.328125,7.05859375,1.404822826385498,,,,,,,
646,104.96515499999987,-22.375,-10.483141899108887,34.25,22.375,1.7199828624725342,,,,,,,
647,105.13155519999964,-23.796875,-8.428354263305664,30.234375,23.796875,1.2903954982757568,,,,,,,
648,105.29300989999956,-2.6015625,-11.024681091308594,23.046875,2.6015625,1.553443431854248,,,,,,,
649,105.45617099999981,-15.7890625,-9.886281967163086,18.203125,15.7890625,1.4340307712554932,,,,,,,
650,105.62040629999956,-10.078125,-7.934017658233643,27.6875,10.078125,1.6128573417663574,,,,,,,
651,105.78075679999984,-11.4296875,-9.628824234008789,24.84375,11.4296875,0.9180504083633423,,,,,,,
652,105.94177409999975,-18.078125,-7.815053939819336,25.765625,18.078125,1.4818209409713745,,,,,,,
653,106.10185129999991,-6.0859375,-9.654911994934082,20.78125,6.0859375,1.118525505065918,,,,,,,
654,106.26711410000007,-31.8125,-12.772232055664062,40.5,31.8125,2.1183927059173584,,,,,,,
655,106.4299175999995,-5.87109375,-10.092438697814941,14.4921875,5.87109375,1.3684988021850586,,,,,,,
656,106.58977819999927,-1.46484375,-8.648909568786621,14.515625,1.46484375,1.4292155504226685,,,,,,,
657,106.77976390000003,-10.09375,-9.097753524780273,18.859375,10.09375,1.8163090944290161,,,,,,,
658,106.9400898999993,-11.3125,-8.764270782470703,18.921875,11.3125,1.0794788599014282,,,,,,,
659,107.10896619999949,-13.0859375,-9.44232177734375,16.734375,13.0859375,1.1826778650283813,,,,,,,
660,107.27307419999943,-7.42578125,-7.624778747558594,24.09375,7.42578125,1.6408464908599854,,,1.376558780670166,0.14929208159446716,1.2070329189300537,1.3303337097167969,1.657959222793579
661,107.43431359999977,-8.9765625,-10.368173599243164,15.9921875,8.9765625,1.4912009239196777,,,,,,,
662,107.60224329999983,-15.9453125,-10.190832138061523,25.359375,15.9453125,1.348230242729187,,,,,,,
663,107.76490599999943,-7.59765625,-10.136109352111816,21.09375,7.59765625,1.2545156478881836,,,,,,,
664,107.92697309999949,-18.359375,-7.533843517303467,22.40625,18.359375,1.7786563634872437,,,,,,,
665,108.0896402999997,-7.76953125,-8.791933059692383,20.453125,7.76953125,1.1533797979354858,,,,,,,
666,108.25057469999956,-6.0859375,-9.909178733825684,16.984375,6.0859375,1.7158210277557373,,,,,,,
667,108.40986819999944,-21.609375,-9.623485565185547,30.046875,21.609375,1.9546396732330322,,,,,,,
668,108.57089049999922,-17.734375,-11.015382766723633,26.5625,17.734375,1.445554494857788,,,,,,,
669,108.73317689999931,-10.1484375,-9.06080436706543,20.90625,10.1484375,1.6657581329345703,,,,,,,
670,108.89800429999923,-15.5234375,-9.508222579956055,26.46875,15.5234375,1.0074025392532349,,,,,,,
671,109.05966059999992,-17.703125,-8.994174003601074,22.3125,17.703125,1.4823888540267944,,,,,,,
672,109.22125319999941,-5.4375,-10.8770170211792,17.515625,5.4375,1.6229832172393799,,,,,,,
673,109.37980659999994,-21.171875,-9.222310066223145,26.34375,21.171875,1.6839395761489868,,,,,,,
674,109.54481709999982,-17.5625,-8.707332611083984,31.359375,17.5625,1.2145427465438843,,,,,,,
675,109.71026469999924,-12.7421875,-9.926979064941406,26.640625,12.7421875,1.354271411895752,,,,,,,
676,109.8806113999999,-5.30078125,-8.75821304321289,15.3359375,5.30078125,1.9136618375778198,,,,,,,
677,110.04282519999924,-10.625,-10.706432342529297,27.828125,10.625,0.9966926574707031,,,,,,,
678,110.20336429999952,-4.36328125,-8.26002025604248,13.9375,4.36328125,1.2556051015853882,,,,,,,
679,110.36487189999934,-8.3515625,-9.647383689880371,19.0625,8.3515625,1.2823034524917603,,,,,,,
680,110.53014199999961,-5.8046875,-9.85222053527832,20.390625,5.8046875,1.0149672031402588,,,1.303650140762329,0.09640202671289444,1.1658433675765991,1.299155592918396,1.4722176790237427
681,110.69219869999961,-6.98046875,-6.649559020996094,14.109375,6.98046875,1.4129410982131958,,,,,,,
682,110.85235829999965,-10.90625,-9.714847564697266,19.03125,10.90625,1.2539023160934448,,,,,,,
683,111.01139979999971,-16.375,-7.992431163787842,26.421875,16.375,1.5856939554214478,,,,,,,
684,111.17288539999936,-1.7265625,-7.130682945251465,14.390625,1.7265625,1.6036921739578247,,,,,,,
685,111.33441969999967,-16.265625,-8.960256576538086,19.609375,16.265625,1.3053689002990723,,,,,,,
686,111.49486389999947,-18.796875,-10.423547744750977,34.65625,18.796875,2.0295772552490234,,,,,,,
687,111.65640409999924,-10.3984375,-9.604493141174316,24.953125,10.3984375,1.3251947164535522,,,,,,,
688,111.81694040000002,-20.234375,-8.730592727661133,24.015625,20.234375,1.1444075107574463,,,,,,,
689,111.9768424999993,-13.4375,-9.627620697021484,20.875,13.4375,1.9505047798156738,,,,,,,
690,112.13900039999953,-19.046875,-9.60097885131836,30.84375,19.046875,1.3990209102630615,,,,,,,
691,112.30177000000003,-21.0625,-9.705488204956055,29.71875,21.0625,1.310136318206787,,,,,,,
692,112.46335539999927,-4.40234375,-7.470818042755127,14.4296875,4.40234375,1.310431957244873,,,,,,,
693,112.62701399999969,-12.4609375,-10.838394165039062,19.15625,12.4609375,1.3725430965423584,,,,,,,
694,112.78778199999942,-2.41796875,-10.418715476989746,20.609375,2.41796875,1.409409761428833,,,,,,,
695,112.9509266999994,-11.3359375,-9.617172241210938,23.0625,11.3359375,1.3125157356262207,,,,,,,
696,113.12894269999924,-16.453125,-9.58668041229248,29.953125,16.453125,1.8351942300796509,,,,,,,
697,113.28977279999981,-12.4921875,-9.374443054199219,18.734375,12.4921875,1.398993968963623,,,,,,,
698,113.45509270000002,-11.7265625,-7.207511901855469,25.03125,11.7265625,2.1674883365631104,,,,,,,
699,113.61874929999976,-15.578125,-9.376066207885742,22.03125,15.578125,0.9833085536956787,,,,,,,
700,113.7808299999997,-11.5859375,-10.246173858642578,28.796875,11.5859375,1.80070161819458,,,1.4080536365509033,0.11645752936601639,1.2092479467391968,1.3891942501068115,1.558134913444519
701,113.94056909999927,-12.7734375,-8.672544479370117,29.078125,12.7734375,1.7649550437927246,,,,,,,
702,114.10221219999949,-18.625,-9.51509952545166,28.53125,18.625,1.2661503553390503,,,,,,,
703,114.2630339999996,-17.46875,-9.931681632995605,23.40625,17.46875,1.302693486213684,,,,,,,
704,114.42444629999954,-12.5859375,-9.636828422546387,28.28125,12.5859375,1.4412964582443237,,,,,,,
705,114.58579349999945,-12.40625,-8.549820899963379,22.65625,12.40625,1.5126794576644897,,,,,,,
706,114.74840939999922,-16.609375,-8.90749740600586,21.625,16.609375,1.4675021171569824,,,,,,,
707,114.91079949999948,-17.984375,-9.74548053741455,34.03125,17.984375,1.3326443433761597,,,,,,,
708,115.07450879999942,-6.98828125,-10.490578651428223,24.984375,6.98828125,1.618796467781067,,,,,,,
709,115.23598820000007,-19.703125,-9.035009384155273,23.078125,19.703125,1.2306151390075684,,,,,,,
710,115.39807969999947,-15.3671875,-9.534948348999023,23.0,15.3671875,1.1213017702102661,,,,,,,
711,115.55907549999938,-11.4921875,-10.384177207946777,22.90625,11.4921875,1.3111352920532227,,,,,,,
712,115.72116189999997,-9.546875,-10.315479278564453,21.828125,9.546875,1.1845204830169678,,,,,,,
713,115.8810668999995,-17.28125,-9.16171932220459,25.796875,17.28125,1.5023434162139893,,,,,,,
714,116.04580709999937,-11.0625,-7.506983757019043,36.9375,11.0625,1.805516004562378,,,,,,,
715,116.20581409999977,-15.5390625,-8.652328491210938,26.078125,15.5390625,1.4257965087890625,,,,,,,
716,116.36780429999999,-18.34375,-8.954351425170898,21.546875,18.34375,1.5534613132476807,,,,,,,
717,116.5292671999996,-11.109375,-8.550168991088867,21.640625,11.109375,1.4576433897018433,,,,,,,
718,116.6899985,-1.6171875,-10.270445823669434,20.6875,1.6171875,1.4248666763305664,,,,,,,
719,116.8480213999992,-13.78125,-9.032437324523926,28.1875,13.78125,1.2019377946853638,,,,,,,
720,117.01023889999942,-19.25,-8.887514114379883,30.5625,19.25,1.0968612432479858,,,1.3156483173370361,0.10026071965694427,1.1712361574172974,1.3157374858856201,1.4723836183547974
721,117.17444749999959,-15.734375,-7.096218109130859,16.765625,15.734375,1.8569066524505615,,,,,,,
722,117.33775249999962,-2.4140625,-8.313940048217773,11.953125,2.4140625,0.8266854286193848,,,,,,,
723,117.49941709999985,-12.9140625,-9.106813430786133,23.234375,12.9140625,1.244748592376709,,,,,,,
724,117.68446539999968,-21.296875,-8.664742469787598,28.015625,21.296875,1.3977574110031128,,,,,,,
725,117.84393,-14.765625,-10.857464790344238,23.109375,14.765625,1.3378477096557617,,,,,,,
726,118.00277329999972,-7.34375,-8.930380821228027,18.0,7.34375,1.1477445363998413,,,,,,,
727,118.16360069999973,-19.078125,-8.619283676147461,26.921875,19.078125,1.380716323852539,,,,,,,
728,118.32597420000002,-11.296875,-8.902092933654785,22.25,11.296875,0.9182197451591492,,,,,,,
729,118.4873762999996,-26.3125,-9.81547737121582,33.40625,26.3125,1.0438977479934692,,,,,,,
730,118.64678729999923,-13.078125,-7.999607086181641,24.015625,13.078125,1.1332051753997803,,,,,,,
731,118.80800060000001,-13.09375,-9.053211212158203,14.515625,13.09375,1.4467887878417969,,,,,,,
732,118.96824319999996,-7.40625,-9.451669692993164,16.5,7.40625,1.2514554262161255,,,,,,,
733,119.1299169999993,-15.5625,-6.613309860229492,29.25,15.5625,1.7148151397705078,,,,,,,
734,119.30245809999997,-7.62890625,-8.300832748413086,20.765625,7.62890625,1.1054168939590454,,,,,,,
735,119.4753114999994,-12.5546875,-9.73012924194336,20.78125,12.5546875,1.0276837348937988,,,,,,,
736,119.64397609999924,-16.734375,-8.224855422973633,27.046875,16.734375,1.2282700538635254,,,,,,,
737,119.81899229999999,-21.765625,-9.834535598754883,30.53125,21.765625,1.2123394012451172,,,,,,,
738,119.98716869999953,-15.765625,-9.644584655761719,18.1875,15.765625,1.527289867401123,,,,,,,
739,120.14938469999925,-15.1796875,-9.579266548156738,29.71875,15.1796875,1.0926085710525513,,,,,,,
740,120.3144327,-11.5859375,-8.660079002380371,20.140625,11.5859375,1.5352338552474976,,,1.383643627166748,0.07962999492883682,1.2678980827331543,1.373350977897644,1.5288830995559692
741,120.4780570999992,-19.046875,-10.131351470947266,29.5625,19.046875,1.5092735290527344,,,,,,,
742,120.64341689999947,-17.234375,-11.957148551940918,31.546875,17.234375,2.480351448059082,,,,,,,
743,120.80766649999987,-20.8125,-8.509708404541016,28.75,20.8125,1.1465415954589844,,,,,,,
744,120.97460939999928,-19.1875,-10.238527297973633,29.328125,19.1875,0.9958474636077881,,,,,,,
745,121.13711469999998,-17.40625,-8.005789756774902,29.171875,17.40625,1.3067102432250977,,,,,,,
746,121.29751269999997,-17.125,-9.36653995513916,26.171875,17.125,1.0943979024887085,,,,,,,
747,121.45887179999954,-14.6875,-8.913164138793945,24.53125,14.6875,1.047773003578186,,,,,,,
748,121.6233616999998,-24.765625,-9.810226440429688,35.875,24.765625,0.9866487979888916,,,,,,,
749,121.79045789999964,-20.546875,-10.269281387329102,28.015625,20.546875,1.1838438510894775,,,,,,,
750,121.95528099999956,-15.765625,-8.862664222717285,29.578125,15.765625,1.3717105388641357,,,,,,,
751,122.11608759999945,-14.9765625,-9.004758834838867,28.125,14.9765625,1.2608659267425537,,,,,,,
752,122.27746789999946,-17.140625,-8.592822074890137,26.609375,17.140625,1.0946780443191528,,,,,,,
753,122.43857129999924,-14.6015625,-8.865299224853516,25.578125,14.6015625,1.1581382751464844,,,,,,,
754,122.60132049999993,-15.0625,-9.782177925109863,26.640625,15.0625,1.4912593364715576,,,,,,,
755,122.7633707999994,-16.484375,-7.764835357666016,26.546875,16.484375,1.5789148807525635,,,,,,,
756,122.92567959999997,-16.5625,-7.96164083480835,26.84375,16.5625,1.44460928440094,,,,,,,
757,123.0877262999993,-24.328125,-12.061592102050781,30.5,24.328125,1.31340754032135,,,,,,,
758,123.24917339999956,-19.84375,-9.342991828918457,31.859375,19.84375,1.3132578134536743,,,,,,,
759,123.41063119999944,-18.765625,-8.19907283782959,28.53125,18.765625,1.1134270429611206,,,,,,,
760,123.5763422,-10.6015625,-9.547161102294922,22.609375,10.6015625,1.460651159286499,,,1.373823881149292,0.07950359582901001,1.2562003135681152,1.3703449964523315,1.5154203176498413
761,123.74118509999971,-20.625,-8.671073913574219,29.765625,20.625,0.9383008480072021,,,,,,,
762,123.90205369999967,-17.046875,-7.9752197265625,36.5,17.046875,1.087280035018921,,,,,,,
763,124.06533049999962,-9.125,-8.863226890563965,29.765625,9.125,1.1055229902267456,,,,,,,
764,124.22412529999929,-17.59375,-9.361457824707031,30.375,17.59375,1.7010424137115479,,,,,,,
765,124.38525389999995,-6.53125,-9.658559799194336,28.84375,6.53125,1.0914398431777954,,,,,,,
766,124.54706399999941,-15.21875,-9.07053279876709,24.859375,15.21875,1.1638422012329102,,,,,,,
767,124.7082647999996,-27.09375,-7.216494560241699,32.90625,27.09375,1.4866306781768799,,,,,,,
768,124.86879939999926,-22.6875,-8.446975708007812,32.53125,22.6875,1.412399411201477,,,,,,,
769,125.02928809999958,-18.171875,-10.241852760314941,32.125,18.171875,1.00814688205719,,,,,,,
770,125.18878459999996,-12.8203125,-9.027718544006348,25.71875,12.8203125,1.2379062175750732,,,,,,,
771,125.40775379999923,-14.5390625,-8.349469184875488,24.59375,14.5390625,1.2677186727523804,,,,,,,
772,125.56743809999989,-8.625,-7.497771263122559,22.15625,8.625,1.4944159984588623,,,,,,,
773,125.72593479999978,-28.171875,-8.96922779083252,35.0625,28.171875,1.6245222091674805,,,,,,,
774,125.88493649999964,-16.125,-8.358795166015625,22.890625,16.125,1.109955072402954,,,,,,,
775,126.0450764999996,-8.09375,-10.104276657104492,22.1875,8.09375,1.473848581314087,,,,,,,
776,126.2055249999994,-15.046875,-8.420577049255371,29.53125,15.046875,1.173172950744629,,,,,,,
777,126.36882479999986,-21.078125,-9.244802474975586,24.484375,21.078125,1.1848853826522827,,,,,,,
778,126.53093999999965,-16.0625,-7.4072041511535645,35.96875,16.0625,1.5771708488464355,,,,,,,
779,126.69342830000005,-13.1015625,-9.475335121154785,21.9375,13.1015625,1.4231020212173462,,,,,,,
780,126.85424039999998,-21.328125,-10.173137664794922,31.578125,21.328125,1.4049874544143677,,,1.3581817150115967,0.11047452688217163,1.2109929323196411,1.3580032587051392,1.5379012823104858
781,127.0129264999996,-25.0625,-9.347891807556152,41.34375,25.0625,1.1208581924438477,,,,,,,
782,127.17171830000007,-21.84375,-7.75398588180542,30.8125,21.84375,1.18351411819458,,,,,,,
783,127.33823689999917,-27.96875,-9.031098365783691,36.1875,27.96875,1.6095266342163086,,,,,,,
784,127.50002389999918,-16.96875,-8.7158203125,24.234375,16.96875,1.3466793298721313,,,,,,,
785,127.66316969999934,-18.609375,-10.248767852783203,21.234375,18.609375,1.3840442895889282,,,,,,,
786,127.82422399999996,-18.984375,-8.825749397277832,27.515625,18.984375,1.1430002450942993,,,,,,,
787,127.9856577999999,-17.640625,-8.469022750854492,26.828125,17.640625,1.296602725982666,,,,,,,
788,128.1451717,-17.078125,-10.196989059448242,28.296875,17.078125,1.1311357021331787,,,,,,,
789,128.30493079999997,-29.453125,-9.042620658874512,39.53125,29.453125,1.5511295795440674,,,,,,,
790,128.4665385999997,-14.40625,-8.53770637512207,23.578125,14.40625,0.8919811248779297,,,,,,,
791,128.62809019999986,-3.16796875,-8.340816497802734,25.78125,3.16796875,1.2685582637786865,,,,,,,
792,128.79026669999985,-20.640625,-10.666960716247559,32.3125,20.640625,1.81741464138031,,,,,,,
793,128.95005429999947,-21.546875,-8.292402267456055,34.59375,21.546875,1.1763476133346558,,,,,,,
794,129.11123119999957,-24.890625,-9.269312858581543,37.71875,24.890625,1.402561902999878,,,,,,,
795,129.27179029999934,-23.5625,-8.023344039916992,36.125,23.5625,1.2110309600830078,,,,,,,
796,129.4310788999992,-18.140625,-6.2270731925964355,27.203125,18.140625,1.429176926612854,,,,,,,
797,129.59251529999983,-20.375,-7.544754981994629,33.3125,20.375,1.0021202564239502,,,,,,,
798,129.75496629999998,-19.1875,-8.194052696228027,25.96875,19.1875,1.1965726613998413,,,,,,,
799,129.91430369999944,-21.6875,-11.651901245117188,34.40625,21.6875,1.941848874092102,,,,,,,
800,130.07688249999956,-10.984375,-6.32830286026001,21.390625,10.984375,1.3357597589492798,,,1.3527071475982666,0.09577963501214981,1.2218525409698486,1.354867935180664,1.494396686553955
801,130.23809959999926,-13.1171875,-9.124300956726074,29.703125,13.1171875,1.0631986856460571,,,,,,,
802,130.4009231,-22.171875,-9.013999938964844,31.046875,22.171875,0.9860001802444458,,,,,,,
803,130.56309509999937,-14.8359375,-7.475560188293457,24.46875,14.8359375,1.1416270732879639,,,,,,,
804,130.72312539999984,-18.640625,-8.911575317382812,28.171875,18.640625,1.1665499210357666,,,,,,,
805,130.88131219999923,-12.34375,-9.199026107788086,28.09375,12.34375,1.5353491306304932,,,,,,,
806,131.04496070000005,-14.7734375,-9.310880661010742,23.5,14.7734375,1.3609938621520996,,,,,,,
807,131.20380009999917,-14.5703125,-9.921265602111816,24.859375,14.5703125,1.6646718978881836,,,,,,,
808,131.37110639999992,-22.96875,-9.967865943908691,33.03125,22.96875,1.06338369846344,,,,,,,
809,131.53362819999984,-19.90625,-8.731993675231934,29.140625,19.90625,1.0648815631866455,,,,,,,
810,131.69344899999942,-19.03125,-8.665517807006836,37.15625,19.03125,1.5532317161560059,,,,,,,
811,131.85208629999943,-30.734375,-6.452187538146973,36.0,30.734375,1.7353123426437378,,,,,,,
812,132.01404509999975,-24.21875,-7.916747093200684,37.8125,24.21875,1.5676281452178955,,,,,,,
813,132.17616159999943,-19.078125,-9.086788177490234,25.890625,19.078125,1.3897738456726074,,,,,,,
814,132.33690099999967,-11.7265625,-8.11716079711914,20.40625,11.7265625,1.3203388452529907,,,,,,,
815,132.4988534999993,-16.875,-10.201675415039062,33.09375,16.875,1.2827000617980957,,,,,,,
816,132.65819479999936,-17.34375,-7.552490234375,26.203125,17.34375,1.2443846464157104,,,,,,,
817,132.8184296999998,-33.6875,-10.182958602905273,43.0625,33.6875,1.5201665163040161,,,,,,,
818,132.9943835999993,-20.859375,-5.460990905761719,38.125,20.859375,1.8515092134475708,,,,,,,
819,133.15347380000003,-6.25,-10.036361694335938,15.109375,6.25,1.6198885440826416,,,,,,,
820,133.31449019999945,-22.390625,-9.857499122619629,32.125,22.390625,1.111250638961792,,,1.316556453704834,0.10448485612869263,1.158465027809143,1.3066526651382446,1.507262945175171
821,133.47882369999934,-13.6171875,-9.401040077209473,27.671875,13.6171875,1.2239596843719482,,,,,,,
822,133.64285519999976,-15.828125,-11.596212387084961,26.0625,15.828125,1.5365999937057495,,,,,,,
823,133.80267039999944,-16.015625,-9.3024320602417,28.46875,16.015625,1.2756925821304321,,,,,,,
824,133.96806219999962,-16.71875,-8.085140228271484,24.25,16.71875,1.4539217948913574,,,,,,,
825,134.12659559999975,-13.171875,-7.331064224243164,14.9375,13.171875,1.262686014175415,,,,,,,
826,134.28877209999973,-14.90625,-9.432790756225586,24.796875,14.90625,1.0281468629837036,,,,,,,
827,134.44978309999988,-9.8046875,-8.393023490905762,19.234375,9.8046875,1.1226016283035278,,,,,,,
828,134.61172249999981,-22.625,-8.39939022064209,27.75,22.625,1.0381100177764893,,,,,,,
829,134.77130849999958,-31.078125,-11.771149635314941,42.0,31.078125,1.5257257223129272,,,,,,,
830,134.9328644999996,-28.9375,-7.8430376052856445,37.5625,28.9375,1.3132121562957764,,,,,,,
831,135.0925841999997,-14.453125,-8.059882164001465,25.28125,14.453125,1.361992597579956,,,,,,,
832,135.25457489999917,-15.5234375,-8.93248176574707,26.09375,15.5234375,0.9893935918807983,,,,,,,
833,135.41402789999938,-18.6875,-9.546321868896484,33.40625,18.6875,2.3286776542663574,,,,,,,
834,135.57781449999948,-21.4375,-10.150349617004395,30.59375,21.4375,1.052775263786316,,,,,,,
835,135.73805559999983,-11.9921875,-8.600850105285645,22.734375,11.9921875,0.8757126331329346,,,,,,,
836,135.8988116999999,-22.375,-8.156532287597656,34.1875,22.375,1.2809672355651855,,,,,,,
837,136.06066139999984,-15.390625,-9.199177742004395,26.984375,15.390625,1.3320719003677368,,,,,,,
838,136.2208069999997,-19.375,-9.381242752075195,35.5625,19.375,1.2593820095062256,,,,,,,
839,136.38186809999934,-12.0859375,-8.053848266601562,29.3125,12.0859375,1.5086513757705688,,,,,,,
840,136.54392289999942,-16.34375,-9.35832691192627,29.265625,16.34375,1.1104227304458618,,,1.3188188076019287,0.09693723171949387,1.1709136962890625,1.3021042346954346,1.5191599130630493
841,136.70453779999934,-8.1953125,-6.942743301391602,23.125,8.1953125,1.4322566986083984,,,,,,,
842,136.86739839999973,-10.875,-8.814520835876465,24.015625,10.875,1.107353925704956,,,,,,,
843,137.02818209999987,-29.59375,-9.800159454345703,31.109375,29.59375,1.4029655456542969,,,,,,,
844,137.1901917999994,-16.890625,-8.844276428222656,27.078125,16.890625,1.0307239294052124,,,,,,,
845,137.35083349999968,-14.6640625,-6.684283256530762,34.15625,14.6640625,1.3938419818878174,,,,,,,
846,137.5171118999997,-23.734375,-10.771589279174805,25.78125,23.734375,1.4315356016159058,,,,,,,
847,137.67713989999993,-24.375,-9.024823188781738,31.921875,24.375,1.0689265727996826,,,,,,,
848,137.83774689999973,-13.921875,-8.9844388961792,24.171875,13.921875,1.2108734846115112,,,,,,,
849,137.99769299999934,-15.09375,-11.98042106628418,30.8125,15.09375,2.0977044105529785,,,,,,,
850,138.16029939999953,-15.4453125,-8.758034706115723,24.609375,15.4453125,1.1247780323028564,,,,,,,
851,138.32297019999987,-22.34375,-9.75502872467041,22.78125,22.34375,1.5574711561203003,,,,,,,
852,138.48431209999944,-21.375,-7.96997594833374,28.0,21.375,1.2018990516662598,,,,,,,
853,138.64345139999932,-14.5625,-9.155840873718262,27.171875,14.5625,1.0941587686538696,,,,,,,
854,138.8054304999996,-16.40625,-8.734003067016602,29.21875,16.40625,1.2659969329833984,,,,,,,
855,138.96734539999943,-20.3125,-8.593070030212402,32.78125,20.3125,1.5163052082061768,,,,,,,
856,139.1305528999992,-19.828125,-8.038423538208008,29.265625,19.828125,1.1490763425827026,,,,,,,
857,139.29173759999958,-9.0078125,-9.007512092590332,20.921875,9.0078125,1.640925645828247,,,,,,,
858,139.45341740000003,-20.9375,-8.40974235534668,32.125,20.9375,1.0746326446533203,,,,,,,
859,139.61544649999996,-19.640625,-9.521753311157227,29.1875,19.640625,1.4782464504241943,,,,,,,
860,139.77804500000002,-5.2890625,-9.18619155883789,21.84375,5.2890625,1.2200582027435303,,,1.3309500217437744,0.11170440167188644,1.1830651760101318,1.3225679397583008,1.5008089542388916
861,139.9394210999999,-15.8203125,-9.020608901977539,28.28125,15.8203125,1.2606406211853027,,,,,,,
862,140.10014369999953,-17.125,-9.875365257263184,27.765625,17.125,1.1871347427368164,,,,,,,
863,140.2838398999993,-21.625,-9.709493637084961,29.3125,21.625,1.2123808860778809,,,,,,,
864,140.44316069999968,-9.7265625,-8.251497268676758,16.9375,9.7265625,1.3578777313232422,,,,,,,
865,140.60214759999963,-12.8203125,-8.419175148010254,22.140625,12.8203125,1.1667625904083252,,,,,,,
866,140.76382359999934,-12.78125,-7.309318542480469,26.515625,12.78125,1.3625564575195312,,,,,,,
867,140.92624879999948,-21.0,-8.849250793457031,29.421875,21.0,1.275749683380127,,,,,,,
868,141.08661399999983,-12.1953125,-8.596693992614746,22.625,12.1953125,1.2001813650131226,,,,,,,
869,141.25266849999934,-9.125,-8.370031356811523,17.421875,9.125,1.0674684047698975,,,,,,,
870,141.41441849999956,-18.75,-8.883512496948242,28.953125,18.75,1.2258623838424683,,,,,,,
871,141.57686749999993,-16.828125,-9.771919250488281,33.1875,16.828125,1.321831226348877,,,,,,,
872,141.74465939999936,-10.921875,-9.91284465789795,24.1875,10.921875,1.1809056997299194,,,,,,,
873,141.90381369999977,-8.125,-7.6114349365234375,26.890625,8.125,1.3729398250579834,,,,,,,
874,142.06800049999947,-12.125,-10.037019729614258,22.359375,12.125,1.6114181280136108,,,,,,,
875,142.22870449999937,-21.8125,-8.362495422363281,30.765625,21.8125,1.8718793392181396,,,,,,,
876,142.39054699999997,-15.328125,-9.234003067016602,31.734375,15.328125,1.234747052192688,,,,,,,
877,142.5504074999999,-16.734375,-8.071006774902344,34.375,16.734375,1.413368582725525,,,,,,,
878,142.70859589999964,-10.796875,-8.686697006225586,20.078125,10.796875,1.3679903745651245,,,,,,,
879,142.86977119999938,-19.5,-8.726160049438477,23.21875,19.5,1.3910270929336548,,,,,,,
880,143.03367069999967,-11.8828125,-10.049531936645508,23.953125,11.8828125,1.356717824935913,,,1.3452163934707642,0.12844228744506836,1.1478796005249023,1.336771011352539,1.581327199935913
881,143.19567860000006,-20.84375,-8.63529109954834,28.734375,20.84375,1.2397091388702393,,,,,,,
882,143.3597121999992,-7.34765625,-9.871174812316895,22.546875,7.34765625,1.1366373300552368,,,,,,,
883,143.52015819999997,-21.140625,-8.973649978637695,29.6875,21.140625,1.4482253789901733,,,,,,,
884,143.6797190999996,-17.359375,-8.740476608276367,30.203125,17.359375,1.1970229148864746,,,,,,,
885,143.8424654999999,-10.5859375,-6.159541606903076,25.09375,10.5859375,1.4967083930969238,,,,,,,
886,144.00442329999987,-12.8515625,-8.329805374145508,16.171875,12.8515625,0.8733199834823608,,,,,,,
887,144.19618739999987,-17.703125,-8.548800468444824,24.984375,17.703125,1.3808870315551758,,,,,,,
888,144.4836207999997,-3.314453125,-9.759139060974121,18.296875,3.314453125,1.1627357006072998,,,,,,,
889,144.68077469999935,-20.765625,-9.515867233276367,32.5,20.765625,1.4060072898864746,,,,,,,
890,144.91932309999993,-11.640625,-8.443361282348633,24.34375,11.640625,1.4550764560699463,,,,,,,
891,145.1087009999992,-14.3984375,-9.381454467773438,20.4375,14.3984375,1.1341702938079834,,,,,,,
892,145.2885409999999,-12.1171875,-9.157248497009277,31.296875,12.1171875,1.4521265029907227,,,,,,,
893,145.47151849999955,-14.6875,-9.562294006347656,23.875,14.6875,1.086143136024475,,,,,,,
894,145.6900268999998,-23.28125,-9.696271896362305,31.671875,23.28125,1.3193528652191162,,,,,,,
895,145.8651717999992,-19.40625,-8.156362533569336,21.484375,19.40625,1.187387228012085,,,,,,,
896,146.04340090000005,-11.453125,-8.59955883026123,23.640625,11.453125,1.0645036697387695,,,,,,,
897,146.23342709999997,-18.25,-4.747308254241943,25.015625,18.25,2.6120667457580566,,,,,,,
898,146.41632469999968,-19.453125,-11.164617538452148,29.625,19.453125,1.5853822231292725,,,,,,,
899,146.60318179999922,-14.8828125,-9.079026222229004,24.359375,14.8828125,1.1709740161895752,,,,,,,
900,146.7887628999997,-9.9375,-6.0870513916015625,21.484375,9.9375,1.5848233699798584,,,1.3901242017745972,0.07928043603897095,1.2637163400650024,1.389306902885437,1.5067722797393799
901,146.98057419999986,-15.109375,-8.865360260009766,20.734375,15.109375,1.3612020015716553,,,,,,,
902,147.16559619999953,-20.671875,-10.108243942260742,30.515625,20.671875,1.0636305809020996,,,,,,,
903,147.34317269999974,-19.3125,-7.630646228790283,29.484375,19.3125,1.1193538904190063,,,,,,,
904,147.53037889999996,-12.0390625,-7.118538856506348,17.6875,12.0390625,1.7330238819122314,,,,,,,
905,147.71101180000005,-25.0625,-9.007418632507324,36.84375,25.0625,1.3207063674926758,,,,,,,
906,147.91074479999952,-7.84375,-6.865615367889404,23.421875,7.84375,1.6031346321105957,,,,,,,
907,148.11365969999952,-16.015625,-9.709785461425781,29.828125,16.015625,1.2745898962020874,,,,,,,
908,148.3153012999992,-2.7890625,-9.697502136230469,23.59375,2.7890625,1.5290600061416626,,,,,,,
909,148.50453919999927,-5.76953125,-8.198226928710938,20.53125,5.76953125,1.3486478328704834,,,,,,,
910,148.6826887999996,-21.296875,-9.45215892791748,26.203125,21.296875,1.2040910720825195,,,,,,,
911,148.86664779999955,-15.8828125,-6.729915618896484,24.4375,15.8828125,1.6607096195220947,,,,,,,
912,149.06787079999958,-17.0625,-8.217206001281738,22.515625,17.0625,1.1890442371368408,,,,,,,
913,149.25921059999928,-7.703125,-8.396785736083984,25.84375,7.703125,1.181338906288147,,,,,,,
914,149.46734249999918,-12.625,-8.894639015197754,18.640625,12.625,1.5037987232208252,,,,,,,
915,149.7056002999998,-17.6875,-9.021687507629395,23.734375,17.6875,0.9314374923706055,,,,,,,
916,149.93441829999938,-7.24609375,-8.839644432067871,26.9375,7.24609375,1.0978554487228394,,,,,,,
917,150.1323769999999,-22.65625,-9.012153625488281,25.828125,22.65625,1.7847213745117188,,,,,,,
918,150.33378139999968,-17.125,-8.27133560180664,23.359375,17.125,1.0724140405654907,,,,,,,
919,150.55379469999934,-10.2265625,-9.355731010437012,28.96875,10.2265625,1.1130188703536987,,,,,,,
920,150.7541427999995,-18.421875,-7.867913246154785,25.328125,18.421875,1.4289615154266357,,,1.3647334575653076,0.09932597726583481,1.2195382118225098,1.3462426662445068,1.5311899185180664
921,150.95979519999946,-19.34375,-9.177996635437012,22.4375,19.34375,1.361066222190857,,,,,,,
922,151.1715893999999,-9.421875,-9.075531959533691,20.3125,9.421875,1.10415518283844,,,,,,,
923,151.37648549999994,-12.125,-8.542024612426758,25.6875,12.125,1.3251628875732422,,,,,,,
924,151.57986079999955,-10.0546875,-8.933195114135742,20.40625,10.0546875,1.488680362701416,,,,,,,
925,151.7923839999994,-12.0546875,-7.536315441131592,26.890625,12.0546875,1.9949345588684082,,,,,,,
926,151.98989729999994,-12.2578125,-10.413091659545898,26.609375,12.2578125,1.2431586980819702,,,,,,,
927,152.1967980999998,-18.28125,-8.5621337890625,21.546875,18.28125,1.226928472518921,,,,,,,
928,152.37972199999967,-12.328125,-9.86811637878418,25.171875,12.328125,1.670946478843689,,,,,,,
929,152.55611129999943,-5.7265625,-9.547492980957031,15.421875,5.7265625,1.2337566614151,,,,,,,
930,152.73543459999928,-17.0,-7.029884338378906,28.4375,17.0,1.3763655424118042,,,,,,,
931,152.91287359999933,-21.375,-9.792367935180664,28.765625,21.375,1.1763817071914673,,,,,,,
932,153.09762359999968,-19.375,-8.626897811889648,29.28125,19.375,1.3731025457382202,,,,,,,
933,153.28023949999988,-21.5,-10.070125579833984,28.875,21.5,1.2423739433288574,,,,,,,
934,153.4689054999999,-12.953125,-8.308646202087402,22.6875,12.953125,1.4804160594940186,,,,,,,
935,153.66081739999936,-9.859375,-7.891345977783203,30.828125,9.859375,1.327404260635376,,,,,,,
936,153.86835129999963,-15.6015625,-9.729696273803711,29.40625,15.6015625,1.270303726196289,,,,,,,
937,154.05434049999985,-16.859375,-6.9519147872924805,20.28125,16.859375,1.501210331916809,,,,,,,
938,154.23838239999986,-16.6875,-6.173991680145264,22.90625,16.6875,1.1775709390640259,,,,,,,
939,154.42092030000003,-17.8125,-7.71552848815918,26.796875,17.8125,1.4719713926315308,,,,,,,
940,154.60749439999927,-6.67578125,-9.15991497039795,17.53125,6.67578125,1.4025847911834717,,,1.3623286485671997,0.09474403411149979,1.2019206285476685,1.3617842197418213,1.4993609189987183
941,154.78999019999992,-18.46875,-10.357989311218262,28.09375,18.46875,1.0170104503631592,,,,,,,
942,154.97079719999965,-18.046875,-8.714354515075684,30.71875,18.046875,1.3793951272964478,,,,,,,
943,155.15191309999955,-11.8515625,-9.021341323852539,16.03125,11.8515625,1.78334641456604,,,,,,,
944,155.32474359999924,-14.265625,-7.261704921722412,27.265625,14.265625,0.9726700186729431,,,,,,,
945,155.4939961,-19.4375,-8.745583534240723,27.96875,19.4375,1.3012911081314087,,,,,,,
946,155.66638559999956,-12.859375,-9.545499801635742,23.609375,12.859375,1.5560624599456787,,,,,,,
947,155.8526339,-11.5390625,-9.256844520568848,22.21875,11.5390625,1.3837803602218628,,,,,,,
948,156.02977159999955,-17.15625,-9.434915542602539,24.703125,17.15625,1.0025839805603027,,,,,,,
949,156.20240279999962,-11.5,-9.420197486877441,21.59375,11.5,1.173552393913269,,,,,,,
950,156.37155579999944,-11.0390625,-9.877715110778809,19.296875,11.0390625,1.23947274684906,,,,,,,
951,156.54458129999966,-8.46875,-8.82810115814209,20.90625,8.46875,1.1406490802764893,,,,,,,
952,156.7073064999995,-11.4921875,-8.939891815185547,17.703125,11.4921875,1.419482946395874,,,,,,,
953,156.87723579999965,-9.515625,-8.386736869812012,19.890625,9.515625,1.0351378917694092,,,,,,,
954,157.04815859999962,-6.30859375,-6.449418067932129,15.9765625,6.30859375,1.425581932067871,,,,,,,
955,157.22060650000003,-12.1328125,-9.843289375305176,19.75,12.1328125,1.4379606246948242,,,,,,,
956,157.39021499999944,-9.6953125,-8.068928718566895,17.703125,9.6953125,1.3529465198516846,,,,,,,
957,157.55986689999918,-3.71484375,-6.886595726013184,21.71875,3.71484375,1.1993417739868164,,,,,,,
958,157.7304540999994,-14.3203125,-8.648388862609863,25.09375,14.3203125,1.4141108989715576,,,,,,,
959,157.90226389999953,-22.671875,-9.872489929199219,33.53125,22.671875,1.2993850708007812,,,,,,,
960,158.08428389999972,-2.728515625,-8.217905044555664,16.09375,2.728515625,1.321157455444336,,,1.349449872970581,0.1000027284026146,1.2045210599899292,1.3385264873504639,1.5258193016052246
961,158.25508699999955,-24.671875,-10.119392395019531,31.953125,24.671875,1.1931076049804688,,,,,,,
962,158.42430519999925,-10.203125,-8.844419479370117,29.734375,10.203125,1.1712052822113037,,,,,,,
963,158.59220319999986,-14.515625,-8.33938217163086,20.75,14.515625,1.4262431859970093,,,,,,,
964,158.76504549999936,-12.09375,-7.860626220703125,28.515625,12.09375,1.623748779296875,,,,,,,
965,158.93186669999977,-11.078125,-8.307836532592773,18.78125,11.078125,1.1296632289886475,,,,,,,
966,159.09674670000004,-9.2265625,-10.038651466369629,26.28125,9.2265625,1.156661033630371,,,,,,,
967,159.26303919999918,-14.6640625,-8.84032917022705,25.984375,14.6640625,0.9565457701683044,,,,,,,
968,159.43218679999973,-3.51171875,-8.428057670593262,18.515625,3.51171875,1.4703798294067383,,,,,,,
969,159.60099489999993,-13.921875,-6.706902503967285,23.96875,13.921875,1.0743472576141357,,,,,,,
970,159.76880959999926,-11.484375,-7.991726875305176,25.09375,11.484375,1.1488981246948242,,,,,,,
971,159.93193040000006,-18.25,-10.216611862182617,32.09375,18.25,1.3615131378173828,,,,,,,
972,160.10273299999972,-17.328125,-7.446898937225342,25.75,17.328125,1.5374761819839478,,,,,,,
973,160.2670638999998,-8.609375,-9.810142517089844,14.7109375,8.609375,1.4398577213287354,,,,,,,
974,160.43332329999976,-9.0078125,-7.531432628631592,24.03125,9.0078125,1.0779423713684082,,,,,,,
975,160.59961099999964,-22.140625,-10.233291625976562,35.15625,22.140625,1.5167086124420166,,,,,,,
976,160.7644363999998,-13.4921875,-8.56379508972168,19.71875,13.4921875,1.3033924102783203,,,,,,,
977,160.92831109999952,-11.640625,-7.689271450042725,24.109375,11.640625,1.3497910499572754,,,,,,,
978,161.10777569999937,-21.0,-8.138062477111816,35.625,21.0,1.5494372844696045,,,,,,,
979,161.29015789999994,-13.640625,-9.213767051696777,20.3125,13.640625,0.8487328886985779,,,,,,,
980,161.45942560000003,-9.4296875,-8.08725643157959,17.09375,9.4296875,1.037743330001831,,,1.3057794570922852,0.10135683417320251,1.1500813961029053,1.313047170639038,1.4514881372451782
981,161.62496949999968,-12.4765625,-8.975120544433594,28.859375,12.4765625,1.5405049324035645,,,,,,,
982,161.81138909999936,-8.7421875,-9.793451309204102,17.625,8.7421875,1.3940491676330566,,,,,,,
983,162.00399349999952,-6.03515625,-8.055816650390625,14.21875,6.03515625,1.850433588027954,,,,,,,
984,162.16926629999944,-15.5859375,-9.210092544555664,26.75,15.5859375,0.8367823958396912,,,,,,,
985,162.33402489999935,-14.1953125,-8.306525230407715,19.515625,14.1953125,1.0294126272201538,,,,,,,
986,162.49995169999966,-13.2890625,-9.896745681762695,23.703125,13.2890625,1.2516918182373047,,,,,,,
987,162.66842759999963,-11.578125,-8.992908477783203,21.875,11.578125,1.3664668798446655,,,,,,,
988,162.83720259999973,-9.515625,-8.106343269348145,30.234375,9.515625,1.3467819690704346,,,,,,,
989,162.99956329999986,-14.7890625,-8.27475357055664,22.984375,14.7890625,1.0221211910247803,,,,,,,
990,163.16349069999978,-18.140625,-8.876174926757812,26.734375,18.140625,1.4988253116607666,,,,,,,
991,163.32925549999982,-13.4375,-9.122864723205566,23.359375,13.4375,1.2130730152130127,,,,,,,
992,163.4974505,-23.671875,-9.533275604248047,32.1875,23.671875,1.669849157333374,,,,,,,
993,163.66330479999942,-19.84375,-10.257556915283203,25.640625,19.84375,1.281505823135376,,,,,,,
994,163.83013749999918,-10.28125,-8.816091537475586,24.59375,10.28125,1.1760954856872559,,,,,,,
995,163.99684780000007,-19.5625,-7.978237628936768,30.5625,19.5625,1.1467622518539429,,,,,,,
996,164.16370370000004,-24.484375,-8.883607864379883,34.75,24.484375,1.475766897201538,,,,,,,
997,164.33138689999942,-13.875,-9.070216178894043,22.546875,13.875,1.000096082687378,,,,,,,
998,164.4968816999999,-16.09375,-9.287766456604004,22.953125,16.09375,1.4309836626052856,,,,,,,
999,164.6634097999995,-13.4453125,-9.06583023071289,18.84375,13.4453125,1.3794817924499512,,,,,,,
1000,164.8304253999995,-12.8515625,-9.138179779052734,24.5625,12.8515625,1.3305697441101074,,,1.3440262079238892,0.12125583738088608,1.1570388078689575,1.3424351215362549,1.5438205003738403
1001,164.99819059999936,-15.5703125,-9.346096992492676,24.625,15.5703125,0.9585902094841003,,,,,,,
1002,165.1631072,-9.0,-7.954758167266846,18.296875,9.0,1.0686793327331543,,,,,,,
1003,165.33033329999944,-19.265625,-9.392682075500488,31.140625,19.265625,1.6541928052902222,,,,,,,
1004,165.4994840999998,-14.546875,-8.621038436889648,24.140625,14.546875,1.1992738246917725,,,,,,,
1005,165.67632849999973,-7.30859375,-8.786052703857422,26.234375,7.30859375,1.323322057723999,,,,,,,
1006,165.85044019999987,-19.8125,-9.731287002563477,26.1875,19.8125,1.3234002590179443,,,,,,,
1007,166.02711759999966,-4.97265625,-9.1120023727417,18.5,4.97265625,1.2629979848861694,,,,,,,
1008,166.20808559999932,-13.1953125,-10.436487197875977,23.859375,13.1953125,1.1572624444961548,,,,,,,
1009,166.39063579999947,-14.875,-9.450352668762207,22.828125,14.875,1.0730851888656616,,,,,,,
1010,166.56693469999936,-4.95703125,-9.73371410369873,18.359375,4.95703125,1.3600355386734009,,,,,,,
1011,166.73290579999957,-16.96875,-9.199195861816406,25.078125,16.96875,1.6914293766021729,,,,,,,
1012,166.90010129999973,-16.03125,-8.960895538330078,19.40625,16.03125,1.1875416040420532,,,,,,,
1013,167.06809429999976,-12.140625,-9.883316993713379,21.109375,12.140625,1.2104331254959106,,,,,,,
1014,167.2374831999996,-19.171875,-8.627044677734375,21.578125,19.171875,1.5057673454284668,,,,,,,
1015,167.4058912999999,-7.86328125,-9.27480697631836,22.65625,7.86328125,1.240817666053772,,,,,,,
1016,167.57911709999917,-11.34375,-8.949173927307129,22.171875,11.34375,1.371138334274292,,,,,,,
1017,167.74502969999958,-14.3125,-9.30469799041748,23.1875,14.3125,1.3749892711639404,,,,,,,
1018,167.91141869999956,-16.171875,-8.970321655273438,25.40625,16.171875,1.3890531063079834,,,,,,,
1019,168.07957819999956,-15.484375,-9.526575088500977,20.296875,15.484375,1.2624871730804443,,,,,,,
1020,168.25409779999973,-11.6875,-7.728047847747803,19.03125,11.6875,1.3188272714614868,,,1.3433893918991089,0.11817983537912369,1.1592289209365845,1.3316411972045898,1.52181875705719
1021,168.4222164999992,-14.359375,-8.73009967803955,26.015625,14.359375,1.0042753219604492,,,,,,,
1022,168.58931909999956,-10.234375,-8.217161178588867,16.640625,10.234375,1.2984639406204224,,,,,,,
1023,168.75622459999977,-9.890625,-9.63737964630127,22.625,9.890625,1.3235578536987305,,,,,,,
1024,168.93072009999923,-17.40625,-10.233628273010254,25.015625,17.40625,1.3835591077804565,,,,,,,
1025,169.09513029999925,-15.2421875,-9.662809371948242,23.609375,15.2421875,1.095003604888916,,,,,,,
1026,169.26583539999956,-17.234375,-9.716117858886719,25.09375,17.234375,1.1588822603225708,,,,,,,
1027,169.43461379999917,-14.0390625,-9.994779586791992,19.734375,14.0390625,1.1614704132080078,,,,,,,
1028,169.60779209999964,-11.3203125,-7.184228897094727,19.078125,11.3203125,1.331396222114563,,,,,,,
1029,169.77888299999995,-8.921875,-9.531974792480469,21.609375,8.921875,1.155524730682373,,,,,,,
1030,169.94883519999985,-8.140625,-8.742086410522461,26.171875,8.140625,1.242288589477539,,,,,,,
1031,170.1233628,-15.1953125,-10.383666038513184,21.90625,15.1953125,1.6241461038589478,,,,,,,
1032,170.3038649,-16.03125,-9.482170104980469,27.046875,16.03125,1.3303296566009521,,,,,,,
1033,170.48054559999946,-18.796875,-10.023545265197754,28.5625,18.796875,1.7108298540115356,,,,,,,
1034,170.65193079999972,-8.578125,-9.592704772949219,20.546875,8.578125,1.5322957038879395,,,,,,,
1035,170.83044960000007,-9.21875,-8.609176635742188,21.796875,9.21875,1.3751986026763916,,,,,,,
1036,171.00238339999942,-14.3984375,-9.209501266479492,28.4375,14.3984375,1.4154984951019287,,,,,,,
1037,171.17131410000002,-9.34375,-8.474212646484375,19.4375,9.34375,1.142974853515625,,,,,,,
1038,171.3390477999992,-10.203125,-7.486634254455566,28.015625,10.203125,1.4664905071258545,,,,,,,
1039,171.5145079999993,-15.5,-8.848432540893555,23.34375,15.5,1.0968801975250244,,,,,,,
1040,171.86659469999995,-2.947265625,-9.69534969329834,18.234375,2.947265625,1.2655879259109497,,,1.332566738128662,0.12632569670677185,1.177555799484253,1.3046863079071045,1.5467803478240967
1041,172.12416049999956,-16.78125,-8.271490097045898,24.140625,16.78125,1.1660100221633911,,,,,,,
1042,172.31545099999948,-13.296875,-10.030488014221191,23.09375,13.296875,1.5007617473602295,,,,,,,
1043,172.53859879999982,-14.3515625,-9.372197151184082,22.671875,14.3515625,1.1512401103973389,,,,,,,
1044,172.77591940000002,-13.2421875,-6.0790510177612305,28.0,13.2421875,1.764699101448059,,,,,,,
1045,172.99059469999975,-15.671875,-9.689009666442871,24.84375,15.671875,1.2172400951385498,,,,,,,
1046,173.1807022999992,-21.265625,-10.76891803741455,28.5,21.265625,1.4342069625854492,,,,,,,
1047,173.37239099999988,-11.359375,-8.382331848144531,25.25,11.359375,1.3754806518554688,,,,,,,
1048,173.5567857999995,-3.33203125,-9.211668014526367,15.046875,3.33203125,1.475832223892212,,,,,,,
1049,173.74602539999978,-13.4921875,-7.818864822387695,23.5,13.4921875,1.3295727968215942,,,,,,,
1050,173.93074199999955,-16.234375,-10.040528297424316,27.890625,16.234375,1.3500964641571045,,,,,,,
1051,174.1136474999994,-17.8125,-8.598759651184082,24.1875,17.8125,0.9168657660484314,,,,,,,
1052,174.29679249999936,-9.6171875,-9.137362480163574,16.265625,9.6171875,1.3313876390457153,,,,,,,
1053,174.47472239999934,-8.421875,-9.63070011138916,21.65625,8.421875,1.5489870309829712,,,,,,,
1054,174.65836619999936,-14.6875,-10.210915565490723,27.3125,14.6875,1.140647053718567,,,,,,,
1055,174.83463369999936,-17.390625,-9.749781608581543,25.6875,17.390625,1.289280891418457,,,,,,,
1056,175.01522359999944,-12.2734375,-11.092414855957031,23.484375,12.2734375,1.3841472864151,,,,,,,
1057,175.20074509999995,-7.90625,-9.296762466430664,18.90625,7.90625,1.265737771987915,,,,,,,
1058,175.38923259999956,-6.8203125,-9.562746047973633,20.078125,6.8203125,1.531003475189209,,,,,,,
1059,175.56947669999954,-6.5390625,-7.875457286834717,19.25,6.5390625,1.2729802131652832,,,,,,,
1060,175.76913989999957,-10.28125,-10.025629043579102,27.59375,10.28125,1.2243708372116089,,,1.3337044715881348,0.10525397956371307,1.1859662532806396,1.3199677467346191,1.5065951347351074
1061,175.96695229999932,-7.28125,-9.575760841369629,18.21875,7.28125,1.2367393970489502,,,,,,,
1062,176.19234059999962,-9.90625,-10.538723945617676,23.375,9.90625,1.2269009351730347,,,,,,,
1063,176.37321919999977,-11.03125,-8.991769790649414,28.34375,11.03125,1.4613556861877441,,,,,,,
1064,176.59897329999967,-9.5234375,-8.582695007324219,24.0625,9.5234375,1.8860554695129395,,,,,,,
1065,176.82128659999944,-8.6484375,-8.636157035827637,17.40625,8.6484375,1.7310303449630737,,,,,,,
1066,177.040935,-17.21875,-9.635459899902344,29.796875,17.21875,1.4895398616790771,,,,,,,
1067,177.26026079999974,-1.0830078125,-11.41975212097168,18.953125,1.0830078125,1.767747402191162,,,,,,,
1068,177.51540939999995,-9.5546875,-8.837471961975098,20.921875,9.5546875,1.2094030380249023,,,,,,,
1069,177.77660519999972,-12.921875,-8.624919891357422,18.546875,12.921875,1.0860179662704468,,,,,,,
1070,178.04330049999953,-9.390625,-9.753219604492188,18.984375,9.390625,1.1139683723449707,,,,,,,
1071,178.3201610999995,-2.296875,-9.563278198242188,20.34375,2.296875,1.5929718017578125,,,,,,,
1072,178.59339809999983,-7.78515625,-9.319737434387207,17.5,7.78515625,1.164637804031372,,,,,,,
1073,178.93132739999965,-14.65625,-10.68225383758545,24.609375,14.65625,1.1927459239959717,,,,,,,
1074,179.15308449999975,-4.1640625,-8.166173934936523,22.171875,4.1640625,1.6307005882263184,,,,,,,
1075,179.38789469999938,-8.34375,-7.980045318603516,21.53125,8.34375,1.4340169429779053,,,,,,,
1076,179.63540579999972,-13.046875,-8.831665992736816,23.484375,13.046875,1.5902092456817627,,,,,,,
1077,179.92551399999957,-18.03125,-10.488759994506836,26.125,18.03125,1.394052267074585,,,,,,,
1078,180.1744609999996,-6.94921875,-8.53885555267334,15.1484375,6.94921875,1.4220821857452393,,,,,,,
1079,180.38047659999938,-16.296875,-9.22431755065918,20.40625,16.296875,0.916307270526886,,,,,,,
1080,180.59312359999967,-9.90625,-9.077410697937012,18.875,9.90625,1.2585264444351196,,,1.3411484956741333,0.0973156988620758,1.212154507637024,1.3301106691360474,1.5359030961990356
1081,180.79360009999982,-11.453125,-9.271407127380371,19.796875,11.453125,1.2442182302474976,,,,,,,
1082,181.00756509999974,-10.671875,-9.109286308288574,23.3125,10.671875,1.3204015493392944,,,,,,,
1083,181.22018229999958,-14.0234375,-9.20880126953125,17.578125,14.0234375,1.7755736112594604,,,,,,,
1084,181.53803659999994,-10.8984375,-8.234508514404297,22.796875,10.8984375,0.8592416048049927,,,,,,,
1085,181.8129033999994,-6.87109375,-9.29315185546875,18.21875,6.87109375,1.3005985021591187,,,,,,,
1086,182.06491409999944,-13.6640625,-8.480600357055664,27.9375,13.6640625,1.4568997621536255,,,,,,,
1087,182.3149582999995,-1.9306640625,-9.615853309631348,15.4765625,1.9306640625,1.204459547996521,,,,,,,
1088,182.5484650999997,-12.34375,-8.433329582214355,27.015625,12.34375,1.488545536994934,,,,,,,
1089,182.75283349999972,-14.90625,-8.94253158569336,27.0625,14.90625,1.7762184143066406,,,,,,,
1090,182.98526270000002,-8.2265625,-8.321266174316406,23.328125,8.2265625,1.4287333488464355,,,,,,,
1091,183.2359704999999,-7.23828125,-8.527447700500488,26.125,7.23828125,1.4100520610809326,,,,,,,
1092,183.49387439999919,-15.9375,-5.807433128356934,28.125,15.9375,1.7394417524337769,,,,,,,
1093,183.94589709999946,-13.6171875,-6.197713851928711,24.0,13.6171875,1.5054113864898682,,,,,,,
1094,184.43612949999988,-9.546875,-8.528389930725098,20.40625,9.546875,1.1356724500656128,,,,,,,
1095,184.7602395999993,-1.8134765625,-8.511953353881836,14.984375,1.8134765625,1.675546407699585,,,,,,,
1096,185.0208006999992,-9.8125,-9.087579727172852,22.578125,9.8125,1.490545392036438,,,,,,,
1097,185.25846039999942,-15.0703125,-9.228372573852539,29.125,15.0703125,1.6466271877288818,,,,,,,
1098,185.5754752999992,-17.265625,-9.450553894042969,26.46875,17.265625,1.2291337251663208,,,,,,,
1099,186.04560319999928,-0.50048828125,-8.73045825958252,14.6015625,0.50048828125,1.4101665019989014,,,,,,,
1100,186.33403849999922,-15.890625,-10.394743919372559,28.234375,15.890625,1.2927560806274414,,,1.338804841041565,0.12036147713661194,1.15142023563385,1.3398425579071045,1.560333251953125
1101,186.60479069999928,-4.15625,-10.062413215637207,17.78125,4.15625,1.4297741651535034,,,,,,,
1102,187.37655859999995,-19.5625,-10.702629089355469,27.234375,19.5625,1.4223711490631104,,,,,,,
1103,187.86761690000003,-18.3125,-10.384098052978516,25.421875,18.3125,1.5377774238586426,,,,,,,
1104,188.50352219999968,-9.8046875,-10.328279495239258,20.796875,9.8046875,1.2810957431793213,,,,,,,
1105,188.8477882999996,-13.2421875,-9.170967102050781,19.4375,13.2421875,1.071220874786377,,,,,,,
1106,189.16326279999976,-10.484375,-9.071368217468262,22.84375,10.484375,1.2176944017410278,,,,,,,
1107,189.45107889999963,-7.30078125,-8.519699096679688,22.640625,7.30078125,1.4803006649017334,,,,,,,
1108,189.73989540000002,-17.171875,-9.642034530639648,27.21875,17.171875,1.647027850151062,,,,,,,
1109,190.11842230000002,-12.8671875,-7.598814010620117,27.5625,12.8671875,1.6668109893798828,,,,,,,
1110,190.42721639999945,-14.1875,-8.722810745239258,20.890625,14.1875,1.050626516342163,,,,,,,
1111,190.75273969999944,-11.96875,-5.950491428375244,9.265625,11.96875,1.8073211908340454,,,,,,,
1112,191.07890839999982,-5.0234375,-8.206652641296387,14.0625,5.0234375,1.0902221202850342,,,,,,,
1113,191.34480659999917,-13.546875,-8.507652282714844,25.84375,13.546875,1.7345352172851562,,,,,,,
1114,191.6526457,-14.578125,-8.959619522094727,22.265625,14.578125,1.3138177394866943,,,,,,,
1115,191.97661199999948,-8.9375,-9.228828430175781,23.53125,8.9375,1.0446088314056396,,,,,,,
1116,192.29305039999963,-10.0546875,-8.819510459899902,20.8125,10.0546875,1.0086146593093872,,,,,,,
1117,192.57352469999933,-8.546875,-9.207252502441406,22.28125,8.546875,1.6286849975585938,,,,,,,
1118,192.8697444999998,-12.5859375,-8.10062026977539,23.9375,12.5859375,1.1259419918060303,,,,,,,
1119,193.22855879999952,-8.1171875,-8.70460033416748,19.359375,8.1171875,1.1391496658325195,,,,,,,
1120,193.4961018999993,-14.296875,-8.289134979248047,25.765625,14.296875,1.3983653783798218,,,1.3518379926681519,0.12667489051818848,1.174329161643982,1.345862865447998,1.6090298891067505
1121,193.80127999999968,-8.71875,-9.24238109588623,16.515625,8.71875,1.1169935464859009,,,,,,,
1122,194.39965309999934,-8.765625,-10.359482765197754,19.015625,8.765625,1.5155171155929565,,,,,,,
1123,194.8158829999993,-11.328125,-9.760296821594238,24.046875,11.328125,1.5912654399871826,,,,,,,
1124,195.19786380000005,-20.125,-9.426369667053223,30.53125,20.125,1.8236300945281982,,,,,,,
1125,195.55153769999924,-9.0703125,-8.916165351867676,20.234375,9.0703125,0.990084707736969,,,,,,,
1126,195.78202340000007,-16.734375,-10.56573486328125,22.28125,16.734375,1.68426513671875,,,,,,,
1127,196.1317395999995,-5.30859375,-6.640711307525635,10.7421875,5.30859375,1.5467886924743652,,,,,,,
1128,196.43432200000007,-8.6484375,-8.759353637695312,15.1875,8.6484375,1.1625218391418457,,,,,,,
1129,196.72683619999952,-11.28125,-9.610891342163086,22.921875,11.28125,1.1859833002090454,,,,,,,
1130,196.96972430000005,-12.1796875,-8.93390941619873,23.515625,12.1796875,1.4332784414291382,,,,,,,
1131,197.23472649999985,-8.3203125,-8.451931953430176,17.03125,8.3203125,1.2980676889419556,,,,,,,
1132,197.50937019999947,-13.625,-8.660038948059082,18.0625,13.625,1.418086051940918,,,,,,,
1133,197.76661279999917,-8.328125,-9.779932975769043,20.734375,8.328125,1.1653794050216675,,,,,,,
1134,198.01267719999942,-6.9140625,-9.6568021774292,20.109375,6.9140625,0.9994478225708008,,,,,,,
1135,198.26524829999926,-11.203125,-7.210568428039551,20.71875,11.203125,1.7113066911697388,,,,,,,
1136,198.49642679999943,-12.1953125,-8.443684577941895,22.78125,12.1953125,1.509440541267395,,,,,,,
1137,198.73296149999987,-8.921875,-9.467435836791992,23.6875,8.921875,1.2747511863708496,,,,,,,
1138,198.95592209999995,-7.44921875,-10.556510925292969,18.28125,7.44921875,1.0138016939163208,,,,,,,
1139,199.16009229999963,-7.87890625,-9.431289672851562,18.765625,7.87890625,1.2171473503112793,,,,,,,
1140,199.38945759999933,-15.9375,-10.363642692565918,18.859375,15.9375,1.566044569015503,,,1.3797519207000732,0.11132372170686722,1.2149770259857178,1.3631325960159302,1.5779542922973633
1141,199.6738048999996,-14.6875,-7.817884922027588,23.609375,14.6875,1.7836774587631226,,,,,,,
1142,199.95432529999925,-11.46875,-9.325017929077148,17.453125,11.46875,0.9249823093414307,,,,,,,
1143,200.18622519999917,-2.181640625,-9.538063049316406,16.28125,2.181640625,1.7041248083114624,,,,,,,
1144,200.39343999999983,-11.7578125,-9.509864807128906,21.296875,11.7578125,1.646385669708252,,,,,,,
1145,200.62305099999958,-5.2578125,-7.406533241271973,17.921875,5.2578125,1.2106542587280273,,,,,,,
1146,200.83959739999955,-10.796875,-10.085256576538086,18.4375,10.796875,1.1569310426712036,,,,,,,
1147,201.0534048999998,-8.78125,-9.702401161193848,26.390625,8.78125,1.3991612195968628,,,,,,,
1148,201.29943679999997,-12.4140625,-9.509343147277832,19.734375,12.4140625,1.3031567335128784,,,,,,,
1149,201.5194804999992,-1.7783203125,-9.020503044128418,20.171875,1.7783203125,1.5419971942901611,,,,,,,
1150,201.70106299999952,-5.4921875,-8.227816581726074,15.0703125,5.4921875,1.0846830606460571,,,,,,,
1151,201.9513262999999,-7.6484375,-8.25724983215332,23.75,7.6484375,1.5396249294281006,,,,,,,
1152,202.18408999999974,-8.5234375,-9.236956596374512,18.03125,8.5234375,1.9036684036254883,,,,,,,
1153,202.40011349999986,-11.6484375,-8.574217796325684,22.125,11.6484375,1.3398449420928955,,,,,,,
1154,202.60903659999985,-12.90625,-9.819188117980957,22.84375,12.90625,1.352686882019043,,,,,,,
1155,202.85464150000007,-12.9921875,-10.275374412536621,21.078125,12.9921875,1.2949382066726685,,,,,,,
1156,203.09816580000006,-5.203125,-9.665700912475586,15.5078125,5.203125,1.0452364683151245,,,,,,,
1157,203.3058020999997,-4.296875,-8.812390327453613,12.6015625,4.296875,1.5391725301742554,,,,,,,
1158,203.5234907999993,-10.84375,-9.5957612991333,22.46875,10.84375,1.1854888200759888,,,,,,,
1159,203.78941099999975,-18.15625,-9.1627779006958,24.890625,18.15625,1.0090974569320679,,,,,,,
1160,204.11259749999954,-9.3203125,-8.3907470703125,25.5,9.3203125,1.4842532873153687,,,1.361684799194336,0.13270071148872375,1.212998867034912,1.3494689464569092,1.6271510124206543
1161,204.3729072999995,-6.33203125,-9.92859172821045,20.546875,6.33203125,1.5401580333709717,,,,,,,
1162,204.57540589999917,-13.6484375,-9.11172866821289,18.65625,13.6484375,1.4351465702056885,,,,,,,
1163,204.83058999999957,-12.1796875,-8.084835052490234,28.359375,12.1796875,1.743289828300476,,,,,,,
1164,205.18727899999976,-7.40625,-8.20939826965332,23.90625,7.40625,1.3531018495559692,,,,,,,
1165,205.60595979999925,-10.1328125,-9.16073989868164,22.1875,10.1328125,1.2611346244812012,,,,,,,
1166,205.85312769999928,-6.6875,-8.741742134094238,25.09375,6.6875,1.4379456043243408,,,,,,,
1167,206.11132879999968,-16.34375,-8.879923820495605,24.3125,16.34375,1.4638261795043945,,,,,,,
1168,206.39485879999938,-9.78125,-8.250850677490234,17.15625,9.78125,1.210086464881897,,,,,,,
1169,206.61484719999953,-9.328125,-8.28995132446289,25.71875,9.328125,1.4444231986999512,,,,,,,
1170,206.8926105999999,-9.7890625,-8.994333267211914,21.953125,9.7890625,1.7244162559509277,,,,,,,
1171,207.17718179999974,-11.890625,-10.303709983825684,23.84375,11.890625,1.4072272777557373,,,,,,,
1172,207.52587399999993,-9.671875,-9.046545028686523,23.09375,9.671875,1.2972044944763184,,,,,,,
1173,207.73684030000004,-8.703125,-9.645115852355957,25.109375,8.703125,1.2845712900161743,,,,,,,
1174,207.93038439999964,-11.6796875,-8.99673080444336,26.921875,11.6796875,1.4720187187194824,,,,,,,
1175,208.1662641999992,-11.25,-9.576772689819336,22.25,11.25,1.3919775485992432,,,,,,,
1176,208.3697216999999,-13.3046875,-9.60411262512207,22.5,13.3046875,1.2318247556686401,,,,,,,
1177,208.56573229999958,-8.40625,-9.132001876831055,19.296875,8.40625,1.6492480039596558,,,,,,,
1178,208.76291539999966,-16.328125,-11.319904327392578,22.84375,16.328125,1.266033411026001,,,,,,,
1179,208.9629949,-12.40625,-8.520797729492188,26.59375,12.40625,1.1510767936706543,,,,,,,
1180,209.1475075999997,-10.2421875,-9.0881929397583,25.015625,10.2421875,1.6383696794509888,,,1.3834691047668457,0.12957017123699188,1.2377156019210815,1.3647544384002686,1.6105453968048096
1181,209.3357176999998,-11.296875,-11.126343727111816,25.9375,11.296875,1.6080312728881836,,,,,,,
1182,209.53157369999917,-16.796875,-9.290783882141113,29.796875,16.796875,1.5529663562774658,,,,,,,
1183,209.7417005999996,-16.578125,-9.360770225524902,28.390625,16.578125,1.5142295360565186,,,,,,,
1184,209.92739869999969,-9.6875,-12.043973922729492,22.8125,9.6875,1.6357134580612183,,,,,,,
1185,210.11776419999933,-14.2265625,-8.952255249023438,23.078125,14.2265625,1.360244870185852,,,,,,,
1186,210.31016219999947,-14.8046875,-9.482946395874023,20.890625,14.8046875,0.95455402135849,,,,,,,
1187,210.5194546999992,-0.990234375,-9.774606704711914,15.65625,0.990234375,1.6707056760787964,,,,,,,
1188,210.71449519999987,-18.921875,-11.611814498901367,28.171875,18.921875,1.2319356203079224,,,,,,,
1189,210.93770669999958,-19.6875,-9.093070030212402,26.640625,19.6875,1.0475549697875977,,,,,,,
1190,211.16172469999947,-7.1640625,-10.127702713012695,17.890625,7.1640625,1.4972968101501465,,,,,,,
1191,211.38663029999952,-12.3515625,-7.818636417388916,25.328125,12.3515625,1.165738582611084,,,,,,,
1192,211.59731359999932,-17.875,-10.128173828125,27.203125,17.875,1.332763671875,,,,,,,
1193,211.81050719999985,-9.078125,-9.908336639404297,21.890625,9.078125,1.5838509798049927,,,,,,,
1194,212.03377109999929,-10.71875,-8.627116203308105,21.46875,10.71875,1.3260090351104736,,,,,,,
1195,212.3049506999996,-21.90625,-9.712432861328125,34.375,21.90625,1.6000676155090332,,,,,,,
1196,212.68618999999944,-12.125,-9.45559310913086,22.515625,12.125,1.6850318908691406,,,,,,,
1197,213.08048869999948,-9.9140625,-10.025148391723633,18.375,9.9140625,1.2248516082763672,,,,,,,
1198,213.51874839999982,-11.28125,-9.713862419128418,22.28125,11.28125,1.0830129384994507,,,,,,,
1199,213.80172909999965,-4.6796875,-6.607348442077637,22.921875,4.6796875,1.7442140579223633,,,,,,,
1200,214.18926659999943,-17.03125,-11.715041160583496,27.609375,17.03125,1.409958839416504,,,1.362529993057251,0.09781543910503387,1.2141072750091553,1.3642024993896484,1.520357370376587
1201,214.72881099999995,-14.578125,-10.394415855407715,22.21875,14.578125,1.1602712869644165,,,,,,,
1202,215.04213739999977,-12.390625,-8.62559986114502,22.34375,12.390625,1.2415878772735596,,,,,,,
1203,215.3839597999995,-11.1328125,-6.925772666931152,20.25,11.1328125,1.7773523330688477,,,,,,,
1204,215.7397091999992,-12.6171875,-8.752219200134277,22.09375,12.6171875,1.4587186574935913,,,,,,,
1205,216.06151669999963,-9.8125,-10.185577392578125,24.203125,9.8125,1.2753596305847168,,,,,,,
1206,216.3747840999995,-13.4140625,-7.592808723449707,19.75,13.4140625,1.6650035381317139,,,,,,,
1207,216.7012922999993,-8.6640625,-8.696634292602539,20.453125,8.6640625,0.9361786842346191,,,,,,,
1208,217.28662229999918,-13.8203125,-8.965520858764648,24.59375,13.8203125,1.4251036643981934,,,,,,,
1209,217.64995439999984,-17.65625,-10.446578025817871,26.5,17.65625,1.7487341165542603,,,,,,,
1210,217.94506829999955,-3.41796875,-8.557597160339355,18.265625,3.41796875,1.0830276012420654,,,,,,,
1211,218.23025039999993,-9.2421875,-8.121419906616211,17.03125,9.2421875,1.9098303318023682,,,,,,,
1212,218.52157259999967,-4.8515625,-8.333271980285645,19.3125,4.8515625,1.2917280197143555,,,,,,,
1213,218.82172209999953,-9.21875,-8.764365196228027,21.640625,9.21875,1.1106350421905518,,,,,,,
1214,219.1303644999998,-16.453125,-8.721219062805176,29.6875,16.453125,1.3569061756134033,,,,,,,
1215,219.53802459999952,-14.375,-9.021821975708008,24.046875,14.375,1.3453657627105713,,,,,,,
1216,219.91140479999922,-10.859375,-9.139604568481445,24.6875,10.859375,2.0244579315185547,,,,,,,
1217,220.24273699999958,-13.375,-7.801320552825928,16.78125,13.375,1.2768043279647827,,,,,,,
1218,220.48696349999955,-16.15625,-8.922281265258789,23.5,16.15625,1.5074057579040527,,,,,,,
1219,220.72029069999917,-7.47265625,-8.618340492248535,23.3125,7.47265625,1.733222246170044,,,,,,,
1220,220.9751022999999,-10.25,-9.015786170959473,14.421875,10.25,1.5545262098312378,,,1.376298427581787,0.1176949068903923,1.1968601942062378,1.371971845626831,1.5628033876419067
1221,221.19776319999983,-9.828125,-8.78050708770752,25.078125,9.828125,1.5241807699203491,,,,,,,
1222,221.39592899999934,-6.27734375,-8.178060531616211,26.25,6.27734375,1.6344393491744995,,,,,,,
1223,221.59736069999963,-13.7578125,-10.073991775512695,28.46875,13.7578125,1.4885077476501465,,,,,,,
1224,221.79607179999948,-12.09375,-9.919498443603516,24.4375,12.09375,1.2445640563964844,,,,,,,
1225,221.9731987999994,-15.5390625,-10.132903099060059,26.28125,15.5390625,1.4842842817306519,,,,,,,
1226,222.16969179999978,-5.3125,-9.277535438537598,19.671875,5.3125,1.1990270614624023,,,,,,,
1227,222.35105979999935,-17.328125,-9.17885971069336,24.75,17.328125,1.360202431678772,,,,,,,
1228,222.53412729999945,-11.40625,-7.8310546875,18.859375,11.40625,1.333008050918579,,,,,,,
1229,222.7188699999997,-8.1015625,-8.85305118560791,17.703125,8.1015625,1.4125734567642212,,,,,,,
1230,222.9206338999993,-16.375,-9.595006942749023,23.859375,16.375,1.2643685340881348,,,,,,,
1231,223.12673379999978,-15.1171875,-7.630498886108398,28.984375,15.1171875,1.1351258754730225,,,,,,,
1232,223.36422519999996,-12.125,-8.268054008483887,22.78125,12.125,1.2710083723068237,,,,,,,
1233,223.62113950000003,-18.46875,-9.630401611328125,23.78125,18.46875,1.2602229118347168,,,,,,,
1234,223.85622349999994,-9.96875,-8.964064598083496,19.0,9.96875,1.301560401916504,,,,,,,
1235,224.09090709999964,-5.4609375,-9.983269691467285,17.9375,5.4609375,1.3917301893234253,,,,,,,
1236,224.31682619999992,-8.3359375,-7.001170635223389,18.703125,8.3359375,1.4753918647766113,,,,,,,
1237,224.5297572999998,-10.6875,-7.949107646942139,21.140625,10.6875,1.3243299722671509,,,,,,,
1238,224.7382310999992,-6.140625,-9.824750900268555,19.578125,6.140625,1.4174367189407349,,,,,,,
1239,224.9482595999998,-9.5859375,-9.40886116027832,24.234375,9.5859375,1.2630140781402588,,,,,,,
1240,225.1541103999998,-11.1171875,-8.648871421813965,25.578125,11.1171875,1.468315839767456,,,1.3625431060791016,0.12407314777374268,1.1704342365264893,1.3554545640945435,1.5723820924758911
1241,225.34989809999934,-12.671875,-11.312503814697266,28.359375,12.671875,1.3203083276748657,,,,,,,
1242,225.55591839999943,-9.765625,-9.721786499023438,19.390625,9.765625,1.1063389778137207,,,,,,,
1243,225.7543894999999,-12.9375,-9.343740463256836,25.984375,12.9375,1.757822036743164,,,,,,,
1244,225.95255369999995,-12.7578125,-9.772674560546875,20.28125,12.7578125,1.2117005586624146,,,,,,,
1245,226.14924679999967,-9.6875,-7.895334720611572,18.0,9.6875,1.8859152793884277,,,,,,,
1246,226.3431598999996,-13.3203125,-9.536493301391602,24.515625,13.3203125,1.5963190793991089,,,,,,,
1247,226.54331099999945,-7.78515625,-10.555310249328613,20.109375,7.78515625,1.2415649890899658,,,,,,,
1248,226.7401258,-11.09375,-9.464341163635254,25.671875,11.09375,1.3715964555740356,,,,,,,
1249,226.9446425999995,-11.546875,-9.630061149597168,23.171875,11.546875,1.4558762311935425,,,,,,,
1250,227.14905999999974,-12.6171875,-10.114681243896484,16.65625,12.6171875,1.5962567329406738,,,,,,,
1251,227.3363032999996,-13.3671875,-8.518777847290039,26.484375,13.3671875,1.6687216758728027,,,,,,,
1252,227.52900950000003,-9.796875,-8.880325317382812,22.90625,9.796875,1.2524874210357666,,,,,,,
1253,227.73801809999986,-14.5546875,-9.929647445678711,20.859375,14.5546875,0.9844146966934204,,,,,,,
1254,227.91927099999975,-10.578125,-8.095982551574707,19.40625,10.578125,1.4743303060531616,,,,,,,
1255,228.16062799999963,-8.375,-8.129844665527344,17.515625,8.375,1.4639053344726562,,,,,,,
1256,228.3947294999998,-13.5390625,-9.413087844848633,23.671875,13.5390625,1.2587870359420776,,,,,,,
1257,228.63372569999956,-10.53125,-9.35772705078125,28.265625,10.53125,1.657898187637329,,,,,,,
1258,228.8414286999996,-12.15625,-9.233570098876953,20.984375,12.15625,1.4695547819137573,,,,,,,
1259,229.05612930000007,-5.9609375,-9.580451965332031,18.59375,5.9609375,1.6461104154586792,,,,,,,
1260,229.2785931999997,-18.875,-7.919776916503906,28.625,18.875,1.4864728450775146,,,1.3730486631393433,0.0973755270242691,1.2162715196609497,1.369206428527832,1.5370455980300903
1261,229.49291790000007,-8.3984375,-9.833273887634277,21.8125,8.3984375,1.1042263507843018,,,,,,,
1262,229.7341478999997,-15.5703125,-9.554795265197754,23.09375,15.5703125,1.3514549732208252,,,,,,,
1263,229.9709482999997,-14.6015625,-9.795673370361328,21.640625,14.6015625,1.2980765104293823,,,,,,,
1264,230.2092589999993,0.625,-8.748944282531738,15.0625,-0.625,1.3448054790496826,,,,,,,
1265,230.4549735999999,-6.7265625,-9.251949310302734,14.8515625,6.7265625,1.3105510473251343,,,,,,,
1266,230.6950786999996,-10.765625,-10.050300598144531,24.21875,10.765625,1.6215744018554688,,,,,,,
1267,230.93458179999925,-8.171875,-7.900506496429443,18.8125,8.171875,1.333868384361267,,,,,,,
1268,231.20008569999936,-13.53125,-8.4470853805542,21.546875,13.53125,1.3810393810272217,,,,,,,
1269,231.4205551999994,-12.1640625,-9.29473876953125,25.671875,12.1640625,1.4396358728408813,,,,,,,
1270,231.6288102999997,-10.2734375,-8.20003604888916,20.515625,10.2734375,1.4093389511108398,,,,,,,
1271,231.84884199999942,-12.7734375,-9.198421478271484,22.6875,12.7734375,1.129703402519226,,,,,,,
1272,232.08647859999928,-13.265625,-8.351180076599121,22.640625,13.265625,1.4769446849822998,,,,,,,
1273,232.38530269999956,-5.35546875,-10.749628067016602,16.796875,5.35546875,0.9847471117973328,,,,,,,
1274,232.7165892999992,-10.703125,-11.117059707641602,24.25,10.703125,1.1954402923583984,,,,,,,
1275,233.01206599999932,-10.859375,-8.755906105041504,23.09375,10.859375,1.6269066333770752,,,,,,,
1276,233.24899499999992,-11.1484375,-9.043458938598633,14.4140625,11.1484375,1.7299782037734985,,,,,,,
1277,233.47527459999947,-7.97265625,-8.66030502319336,19.296875,7.97265625,1.6365702152252197,,,,,,,
1278,233.71615459999975,-9.28125,-9.723995208740234,20.5,9.28125,1.2838168144226074,,,,,,,
1279,233.9462582999995,-6.375,-8.871040344238281,18.140625,6.375,1.5352098941802979,,,,,,,
1280,234.1787390999998,-8.9765625,-8.183103561401367,25.640625,8.9765625,1.395021915435791,,,1.3540394306182861,0.11898818612098694,1.197148323059082,1.34613835811615,1.552402138710022
1281,234.39428829999997,-15.8359375,-9.404068946838379,23.671875,15.8359375,1.455305814743042,,,,,,,
1282,234.7111159999995,-10.734375,-9.378593444824219,18.65625,10.734375,1.52765691280365,,,,,,,
1283,234.9090643999998,-13.59375,-8.902810096740723,20.609375,13.59375,1.4409401416778564,,,,,,,
1284,235.09942989999945,-10.515625,-8.941688537597656,17.953125,10.515625,1.4879989624023438,,,,,,,
1285,235.29953249999926,-11.140625,-6.647770881652832,19.484375,11.140625,1.6022288799285889,,,,,,,
1286,235.51100489999953,-0.67138671875,-7.626651763916016,15.765625,0.67138671875,1.5295982360839844,,,,,,,
1287,235.7202502,-11.84375,-10.192100524902344,18.234375,11.84375,1.0735241174697876,,,,,,,
1288,235.93712159999995,-15.5625,-8.458343505859375,24.3125,15.5625,1.276031732559204,,,,,,,
1289,236.16244969999934,-6.890625,-9.18884563446045,20.09375,6.890625,1.3736544847488403,,,,,,,
1290,236.3674048999992,-13.1171875,-8.973492622375488,19.625,13.1171875,1.2374447584152222,,,,,,,
1291,236.56267099999968,-12.6875,-9.000293731689453,27.03125,12.6875,1.5934562683105469,,,,,,,
1292,236.77348359999996,-11.4453125,-8.690939903259277,20.5,11.4453125,0.9731228351593018,,,,,,,
1293,236.9893665999998,-7.34375,-10.341012001037598,19.1875,7.34375,1.5027379989624023,,,,,,,
1294,237.2096746999996,-13.515625,-9.966705322265625,24.3125,13.515625,1.3457942008972168,,,,,,,
1295,237.39866789999996,-9.5546875,-7.229963302612305,19.875,9.5546875,1.1997239589691162,,,,,,,
1296,237.59582369999953,-13.6171875,-8.407352447509766,24.984375,13.6171875,1.248897910118103,,,,,,,
1297,237.8007248999993,-16.265625,-8.108638763427734,23.671875,16.265625,1.3679239749908447,,,,,,,
1298,237.9939021,-11.59375,-8.570115089416504,20.140625,11.59375,1.9455100297927856,,,,,,,
1299,238.1991307999997,-13.2890625,-8.41027545928955,25.234375,13.2890625,1.3319123983383179,,,,,,,
1300,238.39820059999965,-14.0390625,-9.248881340026855,20.921875,14.0390625,1.4151811599731445,,,1.364472508430481,0.09315532445907593,1.2444700002670288,1.368237018585205,1.5430124998092651
1301,238.5860189999994,-9.03125,-7.596343517303467,18.296875,9.03125,1.3177189826965332,,,,,,,
1302,238.7836301999996,-10.9453125,-9.584120750427246,20.5625,10.9453125,1.353379249572754,,,,,,,
1303,238.9713127999994,-11.8828125,-8.673352241516113,20.796875,11.8828125,1.4672726392745972,,,,,,,
1304,239.1618381999997,-9.921875,-10.630341529846191,16.734375,9.921875,1.33059561252594,,,,,,,
1305,239.37690059999932,-4.99609375,-8.362871170043945,20.703125,4.99609375,1.551191806793213,,,,,,,
1306,239.6403137999996,-12.9140625,-9.571792602539062,20.765625,12.9140625,1.2719578742980957,,,,,,,
1307,239.90178699999979,-12.828125,-8.383005142211914,26.15625,12.828125,1.2107443809509277,,,,,,,
1308,240.1534490999993,-6.39453125,-9.352518081665039,20.0,6.39453125,1.4365441799163818,,,,,,,
1309,240.3958843999999,-8.03125,-8.11629867553711,21.484375,8.03125,1.1493263244628906,,,,,,,
1310,240.61225149999973,-11.40625,-8.851317405700684,20.1875,11.40625,1.117432713508606,,,,,,,
1311,240.83942229999957,-8.1328125,-9.064949989318848,12.6328125,8.1328125,1.3569250106811523,,,,,,,
1312,241.05191379999997,-6.796875,-8.225310325622559,20.5,6.796875,1.415314793586731,,,,,,,
1313,241.2704146999995,-6.734375,-9.27377700805664,21.21875,6.734375,1.0621600151062012,,,,,,,
1314,241.4890175999999,-11.2890625,-8.820364952087402,20.375,11.2890625,1.5468227863311768,,,,,,,
1315,241.72532709999996,-13.375,-9.569684028625488,23.546875,13.375,1.4928157329559326,,,,,,,
1316,241.96550799999932,-14.078125,-9.873156547546387,19.734375,14.078125,1.1268432140350342,,,,,,,
1317,242.19814449999922,-5.4296875,-7.061397075653076,15.8515625,5.4296875,1.4229780435562134,,,,,,,
1318,242.53404189999947,-6.1484375,-8.085918426513672,16.578125,6.1484375,1.2031440734863281,,,,,,,
1319,242.77830670000003,-10.375,-9.776260375976562,18.984375,10.375,1.3956151008605957,,,,,,,
1320,243.00931349999973,-10.7265625,-9.360304832458496,26.234375,10.7265625,1.6475075483322144,,,1.3854010105133057,0.12734529376029968,1.215419888496399,1.355460524559021,1.5528923273086548
1321,243.22882479999953,-5.265625,-9.792169570922852,17.3125,5.265625,1.153143286705017,,,,,,,
1322,243.47196259999964,-16.703125,-11.294441223144531,24.90625,16.703125,1.4868086576461792,,,,,,,
1323,243.71693239999968,-7.46875,-10.570148468017578,20.40625,7.46875,1.5314139127731323,,,,,,,
1324,243.94981579999967,-10.3125,-9.24388599395752,20.171875,10.3125,0.9826765060424805,,,,,,,
1325,244.20600339999964,-18.15625,-10.135551452636719,23.875,18.15625,1.3800735473632812,,,,,,,
1326,244.4560292999995,-7.8828125,-8.314615249633789,24.125,7.8828125,2.0056967735290527,,,,,,,
1327,244.6879375999997,-9.9765625,-9.29474925994873,24.15625,9.9765625,1.7052509784698486,,,,,,,
1328,244.91989869999998,-10.1171875,-8.897396087646484,17.09375,10.1171875,1.2432293891906738,,,,,,,
1329,245.11422449999918,-8.7578125,-8.91193962097168,19.453125,8.7578125,1.291185736656189,,,,,,,
1330,245.3333146999994,-10.265625,-9.27210807800293,19.71875,10.265625,0.9388291835784912,,,,,,,
1331,245.5968484999994,-11.40625,-9.8073091506958,22.0,11.40625,1.6458158493041992,,,,,,,
1332,245.86484129999917,-4.28125,-10.575467109680176,20.25,4.28125,1.3698453903198242,,,,,,,
1333,246.20205599999917,-14.6796875,-9.938130378723145,24.296875,14.6796875,1.2181193828582764,,,,,,,
1334,246.54779939999935,-6.87890625,-8.883264541625977,16.984375,6.87890625,1.187048077583313,,,,,,,
1335,246.8349976999998,-7.48828125,-9.252302169799805,23.1875,7.48828125,1.5601980686187744,,,,,,,
1336,247.06601599999976,-9.2578125,-7.984922409057617,19.109375,9.2578125,0.8978903293609619,,,,,,,
1337,247.3007336999999,-7.32421875,-8.453901290893555,16.96875,7.32421875,1.8898488283157349,,,,,,,
1338,247.52084339999965,-4.37890625,-8.61239242553711,16.6875,4.37890625,1.4344825744628906,,,,,,,
1339,247.76037949999954,-4.12109375,-7.8890886306762695,14.0625,4.12109375,1.45466148853302,,,,,,,
1340,247.97558779999963,-10.9609375,-10.08237361907959,18.734375,10.9609375,1.3473138809204102,,,1.3473715782165527,0.11859330534934998,1.1607000827789307,1.3471256494522095,1.5235192775726318
1341,248.21628710000005,-8.0859375,-7.138165473937988,20.09375,8.0859375,1.5493345260620117,,,,,,,
1342,248.4269805999993,-7.53515625,-8.696795463562012,15.1328125,7.53515625,1.5297669172286987,,,,,,,
1343,248.67869589999918,-6.7734375,-8.1681489944458,21.34375,6.7734375,1.1131006479263306,,,,,,,
1344,248.97636739999962,-17.28125,-9.42503547668457,19.5,17.28125,1.1999647617340088,,,,,,,
1345,249.28008919999957,-12.046875,-9.872757911682129,24.34375,12.046875,1.3850548267364502,,,,,,,
1346,249.5395187999993,-6.60546875,-10.40407943725586,16.75,6.60546875,1.5412333011627197,,,,,,,
1347,249.9046785999999,-12.359375,-9.51300048828125,21.75,12.359375,1.330749273300171,,,,,,,
1348,250.2189456999995,-11.6015625,-9.381811141967773,18.921875,11.6015625,1.4385018348693848,,,,,,,
1349,250.55855109999993,-10.1328125,-9.969130516052246,22.125,10.1328125,1.780869722366333,,,,,,,
1350,250.92877279999993,-2.087890625,-8.566593170166016,15.5390625,2.087890625,1.120906949043274,,,,,,,
1351,251.2921523999994,-11.8046875,-9.048157691955566,22.9375,11.8046875,1.342466950416565,,,,,,,
1352,251.62546909999946,-6.19921875,-8.988945960998535,15.7109375,6.19921875,0.9016790986061096,,,,,,,
1353,251.88744709999992,1.091796875,-8.411331176757812,13.8203125,-1.091796875,1.8777309656143188,,,,,,,
1354,252.11478829999942,-4.390625,-9.931376457214355,23.359375,4.390625,1.5451858043670654,,,,,,,
1355,252.35874839999997,-9.5234375,-9.16397762298584,15.609375,9.5234375,1.2891477346420288,,,,,,,
1356,252.6214132999994,-5.6796875,-10.800924301147461,17.5,5.6796875,1.4022002220153809,,,,,,,
1357,252.8951017999998,-8.3125,-9.408488273620605,17.03125,8.3125,1.927449107170105,,,,,,,
1358,253.1536503999996,-7.7421875,-8.641242980957031,17.140625,7.7421875,1.4056318998336792,,,,,,,
1359,253.42025560000002,-14.0546875,-9.610754013061523,23.9375,14.0546875,1.3189338445663452,,,,,,,
1360,253.64895279999928,-11.0078125,-8.98292064666748,22.609375,11.0078125,1.3295795917510986,,,1.349292516708374,0.10465516895055771,1.2094604969024658,1.3414831161499023,1.4960269927978516
1361,253.8565394999996,-9.3203125,-8.901439666748047,21.09375,9.3203125,1.2469974756240845,,,,,,,
1362,254.1088065999993,-9.6953125,-8.41036319732666,18.9375,9.6953125,1.2771365642547607,,,,,,,
1363,254.40120839999963,-4.28125,-8.972359657287598,17.625,4.28125,1.668265461921692,,,,,,,
1364,254.6310942,-13.984375,-10.880090713500977,24.328125,13.984375,1.3542845249176025,,,,,,,
1365,254.86052130000007,-8.0078125,-8.501051902770996,21.875,8.0078125,1.0145729780197144,,,,,,,
1366,255.08736429999954,-7.5703125,-10.579412460327148,16.484375,7.5703125,1.2174628973007202,,,,,,,
1367,255.31048629999987,-14.1875,-8.788074493408203,26.015625,14.1875,1.180675745010376,,,,,,,
1368,255.53158600000006,-10.78125,-9.0057373046875,22.21875,10.78125,1.4005123376846313,,,,,,,
1369,255.75407649999943,-8.640625,-8.452679634094238,16.59375,8.640625,1.4770081043243408,,,,,,,
1370,255.96749089999958,-7.4375,-9.102821350097656,24.015625,7.4375,1.7018665075302124,,,,,,,
1371,256.1783263999996,-8.0078125,-9.443812370300293,14.1640625,8.0078125,1.5405625104904175,,,,,,,
1372,256.39573930000006,-7.31640625,-8.699743270874023,17.421875,7.31640625,0.9877563714981079,,,,,,,
1373,256.60924199999954,-10.0078125,-8.801826477050781,23.78125,10.0078125,1.43254816532135,,,,,,,
1374,256.8219859000001,-10.03125,-7.267857551574707,23.078125,10.03125,1.1227672100067139,,,,,,,
1375,257.03701939999974,-10.9296875,-9.385603904724121,23.328125,10.9296875,1.450333833694458,,,,,,,
1376,257.2462341999999,-4.73828125,-9.30284309387207,19.296875,4.73828125,1.4002821445465088,,,,,,,
1377,257.4581318999999,-7.453125,-9.449339866638184,21.3125,7.453125,0.9256600141525269,,,,,,,
1378,257.68089059999966,-1.23828125,-8.832306861877441,13.828125,1.23828125,1.30831778049469,,,,,,,
1379,257.89981569999964,-3.78125,-8.998311996459961,13.7265625,3.78125,1.329813003540039,,,,,,,
1380,258.1220562999997,-4.578125,-9.969096183776855,15.8671875,4.578125,1.3121535778045654,,,1.3471766710281372,0.10336225479841232,1.1742886304855347,1.3413945436477661,1.5182476043701172
1381,258.32394849999946,-3.90234375,-9.214908599853516,14.84375,3.90234375,0.9569668769836426,,,,,,,
1382,258.5369891,-9.5078125,-8.791923522949219,19.625,9.5078125,1.5518261194229126,,,,,,,
1383,258.7489556999999,-3.6484375,-9.404900550842285,18.90625,3.6484375,1.2747870683670044,,,,,,,
1384,258.96841049999966,-2.912109375,-9.84932804107666,16.40625,2.912109375,1.0725467205047607,,,,,,,
1385,259.1739742,-11.5078125,-8.756566047668457,25.734375,11.5078125,1.6106213331222534,,,,,,,
1386,259.37303109999993,0.0058135986328125,-8.651664733886719,15.75,-0.0058135986328125,1.5670850276947021,,,,,,,
1387,259.5608764999997,-3.75,-10.345431327819824,20.6875,3.75,1.1467561721801758,,,,,,,
1388,259.80356889999985,-10.515625,-9.12856674194336,20.40625,10.515625,1.3089337348937988,,,,,,,
1389,260.03593809999984,-5.49609375,-10.145258903503418,15.375,5.49609375,1.3391163349151611,,,,,,,
1390,260.2944002999993,-8.609375,-8.759221076965332,19.28125,8.609375,1.295466661453247,,,,,,,
1391,260.57257169999957,-9.3515625,-9.836451530456543,19.28125,9.3515625,1.3822985887527466,,,,,,,
1392,260.8388146999996,-8.421875,-10.712507247924805,17.546875,8.421875,1.4203057289123535,,,,,,,
1393,261.1201965999999,-7.10546875,-9.176021575927734,22.15625,7.10546875,1.722415566444397,,,,,,,
1394,261.37722959999974,-8.078125,-8.759513854980469,20.484375,8.078125,1.4592359066009521,,,,,,,
1395,261.5934926,-9.8125,-9.308486938476562,23.21875,9.8125,1.7071378231048584,,,,,,,
1396,261.8076287999993,-4.828125,-8.116006851196289,11.9921875,4.828125,1.57149338722229,,,,,,,
1397,262.0311331999992,-3.49609375,-8.872686386108398,15.0703125,3.49609375,1.3460638523101807,,,,,,,
1398,262.29621569999927,-10.0,-10.258279800415039,23.109375,10.0,1.1401572227478027,,,,,,,
1399,262.55424700000003,-5.2890625,-9.149415969848633,18.859375,5.2890625,1.4052718877792358,,,,,,,
1400,262.8169156999993,-9.203125,-9.924439430236816,17.53125,9.203125,1.0911858081817627,,,1.315661907196045,0.09734547883272171,1.209713101387024,1.298200249671936,1.504225730895996
1401,263.04145549999976,-7.37890625,-7.443804740905762,16.859375,7.37890625,1.4780702590942383,,,,,,,
1402,263.2518979999995,-3.3671875,-9.338869094848633,13.1328125,3.3671875,1.145505428314209,,,,,,,
1403,263.4519845999994,-8.90625,-9.09912395477295,20.375,8.90625,1.3149387836456299,,,,,,,
1404,263.6491024999996,-8.6875,-9.413688659667969,18.671875,8.6875,1.2581861019134521,,,,,,,
1405,263.8680050999992,-1.26953125,-9.292206764221191,13.90625,1.26953125,1.4734179973602295,,,,,,,
1406,264.0949490999992,-8.78125,-8.792800903320312,17.90625,8.78125,1.2228245735168457,,,,,,,
1407,264.30749729999934,-5.74609375,-8.58162784576416,15.1875,5.74609375,1.3402469158172607,,,,,,,
1408,264.56214779999937,-5.49609375,-8.289216995239258,14.03125,5.49609375,1.3592209815979004,,,,,,,
1409,264.9815131999994,-4.0546875,-8.347996711730957,12.3515625,4.0546875,1.4332530498504639,,,,,,,
1410,265.1799701,-6.796875,-9.075844764709473,16.953125,6.796875,1.338217854499817,,,,,,,
1411,265.37241559999984,-4.80078125,-9.007248878479004,15.1171875,4.80078125,1.039626121520996,,,,,,,
1412,265.5563059999995,-7.88671875,-8.199063301086426,15.3671875,7.88671875,1.1759363412857056,,,,,,,
1413,265.74955109999974,-11.0390625,-9.113677978515625,23.109375,11.0390625,1.5581965446472168,,,,,,,
1414,265.9539705999996,-6.80078125,-9.190404891967773,16.515625,6.80078125,1.6299078464508057,,,,,,,
1415,266.1535839999997,-7.44140625,-9.84103012084961,16.140625,7.44140625,1.4011576175689697,,,,,,,
1416,266.3467379999993,-7.73828125,-8.888195037841797,16.796875,7.73828125,1.6586798429489136,,,,,,,
1417,266.5428658999999,-6.43359375,-8.582276344299316,18.09375,6.43359375,1.2536615133285522,,,,,,,
1418,266.7335912999997,-9.109375,-9.032621383666992,21.328125,9.109375,1.686128854751587,,,,,,,
1419,266.93543939999927,-6.49609375,-7.209664821624756,15.984375,6.49609375,1.2668976783752441,,,,,,,
1420,267.1181551999998,-7.91796875,-9.516464233398438,19.796875,7.91796875,1.4679107666015625,,,1.3629909753799438,0.12259136885404587,1.1835294961929321,1.35113525390625,1.5706185102462769
1421,267.31044849999944,-2.638671875,-8.449066162109375,13.90625,2.638671875,1.793121576309204,,,,,,,
1422,267.50280609999936,-6.66796875,-8.551641464233398,16.671875,6.66796875,1.3233587741851807,,,,,,,
1423,267.7042703999996,-8.5625,-9.705101013183594,21.5,8.5625,1.7011486291885376,,,,,,,
1424,267.89436059999935,-4.59765625,-9.32034683227539,10.9765625,4.59765625,1.429653286933899,,,,,,,
1425,268.0942879999993,2.19921875,-9.9240083694458,10.1875,-2.19921875,1.4041166305541992,,,,,,,
1426,268.30215729999964,-4.1484375,-9.035009384155273,16.34375,4.1484375,1.2540533542633057,,,,,,,
1427,268.5080234999996,-11.8359375,-11.873558044433594,17.9375,11.8359375,1.4076918363571167,,,,,,,
1428,268.7124398999995,-2.611328125,-9.886041641235352,15.2109375,2.611328125,1.4420838356018066,,,,,,,
1429,268.90633809999963,-6.84375,-9.040260314941406,18.359375,6.84375,1.4753642082214355,,,,,,,
1430,269.11608069999966,-4.921875,-9.151729583740234,18.96875,4.921875,1.9888949394226074,,,,,,,
1431,269.30896009999924,-4.8203125,-9.18208122253418,12.53125,4.8203125,1.2554186582565308,,,,,,,
1432,269.6687342999994,-11.0625,-9.725144386291504,18.25,11.0625,1.1029809713363647,,,,,,,
1433,269.91242559999955,0.32958984375,-8.298316955566406,13.1953125,-0.32958984375,1.3032457828521729,,,,,,,
1434,270.18055079999976,-6.078125,-8.57095718383789,12.34375,6.078125,1.483730673789978,,,,,,,
1435,270.4263504999999,-2.29296875,-8.809314727783203,17.890625,2.29296875,1.487560749053955,,,,,,,
1436,270.6734993,-0.1280517578125,-9.831279754638672,16.359375,0.1280517578125,1.55934476852417,,,,,,,
1437,270.9220642,-1.9365234375,-8.632891654968262,13.03125,1.9365234375,1.304608702659607,,,,,,,
1438,271.24627639999926,-8.0234375,-7.738838195800781,17.171875,8.0234375,1.4799116849899292,,,,,,,
1439,271.50172159999966,-11.9453125,-9.95525074005127,22.484375,11.9453125,1.5994367599487305,,,,,,,
1440,271.7858815999998,3.904296875,-8.817547798156738,13.0703125,-3.904296875,0.932452380657196,,,1.2857246398925781,0.107734315097332,1.1187318563461304,1.289530873298645,1.4507126808166504
1441,272.09079179999935,-5.13671875,-8.34504222869873,15.5390625,5.13671875,1.1471449136734009,,,,,,,
1442,272.44961799999965,-5.5390625,-10.238484382629395,14.0859375,5.5390625,1.2146403789520264,,,,,,,
1443,272.7058279999992,-8.3359375,-9.150077819824219,20.375,8.3359375,1.5452351570129395,,,,,,,
1444,272.9687931999997,-1.6201171875,-10.631251335144043,16.234375,1.6201171875,1.5249985456466675,,,,,,,
1445,273.19343219999973,-9.0234375,-9.114444732666016,16.078125,9.0234375,1.4089932441711426,,,,,,,
1446,273.42744669999956,-14.4609375,-8.580697059631348,14.0078125,14.4609375,1.3021153211593628,,,,,,,
1447,273.7148499999994,0.384033203125,-8.354569435119629,11.640625,-0.384033203125,1.4110558032989502,,,,,,,
1448,273.90983679999954,-10.546875,-8.991011619567871,24.0,10.546875,1.751175880432129,,,,,,,
1449,274.12478909999936,-13.0546875,-9.433506965637207,20.359375,13.0546875,1.503993034362793,,,,,,,
1450,274.35611809999955,-11.5625,-9.530611991882324,20.59375,11.5625,1.4068883657455444,,,,,,,
1451,274.5672737999994,-2.3828125,-10.207757949829102,14.9453125,2.3828125,1.612554907798767,,,,,,,
1452,274.7742135999997,-1.806640625,-8.343923568725586,13.46875,1.806640625,1.538888692855835,,,,,,,
1453,274.98619899999994,-6.63671875,-9.1987886428833,17.328125,6.63671875,1.2387111186981201,,,,,,,
1454,275.20203459999993,1.2822265625,-9.381345748901367,10.6328125,-1.2822265625,1.2749040126800537,,,,,,,
1455,275.4251399999994,-4.2421875,-7.82773494720459,16.984375,4.2421875,1.0394527912139893,,,,,,,
1456,275.6351887999999,-5.8046875,-10.829948425292969,14.1875,5.8046875,1.2950515747070312,,,,,,,
1457,275.8688611999996,-8.703125,-8.787796020507812,19.390625,8.703125,1.3215792179107666,,,,,,,
1458,276.12690179999936,-1.642578125,-8.450020790100098,11.125,1.642578125,1.2843539714813232,,,,,,,
1459,276.31547409999985,-9.890625,-8.208637237548828,17.265625,9.890625,1.3538622856140137,,,,,,,
1460,276.51333089999935,0.1544189453125,-10.015501022338867,15.1328125,-0.1544189453125,1.3594986200332642,,,1.3459739685058594,0.12748301029205322,1.1655478477478027,1.3310070037841797,1.5806562900543213
1461,276.7184895999999,-3.11328125,-8.297699928283691,14.6015625,3.11328125,1.4991753101348877,,,,,,,
1462,276.9225727999992,-11.203125,-9.940752983093262,17.59375,11.203125,1.4186221361160278,,,,,,,
1463,277.1265195999995,-7.86328125,-8.875805854797363,18.21875,7.86328125,1.1476317644119263,,,,,,,
1464,277.34321349999937,-8.3671875,-8.077589988708496,19.78125,8.3671875,1.3052223920822144,,,,,,,
1465,277.5411970999994,-5.91015625,-9.969870567321777,17.234375,5.91015625,1.3738796710968018,,,,,,,
1466,277.7522939999999,-3.912109375,-9.636815071105957,14.0,3.912109375,1.113185167312622,,,,,,,
1467,277.9710634999992,-9.46875,-9.19751262664795,20.4375,9.46875,1.3727996349334717,,,,,,,
1468,278.2109075999997,-10.8671875,-8.391075134277344,25.890625,10.8671875,1.780800223350525,,,,,,,
1469,278.5291423999997,-6.625,-8.713824272155762,21.234375,6.625,1.3955503702163696,,,,,,,
1470,278.7437734999994,-9.5078125,-9.058868408203125,14.2109375,9.5078125,1.4411317110061646,,,,,,,
1471,278.9394671,-3.921875,-8.257375717163086,13.109375,3.921875,1.1879363059997559,,,,,,,
1472,279.1613662999998,-9.171875,-8.538081169128418,17.109375,9.171875,1.2900437116622925,,,,,,,
1473,279.3801197999992,-6.1484375,-8.658641815185547,17.6875,6.1484375,1.3413578271865845,,,,,,,
1474,279.60031869999966,-12.515625,-9.381351470947266,22.71875,12.515625,1.5405231714248657,,,,,,,
1475,279.8015384,-5.078125,-9.658430099487305,16.828125,5.078125,1.560319423675537,,,,,,,
1476,280.00910099999965,-5.6953125,-8.484964370727539,12.75,5.6953125,1.1947228908538818,,,,,,,
1477,280.23924439999973,-2.392578125,-8.69005298614502,12.7109375,2.392578125,1.3880717754364014,,,,,,,
1478,280.49891750000006,-9.7265625,-9.127216339111328,11.7734375,9.7265625,1.4743461608886719,,,,,,,
1479,280.7131157999993,-7.91796875,-8.602831840515137,19.421875,7.91796875,1.0456054210662842,,,,,,,
1480,280.92903639999986,4.5390625,-9.46177864074707,11.390625,-4.5390625,1.3741589784622192,,,1.3443394899368286,0.13728153705596924,1.1619360446929932,1.3280723094940186,1.5531642436981201
1481,281.16198110000005,-3.802734375,-8.61584186553955,11.015625,3.802734375,1.2825953960418701,,,,,,,
1482,281.38893310000003,-4.83203125,-9.212118148803711,10.8359375,4.83203125,1.0691314935684204,,,,,,,
1483,281.5987581999998,-2.5625,-9.387889862060547,14.3671875,2.5625,1.432422161102295,,,,,,,
1484,281.8226947999992,-3.75390625,-7.747621059417725,12.1640625,3.75390625,0.9398790597915649,,,,,,,
1485,282.0556328999992,-6.5703125,-8.460959434509277,15.859375,6.5703125,1.5859156847000122,,,,,,,
1486,282.27632110000013,-1.7626953125,-8.885335922241211,13.7890625,1.7626953125,1.3802886009216309,,,,,,,
1487,282.4972517999995,-3.484375,-8.068819046020508,13.6796875,3.484375,1.4155560731887817,,,,,,,
1488,282.7075907999988,5.6796875,-8.601508140563965,5.66796875,-5.6796875,1.570366621017456,,,,,,,
1489,282.9444113999998,-7.67578125,-9.455320358276367,18.71875,7.67578125,1.325930118560791,,,,,,,
1490,283.2113637000002,-9.5859375,-8.850898742675781,19.109375,9.5859375,1.40691339969635,,,,,,,
1491,283.4515500999987,-2.556640625,-9.287257194519043,17.0625,2.556640625,1.7674304246902466,,,,,,,
1492,283.64347029999954,-4.58203125,-9.21094799041748,11.953125,4.58203125,1.4453020095825195,,,,,,,
1493,283.83676449999984,-1.4013671875,-8.177488327026367,14.7578125,1.4013671875,1.213136911392212,,,,,,,
1494,284.0404770999994,-1.98828125,-8.383631706237793,13.0625,1.98828125,1.421055793762207,,,,,,,
1495,284.2266148999988,2.12890625,-8.954001426696777,9.34375,-2.12890625,1.389748454093933,,,,,,,
1496,284.43387470000016,-6.63671875,-8.798738479614258,20.28125,6.63671875,1.5996994972229004,,,,,,,
1497,284.64129440000033,-6.4609375,-9.019071578979492,13.015625,6.4609375,1.0903029441833496,,,,,,,
1498,284.8351129999992,0.2279052734375,-6.793632507324219,12.5390625,-0.2279052734375,1.7532427310943604,,,,,,,
1499,285.0618966000002,-6.05859375,-8.659811019897461,13.7265625,6.05859375,1.1370644569396973,,,,,,,
1500,285.2772370999992,2.25390625,-7.9413909912109375,9.4375,-2.25390625,1.2304842472076416,,,1.334089756011963,0.10692280530929565,1.2052255868911743,1.3179056644439697,1.497947096824646
1501,285.4842331,-2.228515625,-8.160945892333984,12.46875,2.228515625,1.4171786308288574,,,,,,,
1502,285.778894699999,-0.0687255859375,-8.9586763381958,11.7734375,0.0687255859375,1.3069485425949097,,,,,,,
1503,286.16292669999893,-4.328125,-9.884719848632812,14.328125,4.328125,1.1074674129486084,,,,,,,
1504,286.5120812999994,-1.060546875,-7.997926235198975,13.7421875,1.060546875,1.236448884010315,,,,,,,
1505,286.7348242999997,0.3564453125,-8.161819458007812,9.5234375,-0.3564453125,1.1506807804107666,,,,,,,
1506,286.95243709999886,-9.1484375,-8.925634384155273,17.140625,9.1484375,1.1681157350540161,,,,,,,
1507,287.17921600000045,-2.60546875,-9.128545761108398,13.7109375,2.60546875,1.0198912620544434,,,,,,,
1508,287.3985267999997,-0.4541015625,-10.222729682922363,14.734375,0.4541015625,1.4335200786590576,,,,,,,
1509,287.61904109999887,-0.426513671875,-8.914107322692871,17.3125,0.426513671875,1.335892677307129,,,,,,,
1510,287.8747851999997,0.8955078125,-10.352092742919922,13.2734375,-0.8955078125,1.53853178024292,,,,,,,
1511,288.07917799999996,-6.67578125,-8.858966827392578,10.40625,6.67578125,1.69572114944458,,,,,,,
1512,288.2951089999988,-4.4921875,-10.12401008605957,13.4765625,4.4921875,1.4775524139404297,,,,,,,
1513,288.51332809999985,-5.93359375,-8.88469409942627,10.7109375,5.93359375,1.1153055429458618,,,,,,,
1514,288.7312196999992,-4.60546875,-9.867250442504883,16.796875,4.60546875,1.203061580657959,,,,,,,
1515,289.0306467999999,-3.25390625,-9.392576217651367,13.2890625,3.25390625,1.193361520767212,,,,,,,
1516,289.26589409999906,-0.88427734375,-9.961265563964844,13.859375,0.88427734375,1.0856093168258667,,,,,,,
1517,289.6020392999999,-0.357421875,-9.431856155395508,14.8359375,0.357421875,1.3806440830230713,,,,,,,
1518,289.9014109999989,1.0859375,-8.971185684204102,6.83984375,-1.0859375,1.2397520542144775,,,,,,,
1519,290.19365709999875,-2.01953125,-8.362875938415527,11.765625,2.01953125,1.0277488231658936,,,,,,,
1520,290.45749160000014,-4.54296875,-8.086377143859863,15.546875,4.54296875,1.4292480945587158,,,1.3634155988693237,0.10418194532394409,1.2197332382202148,1.3491122722625732,1.5614341497421265
1521,290.7317794999999,-4.3125,-7.197891712188721,9.890625,4.3125,1.1302332878112793,,,,,,,
1522,290.97903849999966,-1.3115234375,-8.703971862792969,11.9609375,1.3115234375,1.4835278987884521,,,,,,,
1523,291.27502879999884,-9.0234375,-8.868541717529297,13.21875,9.0234375,1.1783337593078613,,,,,,,
1524,291.52938969999923,-1.1064453125,-9.249494552612305,10.03125,1.1064453125,1.273942470550537,,,,,,,
1525,291.793260299999,-1.6552734375,-9.2914400100708,16.484375,1.6552734375,1.5523097515106201,,,,,,,
1526,292.08420859999933,-0.36767578125,-8.339456558227539,11.4375,0.36767578125,1.3324189186096191,,,,,,,
1527,292.3823577000003,-1.93359375,-9.000415802001953,15.2421875,1.93359375,1.1480216979980469,,,,,,,
1528,292.58885629999895,0.041351318359375,-8.874156951904297,10.96875,-0.041351318359375,1.344592809677124,,,,,,,
1529,292.81208979999974,-2.16015625,-7.841028690338135,12.6875,2.16015625,1.3386588096618652,,,,,,,
1530,293.03035959999943,-3.203125,-8.520334243774414,14.1171875,3.203125,1.4171653985977173,,,,,,,
1531,293.2845164999999,-5.4765625,-8.936786651611328,13.0234375,5.4765625,1.133526086807251,,,,,,,
1532,293.5156318999998,2.51953125,-9.157513618469238,10.359375,-2.51953125,1.2018616199493408,,,,,,,
1533,293.78445029999966,-3.546875,-8.86050033569336,14.9609375,3.546875,1.3504374027252197,,,,,,,
1534,294.03738859999976,-1.869140625,-8.920870780944824,11.65625,1.869140625,1.3681913614273071,,,,,,,
1535,294.2548234999995,-0.1456298828125,-9.549683570861816,12.2890625,0.1456298828125,1.161253571510315,,,,,,,
1536,294.46421419999933,-0.0313720703125,-9.575191497802734,10.8828125,0.0313720703125,1.7294961214065552,,,,,,,
1537,294.64793800000007,-1.2724609375,-8.16919994354248,10.6953125,1.2724609375,1.5026754140853882,,,,,,,
1538,294.86158199999954,0.23291015625,-8.665868759155273,10.3671875,-0.23291015625,1.4981932640075684,,,,,,,
1539,295.06883579999885,-3.384765625,-9.022720336914062,11.828125,3.384765625,1.3757166862487793,,,,,,,
1540,295.31019489999926,-1.1484375,-9.606624603271484,13.8671875,1.1484375,1.5730628967285156,,,1.3682788610458374,0.1472310870885849,1.2104345560073853,1.3321797847747803,1.6819789409637451
1541,295.5883580999998,-2.357421875,-7.604206085205078,13.0,2.357421875,1.4739190340042114,,,,,,,
1542,295.84408299999996,-0.27197265625,-8.434338569641113,7.94921875,0.27197265625,0.9172239899635315,,,,,,,
1543,296.0759161999995,1.240234375,-8.599349021911621,9.2421875,-1.240234375,1.6428381204605103,,,,,,,
1544,296.3252257000004,1.080078125,-8.54035758972168,7.828125,-1.080078125,1.6080797910690308,,,,,,,
1545,296.75889199999983,-6.2421875,-9.636739730834961,13.296875,6.2421875,1.7226355075836182,,,,,,,
1546,296.9963140999989,0.1842041015625,-8.570022583007812,9.578125,-0.1842041015625,1.312790036201477,,,,,,,
1547,297.21209719999933,-2.69140625,-8.787226676940918,14.9140625,2.69140625,1.462773323059082,,,,,,,
1548,297.43440550000014,1.3818359375,-7.544715881347656,18.15625,-1.3818359375,1.4552842378616333,,,,,,,
1549,297.6563193000002,-2.6171875,-9.008550643920898,8.25,2.6171875,1.6555123329162598,,,,,,,
1550,297.89610469999934,-1.6416015625,-8.446944236755371,8.09375,1.6416015625,0.9749310612678528,,,,,,,
1551,298.1271161000004,-4.59765625,-9.916467666625977,12.125,4.59765625,1.575720191001892,,,,,,,
1552,298.3282371999994,-2.91796875,-12.104009628295898,12.1015625,2.91796875,1.6850528717041016,,,,,,,
1553,298.54101739999896,0.646484375,-8.482559204101562,5.4296875,-0.646484375,1.3143157958984375,,,,,,,
1554,298.7529364999991,5.09375,-8.531807899475098,8.0859375,-5.09375,1.6478796005249023,,,,,,,
1555,298.96923400000014,-1.88671875,-8.488774299621582,11.7578125,1.88671875,1.144038200378418,,,,,,,
1556,299.2027746999993,-1.8740234375,-7.600128173828125,11.4375,1.8740234375,1.509247064590454,,,,,,,
1557,299.43824049999967,-5.65625,-7.491912841796875,13.5703125,5.65625,1.414337396621704,,,,,,,
1558,299.6563473999995,-4.078125,-8.387858390808105,12.765625,4.078125,1.463703989982605,,,,,,,
1559,299.87912270000015,0.1812744140625,-8.076192855834961,8.25,-0.1812744140625,1.3613075017929077,,,,,,,
1560,300.0939540999989,-4.72265625,-9.428786277770996,8.671875,4.72265625,1.321213722229004,,,1.3510839939117432,0.09413515776395798,1.22477126121521,1.3450814485549927,1.5109450817108154
1561,300.29113159999906,-3.33984375,-8.838823318481445,14.4296875,3.33984375,1.3252395391464233,,,,,,,
1562,300.4950611999993,0.299072265625,-8.315040588378906,11.6796875,-0.299072265625,1.2474597692489624,,,,,,,
1563,300.6895810999995,-1.13671875,-8.346344947814941,8.1640625,1.13671875,1.4661550521850586,,,,,,,
1564,300.90812989999904,-4.09375,-9.950551986694336,11.6328125,4.09375,1.5103859901428223,,,,,,,
1565,301.1366257999998,-6.47265625,-8.737834930419922,17.75,6.47265625,1.3715399503707886,,,,,,,
1566,301.3716115999996,-0.697265625,-9.369184494018555,9.5,0.697265625,1.3183155059814453,,,,,,,
1567,301.6151904999988,-3.146484375,-8.950581550598145,15.59375,3.146484375,1.5025434494018555,,,,,,,
1568,301.8630327999999,0.1409912109375,-8.915840148925781,8.84375,-0.1409912109375,1.5294725894927979,,,,,,,
1569,302.0470624999998,0.86669921875,-9.50370979309082,10.1328125,-0.86669921875,1.3087902069091797,,,,,,,
1570,302.22693040000013,-2.390625,-8.984536170959473,12.96875,2.390625,1.3670265674591064,,,,,,,
1571,302.3974455999996,-2.541015625,-9.007952690124512,11.90625,2.541015625,1.3982970714569092,,,,,,,
1572,302.58397159999913,1.873046875,-9.80568790435791,8.8125,-1.873046875,1.2099369764328003,,,,,,,
1573,302.78133349999916,1.7685546875,-9.138368606567383,11.4765625,-1.7685546875,1.6975688934326172,,,,,,,
1574,302.9700481999989,-2.703125,-8.852621078491211,8.4609375,2.703125,1.3426913022994995,,,,,,,
1575,303.14731310000025,5.82421875,-8.803936004638672,6.19921875,-5.82421875,1.3132511377334595,,,,,,,
1576,303.3291903999998,-1.755859375,-9.33668041229248,16.03125,1.755859375,1.46800696849823,,,,,,,
1577,303.5049908000001,-0.000614166259765625,-8.749541282653809,3.31640625,0.000614166259765625,1.109833836555481,,,,,,,
1578,303.68860499999937,-4.8515625,-9.1520414352417,12.8515625,4.8515625,1.3792085647583008,,,,,,,
1579,303.8628461999997,4.734375,-8.904972076416016,8.046875,-4.734375,1.3762776851654053,,,,,,,
1580,304.04949920000035,2.201171875,-8.915212631225586,3.79296875,-2.201171875,1.1785374879837036,,,1.3289923667907715,0.09807011485099792,1.1916577816009521,1.3249824047088623,1.501132607460022
1581,304.23729749999984,-5.28125,-9.228363037109375,11.53125,5.28125,1.1153864860534668,,,,,,,
1582,304.4139151999989,-3.806640625,-8.904293060302734,13.9453125,3.806640625,1.5332069396972656,,,,,,,
1583,304.60106619999897,-1.5615234375,-8.921439170837402,10.96875,1.5615234375,1.3129355907440186,,,,,,,
1584,304.78927029999977,3.330078125,-9.152332305908203,5.1328125,-3.330078125,1.152355670928955,,,,,,,
1585,304.99364930000047,2.169921875,-9.51740550994873,10.703125,-2.169921875,1.3341572284698486,,,,,,,
1586,305.1940436999994,-1.0654296875,-8.52513313293457,10.9765625,1.0654296875,1.0686163902282715,,,,,,,
1587,305.37866219999887,-1.994140625,-8.056927680969238,17.171875,1.994140625,1.7711971998214722,,,,,,,
1588,305.55732439999883,0.11370849609375,-8.737137794494629,10.9609375,-0.11370849609375,1.2003618478775024,,,,,,,
1589,305.73112330000004,-6.30859375,-8.723541259765625,14.7265625,6.30859375,1.5342713594436646,,,,,,,
1590,305.9168002999995,-6.30078125,-9.023241996765137,12.375,6.30078125,1.1955081224441528,,,,,,,
1591,306.10192649999954,4.98828125,-9.52885913848877,5.484375,-4.98828125,1.4555158615112305,,,,,,,
1592,306.28218240000024,3.046875,-8.615800857543945,5.5546875,-3.046875,1.2904495000839233,,,,,,,
1593,306.4570664999992,0.55810546875,-9.118976593017578,7.84375,-0.55810546875,1.2950854301452637,,,,,,,
1594,306.6286522999999,-4.25,-9.302131652832031,9.2734375,4.25,1.2525556087493896,,,,,,,
1595,306.7962564999998,-3.046875,-9.343588829040527,8.484375,3.046875,1.312661051750183,,,,,,,
1596,306.96576379999897,-3.56640625,-7.94848108291626,13.1875,3.56640625,1.3562065362930298,,,,,,,
1597,307.1393601999989,-0.4150390625,-8.513315200805664,9.578125,0.4150390625,1.2913727760314941,,,,,,,
1598,307.32730529999935,0.966796875,-9.976104736328125,11.765625,-0.966796875,1.6332703828811646,,,,,,,
1599,307.4984059999988,9.6171875,-9.499308586120605,6.85546875,-9.6171875,1.2741289138793945,,,,,,,
1600,307.6758226000002,-0.35693359375,-9.250547409057617,10.890625,0.35693359375,1.108828067779541,,,1.321089267730713,0.0882294699549675,1.2034666538238525,1.3103928565979004,1.4777344465255737
1601,307.86347319999913,-2.73828125,-8.81754207611084,15.0859375,2.73828125,1.4793330430984497,,,,,,,
1602,308.14225429999897,-3.49609375,-8.746851921081543,12.875,3.49609375,1.495335340499878,,,,,,,
1603,308.4720870000001,2.361328125,-9.198041915893555,5.4609375,-2.361328125,1.1847708225250244,,,,,,,
1604,308.69386459999987,1.3916015625,-9.379182815551758,11.8828125,-1.3916015625,1.1051918268203735,,,,,,,
1605,308.90597270000035,-0.396240234375,-9.326574325561523,11.5,0.396240234375,1.423425555229187,,,,,,,
1606,309.15039369999977,0.68359375,-8.233612060546875,11.6640625,-0.68359375,1.782013177871704,,,,,,,
1607,309.3545137000001,-2.974609375,-10.065449714660645,7.8984375,2.974609375,1.2626755237579346,,,,,,,
1608,309.56493129999944,-4.72265625,-8.60014533996582,9.59375,4.72265625,1.0170416831970215,,,,,,,
1609,309.77000299999963,-3.814453125,-9.590636253356934,16.625,3.814453125,1.9718633890151978,,,,,,,
1610,309.96858389999943,-0.35205078125,-9.563547134399414,9.4921875,0.35205078125,1.0380158424377441,,,,,,,
1611,310.1667617999992,-2.486328125,-8.187566757202148,19.65625,2.486328125,1.7655584812164307,,,,,,,
1612,310.37127379999947,-0.74609375,-9.599976539611816,10.1796875,0.74609375,1.4547109603881836,,,,,,,
1613,310.5761359999997,-0.186767578125,-8.818924903869629,13.9296875,0.186767578125,1.618574857711792,,,,,,,
1614,310.78222339999957,4.79296875,-8.667594909667969,8.8203125,-4.79296875,1.3636555671691895,,,,,,,
1615,310.9894317999988,-0.953125,-8.290094375610352,11.4296875,0.953125,1.631780743598938,,,,,,,
1616,311.205941799999,0.367919921875,-8.958443641662598,9.7109375,-0.367919921875,1.158743977546692,,,,,,,
1617,311.4205334999988,2.818359375,-8.951464653015137,8.3671875,-2.818359375,1.3219726085662842,,,,,,,
1618,311.6273982999992,3.1953125,-9.194260597229004,7.62890625,-3.1953125,1.4776146411895752,,,,,,,
1619,311.82593669999915,0.94189453125,-9.372648239135742,12.6484375,-0.94189453125,1.4476640224456787,,,,,,,
1620,312.0252325999991,-3.830078125,-8.294286727905273,9.140625,3.830078125,1.1197758913040161,,,1.3202612400054932,0.09700711816549301,1.196524977684021,1.3094353675842285,1.5108556747436523
1621,312.22685269999965,-3.21875,-8.445355415344238,11.6796875,3.21875,1.3280818462371826,,,,,,,
1622,312.4765289999996,2.849609375,-8.8475341796875,7.953125,-2.849609375,1.3634028434753418,,,,,,,
1623,312.73322499999995,1.5400390625,-8.655611038208008,7.765625,-1.5400390625,0.9147012233734131,,,,,,,
1624,312.92969599999924,3.56640625,-7.928046226501465,6.4375,-3.56640625,1.4235165119171143,,,,,,,
1625,313.1355550999997,-2.72265625,-8.445773124694824,16.46875,2.72265625,1.6323516368865967,,,,,,,
1626,313.39337720000003,-1.693359375,-8.776395797729492,12.6640625,1.693359375,1.168917179107666,,,,,,,
1627,313.6440365999988,3.921875,-8.727519035339355,8.6875,-3.921875,1.3662312030792236,,,,,,,
1628,313.8587749999988,-2.3359375,-9.673223495483398,11.046875,2.3359375,1.2408392429351807,,,,,,,
1629,314.06436609999946,4.859375,-8.573500633239746,12.8515625,-4.859375,1.8327492475509644,,,,,,,
1630,314.2438328999997,1.61328125,-9.273765563964844,5.05078125,-1.61328125,1.5152966976165771,,,,,,,
1631,314.46642559999964,-6.26171875,-10.71901798248291,15.046875,6.26171875,1.593482255935669,,,,,,,
1632,314.6724439999998,2.7578125,-7.551778793334961,8.734375,-2.7578125,1.3232213258743286,,,,,,,
1633,314.8895843999999,-2.263671875,-9.037191390991211,13.296875,2.263671875,1.4628081321716309,,,,,,,
1634,315.1081482999998,-0.3291015625,-7.747618675231934,7.99609375,0.3291015625,1.5336313247680664,,,,,,,
1635,315.32873409999956,4.49609375,-9.113781929016113,12.71875,-4.49609375,1.3080933094024658,,,,,,,
1636,315.5246883999989,3.359375,-8.199905395507812,8.6171875,-3.359375,1.4954068660736084,,,,,,,
1637,315.7231587999995,0.6328125,-8.339971542358398,9.3203125,-0.6328125,1.3319036960601807,,,,,,,
1638,315.92048969999996,4.265625,-8.074542999267578,8.0625,-4.265625,1.4098316431045532,,,,,,,
1639,316.12027809999927,-5.26171875,-8.723832130432129,16.828125,5.26171875,1.2605431079864502,,,,,,,
1640,316.3120388999996,3.51953125,-8.347837448120117,8.0703125,-3.51953125,1.292787790298462,,,1.3315439224243164,0.1391308605670929,1.1636649370193481,1.300995945930481,1.608302354812622
1641,316.53180619999875,-1.2265625,-8.17745590209961,13.359375,1.2265625,1.0256688594818115,,,,,,,
1642,316.77299440000024,-3.375,-8.598225593566895,12.015625,3.375,1.4173997640609741,,,,,,,
1643,316.98184129999936,-4.53125,-9.286170959472656,7.3046875,4.53125,1.2841413021087646,,,,,,,
1644,317.18236649999926,-1.01953125,-8.640817642211914,18.484375,1.01953125,1.9998071193695068,,,,,,,
1645,317.3924198000004,1.1123046875,-9.118204116821289,9.2421875,-1.1123046875,1.3974204063415527,,,,,,,
1646,317.5888955999999,-0.88671875,-8.60159683227539,6.71875,0.88671875,1.398403525352478,,,,,,,
1647,317.77878359999886,2.5703125,-9.613990783691406,10.78125,-2.5703125,1.2610092163085938,,,,,,,
1648,317.9835779999994,-3.10546875,-9.977925300598145,13.828125,3.10546875,1.318949580192566,,,,,,,
1649,318.18011879999904,1.8671875,-8.4859619140625,10.2890625,-1.8671875,1.4749754667282104,,,,,,,
1650,318.45878300000004,-2.857421875,-9.471970558166504,8.5546875,2.857421875,1.6608415842056274,,,,,,,
1651,318.70978099999957,3.748046875,-8.163021087646484,9.9140625,-3.748046875,1.5713534355163574,,,,,,,
1652,318.90725029999885,-5.07421875,-8.9906005859375,12.2265625,5.07421875,1.4781489372253418,,,,,,,
1653,319.1047932999991,0.67138671875,-8.419584274291992,12.1015625,-0.67138671875,1.728853464126587,,,,,,,
1654,319.31420309999885,-6.53515625,-9.177162170410156,11.7421875,6.53515625,1.166587471961975,,,,,,,
1655,319.51566939999975,-0.385498046875,-9.470701217651367,13.671875,0.385498046875,1.3652360439300537,,,,,,,
1656,319.69983649999995,0.66015625,-8.100847244262695,9.71875,-0.66015625,1.5319652557373047,,,,,,,
1657,319.99059990000023,3.828125,-8.380706787109375,8.78125,-3.828125,1.345855474472046,,,,,,,
1658,320.35533550000036,0.74267578125,-9.017849922180176,10.4609375,-0.74267578125,0.9665249586105347,,,,,,,
1659,320.5619809,3.361328125,-9.368820190429688,8.9375,-3.361328125,1.5139927864074707,,,,,,,
1660,320.7660496999997,6.62109375,-8.97781753540039,6.71875,-6.62109375,1.6237447261810303,,,1.3799076080322266,0.13433024287223816,1.2151477336883545,1.3609774112701416,1.5927547216415405
1661,320.9912251000005,-0.61474609375,-10.81751537322998,12.40625,0.61474609375,1.409047245979309,,,,,,,
1662,321.1812725999989,-1.8779296875,-8.13766098022461,11.4609375,1.8779296875,1.5029640197753906,,,,,,,
1663,321.37358739999945,1.3994140625,-8.526641845703125,9.2421875,-1.3994140625,1.5827336311340332,,,,,,,
1664,321.5467327999995,2.033203125,-8.840206146240234,10.6171875,-2.033203125,1.2691689729690552,,,,,,,
1665,321.7155012000003,2.330078125,-7.528011322021484,12.765625,-2.330078125,1.3079261779785156,,,,,,,
1666,321.8857221999988,-3.03125,-9.391585350036621,15.25,3.03125,1.4209150075912476,,,,,,,
1667,322.07397479999963,1.8720703125,-7.9884562492370605,6.390625,-1.8720703125,1.3084187507629395,,,,,,,
1668,322.2570304000001,4.65234375,-8.059226036071777,12.484375,-4.65234375,1.4876492023468018,,,,,,,
1669,322.43592009999884,-4.8125,-10.076082229614258,11.8671875,4.8125,1.298917293548584,,,,,,,
1670,322.61852569999974,2.9296875,-8.80570125579834,9.265625,-2.9296875,1.3036733865737915,,,,,,,
1671,322.7965629999999,-0.1380615234375,-9.392659187316895,10.7890625,0.1380615234375,1.2401535511016846,,,,,,,
1672,322.9833345999996,3.279296875,-9.763591766357422,10.96875,-3.279296875,1.5332831144332886,,,,,,,
1673,323.1742114999997,5.3984375,-8.311586380004883,10.0625,-5.3984375,1.9540382623672485,,,,,,,
1674,323.3556951999999,5.9765625,-9.47073745727539,6.2109375,-5.9765625,0.9198877215385437,,,,,,,
1675,323.5320861,-0.3525390625,-8.449912071228027,10.7890625,0.3525390625,1.2297755479812622,,,,,,,
1676,323.7084565999994,0.2373046875,-8.931212425231934,9.671875,-0.2373046875,1.4672250747680664,,,,,,,
1677,323.8876541999998,-2.009765625,-8.476103782653809,11.203125,2.009765625,1.2035833597183228,,,,,,,
1678,324.0752519999987,-3.865234375,-9.606698989868164,15.1953125,3.865234375,1.7917381525039673,,,,,,,
1679,324.2652460999998,-4.1484375,-9.091095924377441,16.71875,4.1484375,1.3776540756225586,,,,,,,
1680,324.45569570000043,-3.169921875,-8.78805923461914,12.5546875,3.169921875,1.5791277885437012,,,1.3762786388397217,0.1277776062488556,1.1823530197143555,1.3582402467727661,1.5861177444458008
1681,324.6468060999996,-2.724609375,-7.900583267211914,10.6328125,2.724609375,1.263479471206665,,,,,,,
1682,324.83739199999945,1.89453125,-9.25485610961914,11.5,-1.89453125,1.7529560327529907,,,,,,,
1683,325.0124083999999,2.068359375,-8.51838493347168,11.84375,-2.068359375,1.0831780433654785,,,,,,,
1684,325.1930432999998,4.57421875,-9.954110145568848,5.51953125,-4.57421875,1.4521397352218628,,,,,,,
1685,325.39484599999923,0.7763671875,-8.299959182739258,10.0703125,-0.7763671875,1.2703533172607422,,,,,,,
1686,325.60068299999875,-3.314453125,-9.437652587890625,12.328125,3.314453125,1.4060972929000854,,,,,,,
1687,325.7908580000003,-0.8779296875,-8.761930465698242,12.9453125,0.8779296875,1.4802565574645996,,,,,,,
1688,325.9723733999999,2.515625,-8.541893005371094,8.8515625,-2.515625,1.2549817562103271,,,,,,,
1689,326.1528000999988,-4.015625,-9.030442237854004,10.8125,4.015625,1.360182762145996,,,,,,,
1690,326.3318053999992,-3.587890625,-9.831169128417969,16.671875,3.587890625,1.4032059907913208,,,,,,,
1691,326.51342289999957,-6.26953125,-8.358219146728516,17.90625,6.26953125,1.2433431148529053,,,,,,,
1692,326.6815444999993,0.900390625,-8.235273361206055,9.9140625,-0.900390625,1.5459765195846558,,,,,,,
1693,326.8511968999992,-3.65234375,-8.972941398620605,10.3046875,3.65234375,1.0739336013793945,,,,,,,
1694,327.02562099999886,1.29296875,-9.702116012573242,7.89453125,-1.29296875,1.2041341066360474,,,,,,,
1695,327.200280699999,2.37890625,-9.034585952758789,13.90625,-2.37890625,1.2622895240783691,,,,,,,
1696,327.3759752999995,-2.470703125,-9.862943649291992,14.421875,2.470703125,1.5042436122894287,,,,,,,
1697,327.55822179999996,3.3984375,-8.228691101074219,7.28125,-3.3984375,1.7244341373443604,,,,,,,
1698,327.7434548000001,-1.453125,-8.877128601074219,9.0703125,1.453125,1.3963086605072021,,,,,,,
1699,327.9275086999987,-2.1484375,-9.138422012329102,13.7109375,2.1484375,1.314703345298767,,,,,,,
1700,328.18601820000003,1.75,-9.945562362670898,10.5,-1.75,1.3903754949569702,,,1.3593509197235107,0.09952141344547272,1.234582781791687,1.3360912799835205,1.5366214513778687
1701,328.3899273999996,-0.72705078125,-6.6937360763549805,15.3046875,0.72705078125,1.329701542854309,,,,,,,
1702,328.6013217999989,-4.2265625,-9.184344291687012,12.6484375,4.2265625,1.1906553506851196,,,,,,,
1703,328.78215499999897,-3.294921875,-8.988656044006348,14.359375,3.294921875,1.183219075202942,,,,,,,
1704,328.9544310000001,0.21337890625,-8.864212036132812,8.7734375,-0.21337890625,1.2998507022857666,,,,,,,
1705,329.13161109999965,0.1275634765625,-9.027144432067871,14.546875,-0.1275634765625,1.5822309255599976,,,,,,,
1706,329.30588439999883,-1.240234375,-8.716021537780762,9.1015625,1.240234375,1.1980407238006592,,,,,,,
1707,329.49041360000047,-5.69921875,-10.072864532470703,12.7578125,5.69921875,1.333385705947876,,,,,,,
1708,329.66349249999985,1.11328125,-8.355599403381348,10.5390625,-1.11328125,1.1053380966186523,,,,,,,
1709,329.8339194,2.078125,-8.17785930633545,11.7109375,-2.078125,1.6112029552459717,,,,,,,
1710,330.0036815000003,-1.86328125,-9.183795928955078,8.9375,1.86328125,0.988079309463501,,,,,,,
1711,330.1760498000003,4.97265625,-8.152592658996582,8.328125,-4.97265625,1.488032579421997,,,,,,,
1712,330.3457536999995,-1.68359375,-7.97629451751709,6.3046875,1.68359375,1.461205244064331,,,,,,,
1713,330.51928289999887,-4.61328125,-9.59114933013916,13.890625,4.61328125,1.4401005506515503,,,,,,,
1714,330.6932429999997,6.9765625,-5.55632209777832,10.234375,-6.9765625,1.3811779022216797,,,,,,,
1715,330.87577520000013,-1.568359375,-8.01038646697998,7.70703125,1.568359375,1.42711341381073,,,,,,,
1716,331.0492868000001,0.461669921875,-9.062498092651367,11.3046875,-0.461669921875,1.2265647649765015,,,,,,,
1717,331.22165779999887,-4.5625,-11.12066650390625,14.875,4.5625,1.31683349609375,,,,,,,
1718,331.38861199999883,-1.9013671875,-8.351783752441406,14.7578125,1.9013671875,1.7341535091400146,,,,,,,
1719,331.6239143999992,0.436767578125,-7.7631516456604,11.3515625,-0.436767578125,1.3149733543395996,,,,,,,
1720,331.81526029999986,-2.9375,-9.694581031799316,16.1875,2.9375,1.508543610572815,,,1.3714888095855713,0.11335992068052292,1.224815845489502,1.3536067008972168,1.5676816701889038
1721,331.9867476999989,3.025390625,-9.806295394897461,4.234375,-3.025390625,1.23276686668396,,,,,,,
1722,332.1649878999997,3.70703125,-7.670729637145996,1.8125,-3.70703125,1.579270601272583,,,,,,,
1723,332.3569241999994,0.9169921875,-8.497072219848633,5.6875,-0.9169921875,1.4794905185699463,,,,,,,
1724,332.5432148,6.6953125,-8.233600616455078,6.703125,-6.6953125,1.3210864067077637,,,,,,,
1725,332.7190723999993,-1.744140625,-10.122269630432129,13.125,1.744140625,1.2996052503585815,,,,,,,
1726,332.89618229999905,3.826171875,-9.111244201660156,9.578125,-3.826171875,1.3418811559677124,,,,,,,
1727,333.07013929999994,1.7421875,-8.504989624023438,13.296875,-1.7421875,1.7918858528137207,,,,,,,
1728,333.24792999999954,-1.8056640625,-8.09556770324707,11.4296875,1.8056640625,1.2013072967529297,,,,,,,
1729,333.42836759999955,-2.177734375,-9.615215301513672,13.34375,2.177734375,1.4472848176956177,,,,,,,
1730,333.62631650000003,-1.337890625,-9.108819007873535,10.5234375,1.337890625,1.453681230545044,,,,,,,
1731,333.80421190000015,-2.40625,-8.4830322265625,17.53125,2.40625,1.4544677734375,,,,,,,
1732,333.9844542999999,3.076171875,-7.847022533416748,5.83984375,-3.076171875,1.2467275857925415,,,,,,,
1733,334.15781140000036,0.63134765625,-9.328310012817383,8.03125,-0.63134765625,1.2888779640197754,,,,,,,
1734,334.3383880000001,2.767578125,-9.048341751098633,9.4609375,-2.767578125,1.467282772064209,,,,,,,
1735,334.52632429999903,-2.572265625,-8.066580772399902,15.953125,2.572265625,1.269356608390808,,,,,,,
1736,334.71024529999886,-2.1640625,-8.618379592895508,10.609375,2.1640625,1.217557668685913,,,,,,,
1737,334.89722020000045,-0.9326171875,-8.775097846984863,7.0546875,0.9326171875,1.4592771530151367,,,,,,,
1738,335.0749990000004,-1.9921875,-8.222862243652344,8.90625,1.9921875,1.495888113975525,,,,,,,
1739,335.2564590999991,0.84423828125,-8.317535400390625,7.8046875,-0.84423828125,1.6902766227722168,,,,,,,
1740,335.4418722999999,-0.75048828125,-8.043596267700195,6.25,0.75048828125,1.292341709136963,,,1.3361592292785645,0.12740153074264526,1.160658836364746,1.3200244903564453,1.5624403953552246
1741,335.6233369999991,2.248046875,-8.69355297088623,8.3515625,-2.248046875,1.3533220291137695,,,,,,,
1742,335.80862909999996,-1.2666015625,-8.521027565002441,6.28125,1.2666015625,1.4633477926254272,,,,,,,
1743,335.98555659999874,3.22265625,-8.768458366394043,7.37890625,-3.22265625,1.2159169912338257,,,,,,,
1744,336.1640322000003,-3.8125,-9.500655174255371,14.765625,3.8125,1.225907325744629,,,,,,,
1745,336.3527931999997,-1.2529296875,-8.828327178955078,11.03125,1.2529296875,1.42948579788208,,,,,,,
1746,336.5366108999988,3.775390625,-7.891303539276123,5.6796875,-3.775390625,1.249321460723877,,,,,,,
1747,336.7143096,-1.66796875,-8.179863929748535,7.2734375,1.66796875,1.0857610702514648,,,,,,,
1748,336.89032849999967,-0.1483154296875,-8.919525146484375,8.3203125,0.1483154296875,1.267974615097046,,,,,,,
1749,337.0628376000004,6.43359375,-9.643442153930664,6.33984375,-6.43359375,1.2393699884414673,,,,,,,
1750,337.23785789999965,1.611328125,-8.649057388305664,8.9453125,-1.611328125,1.4915680885314941,,,,,,,
1751,337.4217486999987,-0.759765625,-9.995835304260254,14.3359375,0.759765625,1.8635398149490356,,,,,,,
1752,337.6019789000002,2.5625,-9.556668281555176,8.625,-2.5625,1.2948943376541138,,,,,,,
1753,337.7820331999992,2.96484375,-9.187431335449219,4.0859375,-2.96484375,1.4688184261322021,,,,,,,
1754,337.9666847999997,0.42333984375,-8.653414726257324,14.078125,-0.42333984375,1.4403353929519653,,,,,,,
1755,338.1471048000003,-0.25439453125,-7.826474189758301,8.078125,0.25439453125,1.2360255718231201,,,,,,,
1756,338.3336727999995,1.2275390625,-9.046294212341309,13.234375,-1.2275390625,1.6412055492401123,,,,,,,
1757,338.5200860999994,4.01953125,-8.68956184387207,6.4296875,-4.01953125,1.3026260137557983,,,,,,,
1758,338.71276020000005,6.109375,-9.486635208129883,3.794921875,-6.109375,1.2789902687072754,,,,,,,
1759,338.98327339999923,1.94140625,-8.835395812988281,13.21875,-1.94140625,1.3989791870117188,,,,,,,
1760,339.2352809999993,-0.327880859375,-9.032750129699707,10.421875,0.327880859375,1.2563121318817139,,,1.3273475170135498,0.13592219352722168,1.143628478050232,1.3027931451797485,1.566920280456543
1761,339.41513510000004,6.0703125,-8.874329566955566,4.63671875,-6.0703125,1.1178576946258545,,,,,,,
1762,339.5971601000001,0.91015625,-9.7744722366333,14.3203125,-0.91015625,1.5302155017852783,,,,,,,
1763,339.7921738999994,0.64208984375,-8.280557632446289,6.7421875,-0.64208984375,1.3835047483444214,,,,,,,
1764,340.01208769999903,-0.52978515625,-8.282346725463867,10.703125,0.52978515625,1.4129661321640015,,,,,,,
1765,340.3345952999989,2.693359375,-9.27015495300293,3.548828125,-2.693359375,1.2220323085784912,,,,,,,
1766,340.53163759999916,1.29296875,-8.302313804626465,11.6875,-1.29296875,1.4867486953735352,,,,,,,
1767,340.7150244000004,0.7548828125,-9.888150215148926,9.3671875,-0.7548828125,1.5571625232696533,,,,,,,
1768,340.9173816000002,-3.283203125,-9.115955352783203,13.765625,3.283203125,1.7668566703796387,,,,,,,
1769,341.1398706,-2.900390625,-9.195762634277344,10.5859375,2.900390625,1.124549388885498,,,,,,,
1770,341.3332195999992,2.412109375,-8.711493492126465,5.25390625,-2.412109375,1.1478816270828247,,,,,,,
1771,341.51287839999895,6.82421875,-9.290005683898926,3.2109375,-6.82421875,1.2099946737289429,,,,,,,
1772,341.7087395999988,1.1884765625,-9.516429901123047,8.0703125,-1.1884765625,1.2648203372955322,,,,,,,
1773,341.9049104000005,8.84375,-8.950757026672363,2.75390625,-8.84375,1.4086180925369263,,,,,,,
1774,342.14112319999913,-0.7626953125,-8.711808204650879,9.4765625,0.7626953125,1.5381919145584106,,,,,,,
1775,342.43431559999954,2.125,-8.664824485778809,2.76953125,-2.125,1.413300633430481,,,,,,,
1776,342.6153269999995,-5.14453125,-9.457464218139648,10.75,5.14453125,1.3003482818603516,,,,,,,
1777,342.79909319999933,4.05078125,-8.295413970947266,11.890625,-4.05078125,1.4311490058898926,,,,,,,
1778,342.9849334999999,0.58544921875,-9.289299964904785,10.828125,-0.58544921875,1.3669503927230835,,,,,,,
1779,343.19423540000025,7.84375,-10.484947204589844,5.46875,-7.84375,1.1634899377822876,,,,,,,
1780,343.3996422,0.99365234375,-9.335406303405762,9.6875,-0.99365234375,1.2349064350128174,,,1.3414136171340942,0.0832308977842331,1.221055030822754,1.3386638164520264,1.4721524715423584
1781,343.5864421999995,3.875,-8.32576847076416,5.6015625,-3.875,1.3773562908172607,,,,,,,
1782,343.7696020000003,5.859375,-9.141424179077148,4.45703125,-5.859375,1.4992009401321411,,,,,,,
1783,343.96712689999913,5.265625,-8.048656463623047,1.8798828125,-5.265625,1.365405559539795,,,,,,,
1784,344.1624475999997,1.6162109375,-9.490840911865234,8.3125,-1.6162109375,1.4466590881347656,,,,,,,
1785,344.35573999999906,6.51171875,-8.63775634765625,6.5625,-6.51171875,1.4872431755065918,,,,,,,
1786,344.5314424999997,-0.465576171875,-8.006403923034668,14.3125,0.465576171875,1.4467213153839111,,,,,,,
1787,344.70791629999985,-0.39599609375,-11.072845458984375,10.578125,0.39599609375,1.231842279434204,,,,,,,
1788,344.88919369999894,-1.205078125,-8.966141700744629,10.65625,1.205078125,1.1432336568832397,,,,,,,
1789,345.0652962999993,-3.033203125,-8.799703598022461,15.015625,3.033203125,1.528421401977539,,,,,,,
1790,345.2401314999988,-5.203125,-8.644937515258789,14.78125,5.203125,1.8081878423690796,,,,,,,
1791,345.41264989999945,-0.71875,-9.591394424438477,13.171875,0.71875,1.4789175987243652,,,,,,,
1792,345.5980433000004,4.37890625,-8.833208084106445,3.9609375,-4.37890625,1.1199166774749756,,,,,,,
1793,345.83877419999953,6.4921875,-10.630306243896484,7.390625,-6.4921875,1.7759432792663574,,,,,,,
1794,346.01063520000025,2.916015625,-9.654553413391113,10.0,-2.916015625,1.5329467058181763,,,,,,,
1795,346.1968374999997,4.92578125,-8.123055458068848,6.5078125,-4.92578125,1.1035070419311523,,,,,,,
1796,346.3781803999991,3.185546875,-8.657038688659668,9.109375,-3.185546875,1.2335861921310425,,,,,,,
1797,346.5585893999996,-0.73095703125,-8.90954875946045,11.3828125,0.73095703125,1.5201383829116821,,,,,,,
1798,346.73976439999933,9.078125,-9.636673927307129,3.2109375,-9.078125,1.3789509534835815,,,,,,,
1799,346.9207831999993,5.57421875,-9.1936616897583,4.25,-5.57421875,1.4469633102416992,,,,,,,
1800,347.1028004999989,3.396484375,-9.250494003295898,5.3828125,-3.396484375,1.2260689735412598,,,1.332265019416809,0.11048470437526703,1.1690040826797485,1.330012559890747,1.534949779510498
1801,347.2903957999988,-3.484375,-7.695821285247803,14.0625,3.484375,1.4838660955429077,,,,,,,
1802,347.4742050999994,2.939453125,-8.683732986450195,5.921875,-2.939453125,1.3006418943405151,,,,,,,
1803,347.6584881999988,2.189453125,-9.231672286987305,12.7734375,-2.189453125,1.5261406898498535,,,,,,,
1804,347.83403569999973,-0.58740234375,-8.555266380310059,10.8984375,0.58740234375,1.1634835004806519,,,,,,,
1805,348.0123139999996,2.216796875,-8.81773853302002,3.09375,-2.216796875,1.447886347770691,,,,,,,
1806,348.2384573999989,-0.35498046875,-9.621715545654297,12.421875,0.35498046875,1.5657848119735718,,,,,,,
1807,348.4610269999994,4.80078125,-8.180841445922852,11.9921875,-4.80078125,1.6472837924957275,,,,,,,
1808,348.6245992000004,2.19921875,-9.285980224609375,7.46875,-2.19921875,1.471832036972046,,,,,,,
1809,348.80471059999945,3.814453125,-9.289159774780273,9.6171875,-3.814453125,1.1639654636383057,,,,,,,
1810,348.98054070000035,1.419921875,-9.528570175170898,11.25,-1.419921875,1.213617205619812,,,,,,,
1811,349.15803979999873,-0.41162109375,-9.520445823669434,13.2734375,0.41162109375,1.5420541763305664,,,,,,,
1812,349.3311844999989,1.9873046875,-8.77407455444336,5.625,-1.9873046875,1.3352999687194824,,,,,,,
1813,349.5105526999996,2.466796875,-9.086891174316406,2.310546875,-2.466796875,1.4287339448928833,,,,,,,
1814,349.68646979999903,-0.333740234375,-9.894871711730957,11.0390625,0.333740234375,1.316066026687622,,,,,,,
1815,349.86956719999944,3.03515625,-10.000137329101562,5.48828125,-3.03515625,1.1404881477355957,,,,,,,
1816,350.0347411999992,-0.9384765625,-9.292522430419922,17.171875,0.9384765625,1.7387275695800781,,,,,,,
1817,350.20720470000015,5.28125,-8.193544387817383,4.8671875,-5.28125,1.2595809698104858,,,,,,,
1818,350.3820949000001,1.5615234375,-9.600255012512207,13.0390625,-1.5615234375,1.423182487487793,,,,,,,
1819,350.58875439999974,3.193359375,-8.394651412963867,10.390625,-3.193359375,1.8084731101989746,,,,,,,
1820,350.7650183000005,2.12109375,-8.229177474975586,9.515625,-2.12109375,1.231760025024414,,,1.3374476432800293,0.09646262973546982,1.1864197254180908,1.3580490350723267,1.480041742324829
1821,350.94634810000025,0.1715087890625,-10.092672348022461,10.1484375,-0.1715087890625,1.1417031288146973,,,,,,,
1822,351.1503279999997,6.6953125,-9.002727508544922,5.63671875,-6.6953125,1.317584753036499,,,,,,,
1823,351.3506892000005,3.404296875,-7.279926300048828,1.7490234375,-3.404296875,1.5013234615325928,,,,,,,
1824,351.56146699999954,4.78125,-8.264058113098145,3.111328125,-4.78125,1.384379267692566,,,,,,,
1825,351.82533650000005,6.453125,-9.630669593811035,7.15234375,-6.453125,1.4943301677703857,,,,,,,
1826,352.1817910999998,-3.318359375,-10.011162757873535,11.46875,3.318359375,1.4966500997543335,,,,,,,
1827,352.3688758999997,-0.93115234375,-8.507722854614258,12.6484375,0.93115234375,1.390714406967163,,,,,,,
1828,352.5673963999998,0.339599609375,-8.60982608795166,17.1875,-0.339599609375,1.5620487928390503,,,,,,,
1829,352.7571117999996,3.568359375,-9.715818405151367,7.984375,-3.568359375,1.377931833267212,,,,,,,
1830,352.9473044999995,-0.501953125,-8.702457427978516,6.75,0.501953125,1.2975420951843262,,,,,,,
1831,353.1582553999997,-3.36328125,-9.59138298034668,8.3671875,3.36328125,1.4008045196533203,,,,,,,
1832,353.3541492000004,2.9609375,-9.01507568359375,8.0625,-2.9609375,1.38336181640625,,,,,,,
1833,353.5426845999991,9.90625,-8.604280471801758,7.53125,-9.90625,1.2550947666168213,,,,,,,
1834,353.7195955999996,7.765625,-9.226142883300781,10.28125,-7.765625,1.414482593536377,,,,,,,
1835,353.90717380000024,-2.869140625,-9.558810234069824,10.4921875,2.869140625,1.3474400043487549,,,,,,,
1836,354.0835439000002,6.78515625,-9.03902530670166,7.0078125,-6.78515625,1.1797244548797607,,,,,,,
1837,354.2652337999989,2.623046875,-7.3952178955078125,9.671875,-2.623046875,1.581344723701477,,,,,,,
1838,354.44520530000045,-0.499755859375,-9.859899520874023,6.6796875,0.499755859375,1.2026000022888184,,,,,,,
1839,354.6296894999996,2.953125,-9.46279525756836,8.3984375,-2.953125,1.3965797424316406,,,,,,,
1840,354.8121289999999,4.22265625,-8.200593948364258,7.734375,-4.22265625,1.5337812900543213,,,1.370131254196167,0.12798810005187988,1.1896134614944458,1.3625528812408447,1.557908058166504
1841,354.9931994999988,-2.701171875,-9.206645011901855,10.1953125,2.701171875,1.2542924880981445,,,,,,,
1842,355.16743739999947,3.935546875,-9.111074447631836,8.0234375,-3.935546875,1.490488052368164,,,,,,,
1843,355.34531229999993,1.2958984375,-8.25994873046875,6.1171875,-1.2958984375,1.1931763887405396,,,,,,,
1844,355.51388919999954,8.3046875,-10.0935697555542,2.56640625,-8.3046875,1.3439302444458008,,,,,,,
1845,355.6922150999999,8.296875,-8.672195434570312,3.81640625,-8.296875,1.3121793270111084,,,,,,,
1846,355.8820661999998,4.04296875,-9.627601623535156,9.1171875,-4.04296875,1.2864607572555542,,,,,,,
1847,356.0932993999995,5.3359375,-9.18545913696289,8.609375,-5.3359375,1.4707913398742676,,,,,,,
1848,356.2696109999997,1.7880859375,-9.205546379089355,12.0078125,-1.7880859375,1.653828740119934,,,,,,,
1849,356.44504269999925,-0.5029296875,-9.105896949768066,6.81640625,0.5029296875,1.3472281694412231,,,,,,,
1850,356.6268001999997,1.4775390625,-9.23458480834961,12.8125,-1.4775390625,1.5935397148132324,,,,,,,
1851,356.8129833999992,1.48046875,-8.776613235473633,10.0546875,-1.48046875,1.3640120029449463,,,,,,,
1852,356.9908168999991,5.3125,-9.410008430480957,6.1953125,-5.3125,1.0274912118911743,,,,,,,
1853,357.1720936999991,3.53515625,-8.678150177001953,2.552734375,-3.53515625,1.6577874422073364,,,,,,,
1854,357.3592100999995,2.0,-8.58956527709961,7.77734375,-2.0,1.2932467460632324,,,,,,,
1855,357.56074459999945,7.7578125,-8.889204025268555,0.83251953125,-7.7578125,1.3920459747314453,,,,,,,
1856,357.87897729999895,7.35546875,-8.68345832824707,5.69921875,-7.35546875,1.433728814125061,,,,,,,
1857,358.212255299999,1.6796875,-9.22873306274414,4.83984375,-1.6796875,1.3884546756744385,,,,,,,
1858,358.40375440000025,-0.7802734375,-9.331154823303223,13.875,0.7802734375,1.7313451766967773,,,,,,,
1859,358.5834534000005,8.875,-8.837382316589355,6.9453125,-8.875,1.4907429218292236,,,,,,,
1860,358.77126990000033,6.1640625,-8.06019401550293,5.34375,-6.1640625,1.2679308652877808,,,1.3436012268066406,0.09344107657670975,1.2036508321762085,1.33074152469635,1.5297908782958984
1861,358.9691015999997,1.1337890625,-7.877276420593262,10.34375,-1.1337890625,1.8727236986160278,,,,,,,
1862,359.17120479999903,3.392578125,-9.067895889282227,11.8359375,-3.392578125,1.3539791107177734,,,,,,,
1863,359.39293349999934,2.87109375,-8.768739700317383,7.93359375,-2.87109375,1.0984477996826172,,,,,,,
1864,359.5770948999998,3.373046875,-8.20043659210205,10.203125,-3.373046875,1.4011261463165283,,,,,,,
1865,359.7615960999992,6.47265625,-9.190763473510742,0.7841796875,-6.47265625,1.254549503326416,,,,,,,
1866,359.941406599999,8.1328125,-9.38349437713623,7.23828125,-8.1328125,1.671193242073059,,,,,,,
1867,360.14328810000006,2.111328125,-8.900907516479492,5.83203125,-2.111328125,1.4897173643112183,,,,,,,
1868,360.48211339999943,-2.353515625,-8.463735580444336,7.76953125,2.353515625,1.215951919555664,,,,,,,
1869,360.7661670999987,12.0859375,-9.451266288757324,7.28515625,-12.0859375,1.4549837112426758,,,,,,,
1870,360.9429497000001,3.876953125,-8.423218727111816,7.25390625,-3.876953125,1.4674066305160522,,,,,,,
1871,361.1649899999993,5.30078125,-9.182794570922852,4.20703125,-5.30078125,1.2703300714492798,,,,,,,
1872,361.3424395000002,3.255859375,-8.89084243774414,7.2421875,-3.255859375,1.3357198238372803,,,,,,,
1873,361.52039069999955,-4.13671875,-10.203508377075195,15.3125,4.13671875,1.577742099761963,,,,,,,
1874,361.7085558999988,6.22265625,-8.418127059936523,8.734375,-6.22265625,1.534997820854187,,,,,,,
1875,361.8860728999989,4.83984375,-9.249855995178223,6.63671875,-4.83984375,1.1876438856124878,,,,,,,
1876,362.06519189999926,5.9921875,-9.28048324584961,5.97265625,-5.9921875,1.1101418733596802,,,,,,,
1877,362.24922779999906,-3.08203125,-9.36540699005127,7.5078125,3.08203125,1.3533432483673096,,,,,,,
1878,362.4254189000003,8.9140625,-8.991726875305176,5.765625,-8.9140625,1.1957727670669556,,,,,,,
1879,362.60552239999924,4.40625,-9.46168327331543,4.4765625,-4.40625,1.1945664882659912,,,,,,,
1880,362.7921766999989,2.427734375,-8.73876953125,10.5859375,-2.427734375,1.6049801111221313,,,1.381352186203003,0.12275344133377075,1.1733492612838745,1.3645014762878418,1.5618460178375244
1881,362.98736839999947,6.19140625,-8.320693969726562,5.1015625,-6.19140625,1.3511810302734375,,,,,,,
1882,363.1824799999995,6.81640625,-6.847578048706055,5.1953125,-6.81640625,1.2461718320846558,,,,,,,
1883,363.3667538999998,5.55078125,-9.950929641723633,5.34375,-5.55078125,1.6271958351135254,,,,,,,
1884,363.5392914999993,3.36328125,-8.287262916564941,8.15625,-3.36328125,1.4080493450164795,,,,,,,
1885,363.71136859999933,4.09765625,-8.370882034301758,4.99609375,-4.09765625,1.144742488861084,,,,,,,
1886,363.88699780000024,9.2421875,-7.476478099822998,6.640625,-9.2421875,1.445396900177002,,,,,,,
1887,364.06035209999936,4.8359375,-8.896697998046875,10.5546875,-4.8359375,1.7673640251159668,,,,,,,
1888,364.23712479999995,5.67578125,-9.592815399169922,5.01171875,-5.67578125,1.493121862411499,,,,,,,
1889,364.41080259999944,8.234375,-8.637672424316406,2.58984375,-8.234375,1.096702218055725,,,,,,,
1890,364.5866231,10.25,-8.685114860534668,3.068359375,-10.25,1.8617603778839111,,,,,,,
1891,364.7597566000004,3.4453125,-9.375787734985352,6.32421875,-3.4453125,1.4835870265960693,,,,,,,
1892,364.92747269999927,8.9296875,-8.809192657470703,3.080078125,-8.9296875,1.3939327001571655,,,,,,,
1893,365.0973753999988,2.72265625,-7.5900678634643555,6.171875,-2.72265625,1.5818073749542236,,,,,,,
1894,365.2661522999988,4.73046875,-8.326957702636719,4.38671875,-4.73046875,1.2199169397354126,,,,,,,
1895,365.44034759999886,0.0242919921875,-9.008070945739746,9.5546875,-0.0242919921875,1.109116792678833,,,,,,,
1896,365.61166029999913,7.9296875,-8.617077827453613,5.1015625,-7.9296875,1.2579225301742554,,,,,,,
1897,365.7873820999994,-0.79736328125,-10.095026969909668,9.1328125,0.79736328125,1.5612232685089111,,,,,,,
1898,365.9654258999999,2.787109375,-8.83845043182373,5.47265625,-2.787109375,1.0521743297576904,,,,,,,
1899,366.1432950999988,6.15625,-10.233092308044434,1.615234375,-6.15625,1.2825326919555664,,,,,,,
1900,366.32078139999976,4.0625,-6.862715244293213,4.76171875,-4.0625,1.434159755706787,,,1.3644914627075195,0.10277082771062851,1.2000975608825684,1.360323190689087,1.5393550395965576
1901,366.49476929999946,5.234375,-9.028036117553711,7.8203125,-5.234375,1.3938391208648682,,,,,,,
1902,366.6683861999991,11.6953125,-7.429478645324707,4.14453125,-11.6953125,1.484583854675293,,,,,,,
1903,366.84831809999923,5.734375,-8.348468780517578,4.0390625,-5.734375,1.2687188386917114,,,,,,,
1904,367.02631999999903,-0.6083984375,-9.619817733764648,8.3203125,0.6083984375,1.3333077430725098,,,,,,,
1905,367.2016070999998,0.229248046875,-8.786617279052734,8.3515625,-0.229248046875,1.8071327209472656,,,,,,,
1906,367.3770640999992,0.91015625,-10.391837120056152,7.15625,-0.91015625,1.4206629991531372,,,,,,,
1907,367.5581321999998,6.3046875,-8.451637268066406,5.03515625,-6.3046875,1.360863208770752,,,,,,,
1908,367.7245691999997,5.9765625,-8.948107719421387,4.84765625,-5.9765625,1.4268923997879028,,,,,,,
1909,367.89558099999886,4.75,-9.718375205993652,6.8515625,-4.75,1.234749674797058,,,,,,,
1910,368.07276569999885,4.81640625,-8.682623863220215,6.37890625,-4.81640625,1.6142513751983643,,,,,,,
1911,368.2465893999997,7.44140625,-8.930126190185547,3.86328125,-7.44140625,1.5073739290237427,,,,,,,
1912,368.41902889999983,2.54296875,-8.681180000305176,7.796875,-2.54296875,1.3656952381134033,,,,,,,
1913,368.5926722000004,9.0546875,-8.513248443603516,6.33984375,-9.0546875,1.049251675605774,,,,,,,
1914,368.7597889999997,4.68359375,-8.70768928527832,0.0053253173828125,-4.68359375,1.3548109531402588,,,,,,,
1915,368.9375307999999,7.6953125,-8.497077941894531,-1.6123046875,-7.6953125,1.2919843196868896,,,,,,,
1916,369.1158651000005,0.7021484375,-9.68321418762207,7.359375,-0.7021484375,1.4886606931686401,,,,,,,
1917,369.2920744000003,10.3671875,-8.99524974822998,2.794921875,-10.3671875,1.4578754901885986,,,,,,,
1918,369.4727052999988,1.869140625,-8.447833061218262,8.578125,-1.869140625,1.3568546772003174,,,,,,,
1919,369.6514308000005,8.4296875,-7.1993937492370605,1.767578125,-8.4296875,1.2068562507629395,,,,,,,
1920,369.8335824000005,1.6328125,-8.90417766571045,13.6484375,-1.6328125,1.7286348342895508,,,1.3996673822402954,0.11458400636911392,1.241076111793518,1.3755872249603271,1.6222453117370605
1921,370.01414189999923,2.55859375,-9.091739654541016,2.9296875,-2.55859375,1.3691980838775635,,,,,,,
1922,370.19435879999946,9.4375,-8.875146865844727,2.962890625,-9.4375,1.4217276573181152,,,,,,,
1923,370.3664994999999,2.943359375,-8.893401145935059,6.48046875,-2.943359375,1.2862863540649414,,,,,,,
1924,370.5373381999998,2.0546875,-8.625381469726562,8.0078125,-2.0546875,1.2339938879013062,,,,,,,
1925,370.7116740999991,6.36328125,-8.806921005249023,1.59765625,-6.36328125,1.3024535179138184,,,,,,,
1926,370.8905986999998,11.390625,-8.778801918029785,2.03515625,-11.390625,1.1743227243423462,,,,,,,
1927,371.06837730000007,4.359375,-8.48689079284668,0.35498046875,-4.359375,1.4271718263626099,,,,,,,
1928,371.2433815000004,2.71875,-8.931931495666504,5.7265625,-2.71875,1.3649437427520752,,,,,,,
1929,371.4179611999989,8.078125,-7.230177879333496,4.75,-8.078125,1.6135722398757935,,,,,,,
1930,371.5881379000002,1.7333984375,-8.243243217468262,4.9453125,-1.7333984375,1.1942570209503174,,,,,,,
1931,371.7565298999998,5.80078125,-8.214874267578125,3.798828125,-5.80078125,1.332000970840454,,,,,,,
1932,371.9274029999997,8.421875,-8.837824821472168,1.7470703125,-8.421875,1.2168629169464111,,,,,,,
1933,372.1016182000003,7.44921875,-9.736376762390137,2.51171875,-7.44921875,1.0917479991912842,,,,,,,
1934,372.2712859000003,6.75390625,-8.015644073486328,3.244140625,-6.75390625,1.0546685457229614,,,,,,,
1935,372.4438556999994,3.693359375,-7.924713611602783,9.078125,-3.693359375,1.7705987691879272,,,,,,,
1936,372.62181959999907,6.91015625,-9.698969841003418,1.8671875,-6.91015625,1.3088428974151611,,,,,,,
1937,372.79425900000024,-0.13330078125,-9.979179382324219,6.421875,0.13330078125,1.169257640838623,,,,,,,
1938,372.96560189999946,11.90625,-8.594059944152832,3.25,-11.90625,1.327815294265747,,,,,,,
1939,373.13678020000043,5.6015625,-9.05208683013916,4.6953125,-5.6015625,1.463538408279419,,,,,,,
1940,373.3121610999988,5.921875,-9.368095397949219,8.859375,-5.921875,1.741279125213623,,,1.384049654006958,0.16319866478443146,1.205828070640564,1.3630516529083252,1.7630054950714111
1941,373.4831503000005,6.17578125,-8.876535415649414,6.80078125,-6.17578125,1.3109641075134277,,,,,,,
1942,373.66136299999926,6.671875,-7.7669997215271,7.3203125,-6.671875,1.4673752784729004,,,,,,,
1943,373.8326364000004,3.48046875,-9.472086906433105,10.875,-3.48046875,1.660725474357605,,,,,,,
1944,374.00632509999923,6.78125,-9.849257469177246,4.46875,-6.78125,1.4632421731948853,,,,,,,
1945,374.1801897999994,8.109375,-8.733488082885742,2.150390625,-8.109375,1.4540114402770996,,,,,,,
1946,374.36924329999965,6.62890625,-8.436532974243164,1.1396484375,-6.62890625,1.610342264175415,,,,,,,
1947,374.57050720000007,7.91015625,-8.788033485412598,6.94921875,-7.91015625,1.313529133796692,,,,,,,
1948,374.8117302999999,5.30859375,-9.422439575195312,3.10546875,-5.30859375,1.1088107824325562,,,,,,,
1949,375.0311934000001,10.1796875,-8.871648788452148,1.3720703125,-10.1796875,1.1986639499664307,,,,,,,
1950,375.2293501000004,2.609375,-9.318510055541992,6.8984375,-2.609375,1.4939894676208496,,,,,,,
1951,375.40185219999876,7.30078125,-9.446284294128418,6.73046875,-7.30078125,1.5302783250808716,,,,,,,
1952,375.5831242999993,3.1875,-7.817852973937988,5.15234375,-3.1875,1.2837095260620117,,,,,,,
1953,375.7720735999992,10.84375,-8.466745376586914,2.9765625,-10.84375,1.3301291465759277,,,,,,,
1954,375.95647519999875,1.125,-8.947566986083984,9.0625,-1.125,1.6305583715438843,,,,,,,
1955,376.1387837000002,9.484375,-8.691009521484375,-4.59375,-9.484375,1.457428216934204,,,,,,,
1956,376.3391352999988,3.330078125,-9.91627025604248,4.58984375,-3.330078125,1.2556049823760986,,,,,,,
1957,376.52182509999875,8.4453125,-8.909774780273438,6.83203125,-8.4453125,1.3167879581451416,,,,,,,
1958,376.71110880000015,8.1796875,-7.915832996368408,4.33984375,-8.1796875,1.4591668844223022,,,,,,,
1959,376.89145029999963,8.1953125,-8.502789497375488,7.5390625,-8.1953125,1.2159606218338013,,,,,,,
1960,377.0743588000005,4.06640625,-8.396349906921387,3.76953125,-4.06640625,1.1270873546600342,,,1.3204435110092163,0.10012344270944595,1.1693856716156006,1.3018105030059814,1.502337098121643
1961,377.2459760999991,5.77734375,-8.745490074157715,8.109375,-5.77734375,1.4732599258422852,,,,,,,
1962,377.42696389999946,5.3125,-9.007617950439453,2.85546875,-5.3125,1.4767565727233887,,,,,,,
1963,377.6252685999989,3.537109375,-9.703137397766113,6.2109375,-3.537109375,1.3281128406524658,,,,,,,
1964,377.80138049999914,7.5625,-8.674064636230469,-1.3154296875,-7.5625,1.3259351253509521,,,,,,,
1965,377.99285359999885,3.5390625,-9.425209999084473,2.353515625,-3.5390625,1.2935397624969482,,,,,,,
1966,378.2272990999991,3.916015625,-7.630608558654785,6.0546875,-3.916015625,1.6115790605545044,,,,,,,
1967,378.4041619999989,9.40625,-9.10709285736084,2.947265625,-9.40625,1.3616571426391602,,,,,,,
1968,378.58083540000007,5.796875,-9.67403793334961,-0.81640625,-5.796875,1.4665865898132324,,,,,,,
1969,378.7621644999999,7.296875,-9.181747436523438,5.18359375,-7.296875,1.3260648250579834,,,,,,,
1970,378.9345923000001,8.265625,-9.803348541259766,3.62890625,-8.265625,1.0560259819030762,,,,,,,
1971,379.10695959999975,7.328125,-8.527852058410645,1.666015625,-7.328125,1.6362104415893555,,,,,,,
1972,379.28230040000017,-2.505859375,-9.382147789001465,8.328125,2.505859375,1.3756650686264038,,,,,,,
1973,379.45560769999975,2.865234375,-9.400617599487305,4.22265625,-2.865234375,1.3337571620941162,,,,,,,
1974,379.6273616999988,5.08984375,-6.729741096496582,5.78125,-5.08984375,1.324946403503418,,,,,,,
1975,379.8032619000005,9.3046875,-8.284021377563477,0.76171875,-9.3046875,1.4347285032272339,,,,,,,
1976,379.98785229999885,5.734375,-9.337447166442871,3.6875,-5.734375,1.3031775951385498,,,,,,,
1977,380.20681669999976,3.25390625,-8.883380889892578,2.888671875,-3.25390625,1.3041187524795532,,,,,,,
1978,380.39064379999945,7.046875,-8.301870346069336,4.83203125,-7.046875,1.1668791770935059,,,,,,,
1979,380.58175089999895,3.775390625,-8.566068649291992,8.6171875,-3.775390625,1.426119089126587,,,,,,,
1980,380.85564429999977,1.9462890625,-8.767131805419922,5.98828125,-1.9462890625,1.435992956161499,,,1.3620566129684448,0.11186728626489639,1.1999056339263916,1.3643290996551514,1.5621520280838013
1981,381.0637483999999,12.328125,-9.254157066345215,1.4755859375,-12.328125,1.4411556720733643,,,,,,,
1982,381.24551339999925,7.4140625,-8.774120330810547,4.5625,-7.4140625,1.1633799076080322,,,,,,,
1983,381.43113280000034,7.078125,-8.681777000427246,2.4453125,-7.078125,1.326035499572754,,,,,,,
1984,381.6070096000003,6.2109375,-8.499589920043945,-1.8828125,-6.2109375,1.4691600799560547,,,,,,,
1985,381.7844348999988,8.21875,-8.1593656539917,-0.167724609375,-8.21875,1.3640716075897217,,,,,,,
1986,381.95994119999887,2.921875,-9.442400932312012,4.26171875,-2.921875,1.3935365676879883,,,,,,,
1987,382.1312189,11.625,-9.723596572875977,0.0145721435546875,-11.625,1.5654656887054443,,,,,,,
1988,382.3024611000001,2.533203125,-10.245683670043945,4.19140625,-2.533203125,1.6996285915374756,,,,,,,
1989,382.47848220000014,0.955078125,-9.334139823913574,11.1484375,-0.955078125,1.6033601760864258,,,,,,,
1990,382.65301139999974,7.5390625,-8.77513599395752,1.1318359375,-7.5390625,1.1858011484146118,,,,,,,
1991,382.8298924999999,10.84375,-8.654953956604004,-3.970703125,-10.84375,1.587233543395996,,,,,,,
1992,383.0053320999996,4.24609375,-8.266084671020508,3.2109375,-4.24609375,1.202665090560913,,,,,,,
1993,383.1795870999995,1.701171875,-8.267312049865723,2.07421875,-1.701171875,1.2483129501342773,,,,,,,
1994,383.3588603999997,9.765625,-7.913161754608154,4.2734375,-9.765625,1.5321507453918457,,,,,,,
1995,383.5430154000005,7.8125,-8.278294563293457,2.65234375,-7.8125,1.5654551982879639,,,,,,,
1996,383.77732749999996,7.12109375,-8.198186874389648,4.31640625,-7.12109375,1.1143136024475098,,,,,,,
1997,384.0335414000001,2.34375,-8.996562004089355,2.533203125,-2.34375,1.3471879959106445,,,,,,,
1998,384.239176699999,11.9453125,-9.362139701843262,-1.9140625,-11.9453125,1.2941100597381592,,,,,,,
1999,384.4919539000002,12.34375,-9.376615524291992,1.376953125,-12.34375,1.4046342372894287,,,,,,,
2000,384.72641529999964,10.6796875,-8.922508239746094,3.587890625,-10.6796875,1.5931165218353271,,,1.3816107511520386,0.11698231846094131,1.2370277643203735,1.3521918058395386,1.5741139650344849
2001,384.91948239999874,5.046875,-9.417617797851562,6.49609375,-5.046875,1.3089449405670166,,,,,,,
2002,385.12230830000044,-0.4990234375,-8.691895484924316,7.0546875,0.4990234375,1.4252920150756836,,,,,,,
2003,385.3207294999993,7.71484375,-8.431194305419922,-0.98779296875,-7.71484375,1.4203681945800781,,,,,,,
2004,385.5396603999998,7.8125,-9.272732734680176,3.873046875,-7.8125,1.3522675037384033,,,,,,,
2005,385.7180907000002,5.6640625,-9.854838371276855,3.69921875,-5.6640625,1.356099247932434,,,,,,,
2006,385.89463140000043,8.3984375,-9.195183753967285,2.462890625,-8.3984375,1.0704410076141357,,,,,,,
2007,386.08075370000006,0.6630859375,-9.4506254196167,8.3828125,-0.6630859375,1.2993746995925903,,,,,,,
2008,386.26014009999926,9.4765625,-8.299161911010742,6.79296875,-9.4765625,1.5133380889892578,,,,,,,
2009,386.43311770000037,8.2734375,-7.439980506896973,-5.265625,-8.2734375,1.1615819931030273,,,,,,,
2010,386.614703199999,8.9921875,-10.645051002502441,1.306640625,-8.9921875,0.9799489378929138,,,,,,,
2011,386.82418289999987,8.2109375,-9.77078914642334,2.8671875,-8.2109375,1.5651485919952393,,,,,,,
2012,387.0057649999999,4.38671875,-8.780268669128418,4.109375,-4.38671875,1.4228564500808716,,,,,,,
2013,387.1965352999996,5.859375,-8.529613494873047,4.23828125,-5.859375,1.2672617435455322,,,,,,,
2014,387.4091764999994,3.654296875,-7.7855329513549805,9.3515625,-3.654296875,1.2925922870635986,,,,,,,
2015,387.637502399999,3.962890625,-8.465106010437012,6.20703125,-3.962890625,1.5192688703536987,,,,,,,
2016,387.90113389999897,6.8046875,-9.563190460205078,3.134765625,-6.8046875,1.24931001663208,,,,,,,
2017,388.14609199999904,7.953125,-8.397100448608398,-2.904296875,-7.953125,1.1107115745544434,,,,,,,
2018,388.3340069999995,7.87890625,-8.375726699829102,7.29296875,-7.87890625,1.1945853233337402,,,,,,,
2019,388.5165496999998,5.3125,-8.809584617614746,0.2103271484375,-5.3125,1.338853120803833,,,,,,,
2020,388.7184118999994,8.4609375,-8.488692283630371,1.166015625,-8.4609375,1.1988078355789185,,,1.3298726081848145,0.10518942028284073,1.1656497716903687,1.3190126419067383,1.4579250812530518
2021,388.8930397000004,4.65234375,-8.301775932312012,9.625,-4.65234375,1.6904115676879883,,,,,,,
2022,389.0705141999988,4.71484375,-7.524950981140137,3.265625,-4.71484375,1.2875491380691528,,,,,,,
2023,389.2533466999994,10.765625,-8.263522148132324,1.212890625,-10.765625,1.1583527326583862,,,,,,,
2024,389.43451189999905,8.6328125,-8.11672592163086,-0.8984375,-8.6328125,1.3520240783691406,,,,,,,
2025,389.60883639999884,4.30078125,-9.563498497009277,4.4375,-4.30078125,1.2802515029907227,,,,,,,
2026,389.7848636999988,6.015625,-8.928958892822266,2.5390625,-6.015625,1.383541226387024,,,,,,,
2027,389.9618166,12.484375,-8.221441268920898,3.564453125,-12.484375,1.1848087310791016,,,,,,,
2028,390.13193669999964,11.0546875,-8.057482719421387,1.4755859375,-11.0546875,1.176892638206482,,,,,,,
2029,390.30757489999996,3.640625,-8.493343353271484,4.83203125,-3.640625,1.514468789100647,,,,,,,
2030,390.4827733000002,7.33203125,-8.069718360900879,0.99755859375,-7.33203125,1.0709068775177002,,,,,,,
2031,390.66724780000004,10.484375,-8.624356269836426,-3.205078125,-10.484375,1.4537689685821533,,,,,,,
2032,390.85086149999916,5.91015625,-8.390921592712402,6.26953125,-5.91015625,1.437203288078308,,,,,,,
2033,391.0378492999989,6.12890625,-8.494314193725586,5.97265625,-6.12890625,1.3572484254837036,,,,,,,
2034,391.22594129999925,8.8203125,-8.424297332763672,3.703125,-8.8203125,1.325702428817749,,,,,,,
2035,391.3993567999987,6.34765625,-9.440040588378906,6.7109375,-6.34765625,1.091209888458252,,,,,,,
2036,391.5778673999994,6.07421875,-9.271105766296387,5.71875,-6.07421875,1.5492069721221924,,,,,,,
2037,391.75027169999885,6.484375,-8.012825965881348,8.59375,-6.484375,1.4871739149093628,,,,,,,
2038,391.94576400000005,5.78125,-9.350797653198242,7.42578125,-5.78125,1.367952585220337,,,,,,,
2039,392.13753109999925,5.05859375,-9.246562957763672,3.01953125,-5.05859375,1.4565620422363281,,,,,,,
2040,392.3200068999995,5.90234375,-8.848827362060547,4.796875,-5.90234375,1.1902350187301636,,,1.3238670825958252,0.1188851073384285,1.165993332862854,1.2934417724609375,1.5153518915176392
2041,392.49198140000044,4.38671875,-8.799230575561523,4.8828125,-4.38671875,1.2398321628570557,,,,,,,
2042,392.66331159999936,4.90625,-9.365164756774902,5.16015625,-4.90625,1.1973352432250977,,,,,,,
2043,392.8385696000005,11.8203125,-9.502989768981934,2.419921875,-11.8203125,1.3173223733901978,,,,,,,
2044,393.0204826999998,5.2265625,-8.94640827178955,6.05859375,-5.2265625,1.2410918474197388,,,,,,,
2045,393.1914251999988,3.001953125,-9.862801551818848,4.125,-3.001953125,1.5278232097625732,,,,,,,
2046,393.3818947999989,7.203125,-8.389607429504395,4.69140625,-7.203125,1.2353925704956055,,,,,,,
2047,393.55798979999963,7.83984375,-8.020257949829102,3.041015625,-7.83984375,1.2844294309616089,,,,,,,
2048,393.73664949999875,7.71875,-8.526952743530273,1.9072265625,-7.71875,1.0199226140975952,,,,,,,
2049,393.92711620000046,5.796875,-9.298786163330078,5.87890625,-5.796875,1.2637138366699219,,,,,,,
2050,394.12485519999973,11.5546875,-8.002960205078125,0.2476806640625,-11.5546875,1.7392277717590332,,,,,,,
2051,394.3013835999991,5.3203125,-8.349320411682129,4.90625,-5.3203125,1.3381797075271606,,,,,,,
2052,394.48201569999947,2.01953125,-9.696937561035156,5.921875,-2.01953125,1.2796244621276855,,,,,,,
2053,394.65925979999884,3.9375,-8.894702911376953,1.8623046875,-3.9375,1.3631091117858887,,,,,,,
2054,394.83814379999967,2.978515625,-7.851762771606445,3.474609375,-2.978515625,1.2107374668121338,,,,,,,
2055,395.0200917000002,13.515625,-8.181794166564941,-7.66796875,-13.515625,1.5525805950164795,,,,,,,
2056,395.18959059999906,7.7265625,-9.301857948303223,-0.350830078125,-7.7265625,1.5184545516967773,,,,,,,
2057,395.3772869000004,8.625,-7.535940170288086,-2.77734375,-8.625,1.1671850681304932,,,,,,,
2058,395.5733206999994,4.390625,-8.223301887512207,2.11328125,-4.390625,1.276698350906372,,,,,,,
2059,395.75501970000005,10.6171875,-7.431471824645996,-4.96875,-10.6171875,1.420090675354004,,,,,,,
2060,395.92886159999944,9.7890625,-9.450787544250488,-0.63916015625,-9.7890625,1.361712098121643,,,1.3452465534210205,0.13029220700263977,1.184218406677246,1.3234789371490479,1.5604676008224487
2061,396.1121148000002,4.90625,-8.582469940185547,6.78515625,-4.90625,1.519092082977295,,,,,,,
2062,396.38642900000013,6.578125,-7.272299766540527,1.1533203125,-6.578125,1.3761377334594727,,,,,,,
2063,396.6020795000004,5.8515625,-9.513516426086426,6.83984375,-5.8515625,1.4083588123321533,,,,,,,
2064,396.7891437999988,7.5625,-9.067204475402832,6.25390625,-7.5625,1.417170524597168,,,,,,,
2065,396.96108099999947,6.23046875,-9.104671478271484,4.390625,-6.23046875,1.160953164100647,,,,,,,
2066,397.1347905999992,10.7734375,-8.062127113342285,0.339111328125,-10.7734375,1.469123125076294,,,,,,,
2067,397.3083380999997,7.8984375,-8.44405746459961,3.384765625,-7.8984375,1.6965677738189697,,,,,,,
2068,397.4772120999987,6.00390625,-9.026329040527344,2.80078125,-6.00390625,1.3486709594726562,,,,,,,
2069,397.65492280000035,8.5625,-9.016926765441895,-1.7470703125,-8.5625,1.319010853767395,,,,,,,
2070,397.86465019999923,6.4609375,-8.236080169677734,-0.1912841796875,-6.4609375,1.529544711112976,,,,,,,
2071,398.0587422999997,12.9375,-9.424505233764648,-1.4951171875,-12.9375,1.2551817893981934,,,,,,,
2072,398.23875959999896,6.890625,-9.234663963317871,5.4375,-6.890625,1.327836036682129,,,,,,,
2073,398.43074999999953,2.48828125,-9.421623229980469,7.8203125,-2.48828125,1.6096264123916626,,,,,,,
2074,398.612441199999,7.35546875,-8.209741592407227,1.0087890625,-7.35546875,1.2433832883834839,,,,,,,
2075,398.7871333999992,10.734375,-8.54324722290039,1.03515625,-10.734375,1.3786280155181885,,,,,,,
2076,398.974049299999,3.412109375,-8.74977970123291,4.484375,-3.412109375,1.3283450603485107,,,,,,,
2077,399.3964140999997,13.6171875,-8.898999214172363,-0.172607421875,-13.6171875,1.5775635242462158,,,,,,,
2078,399.6017439999996,10.4453125,-8.507549285888672,1.0556640625,-10.4453125,1.2268258333206177,,,,,,,
2079,399.7933959000002,1.0478515625,-9.485757827758789,11.90625,-1.0478515625,1.7798666954040527,,,,,,,
2080,399.97509700000046,4.06640625,-9.105761528015137,6.93359375,-4.06640625,1.4723634719848633,,,1.366476058959961,0.11371733248233795,1.2042512893676758,1.3586037158966064,1.5572060346603394
2081,400.1600354000002,8.234375,-6.82797908782959,5.58203125,-8.234375,1.7657711505889893,,,,,,,
2082,400.3525226999991,8.921875,-7.438131332397461,-2.86328125,-8.921875,1.358743667602539,,,,,,,
2083,400.5308793000004,10.34375,-9.18630599975586,2.6875,-10.34375,1.0715062618255615,,,,,,,
2084,400.71360280000044,5.5625,-9.301158905029297,2.875,-5.5625,1.464465618133545,,,,,,,
2085,400.91279380000014,3.013671875,-8.634163856506348,4.8515625,-3.013671875,1.1158361434936523,,,,,,,
2086,401.1117620999994,10.671875,-8.667420387268066,-1.5810546875,-10.671875,1.371641755104065,,,,,,,
2087,401.3184541999999,5.48828125,-7.612947940826416,4.36328125,-5.48828125,1.605802059173584,,,,,,,
2088,401.5180952999999,8.0234375,-7.819370269775391,-0.78173828125,-8.0234375,1.1806296110153198,,,,,,,
2089,401.72788000000037,5.69140625,-7.502739429473877,4.171875,-5.69140625,1.2160106897354126,,,,,,,
2090,401.91511379999974,11.859375,-7.645769119262695,1.5400390625,-11.859375,1.2292309999465942,,,,,,,
2091,402.0979306999998,5.95703125,-9.455322265625,0.6513671875,-5.95703125,1.146239995956421,,,,,,,
2092,402.27401649999956,7.41796875,-8.676576614379883,3.09375,-7.41796875,1.1437357664108276,,,,,,,
2093,402.44820379999874,6.484375,-9.184894561767578,3.982421875,-6.484375,1.4791678190231323,,,,,,,
2094,402.62488979999944,9.7890625,-7.848639488220215,5.1484375,-9.7890625,1.2138603925704956,,,,,,,
2095,402.80446370000027,4.875,-8.241342544555664,0.564453125,-4.875,1.2195944786071777,,,,,,,
2096,402.98900779999894,8.0390625,-8.65684986114502,0.97265625,-8.0390625,1.3431503772735596,,,,,,,
2097,403.1643392999995,9.9453125,-7.759753704071045,-1.1708984375,-9.9453125,1.162121295928955,,,,,,,
2098,403.3328184999991,4.359375,-9.333967208862305,6.984375,-4.359375,1.2675950527191162,,,,,,,
2099,403.5138986999991,10.5390625,-7.519851207733154,-2.859375,-10.5390625,1.1832739114761353,,,,,,,
2100,403.71414079999886,7.9453125,-9.47319221496582,7.6328125,-7.9453125,1.8549329042434692,,,1.4126653671264648,0.12329088151454926,1.2399983406066895,1.4004530906677246,1.619500994682312
2101,403.9154672000004,6.9453125,-8.375993728637695,1.5888671875,-6.9453125,0.9365058541297913,,,,,,,
2102,404.09741959999883,10.8203125,-8.597872734069824,6.07421875,-10.8203125,1.1052525043487549,,,,,,,
2103,404.27394149999964,2.74609375,-9.646894454956055,3.509765625,-2.74609375,1.4937305450439453,,,,,,,
2104,404.4458959000003,-0.544921875,-9.716064453125,6.7890625,0.544921875,1.1433101892471313,,,,,,,
2105,404.6201294000002,1.4599609375,-9.155867576599121,9.2578125,-1.4599609375,1.476944923400879,,,,,,,
2106,404.79657529999895,5.4765625,-8.232379913330078,-0.81982421875,-5.4765625,1.416057825088501,,,,,,,
2107,404.98911099999896,11.265625,-9.433205604553223,-2.564453125,-11.265625,1.2777316570281982,,,,,,,
2108,405.16359869999906,11.2109375,-9.604961395263672,0.271728515625,-11.2109375,1.2544140815734863,,,,,,,
2109,405.3313911999994,10.40625,-8.72683048248291,-2.189453125,-10.40625,1.2887942790985107,,,,,,,
2110,405.50298939999993,6.9609375,-8.953396797180176,-0.162841796875,-6.9609375,1.1403530836105347,,,,,,,
2111,405.68449689999943,7.734375,-8.163285255432129,3.85546875,-7.734375,1.485152006149292,,,,,,,
2112,405.8594424999992,1.8955078125,-9.387420654296875,3.259765625,-1.8955078125,1.2063294649124146,,,,,,,
2113,406.02520209999966,11.421875,-9.293468475341797,-2.03515625,-11.421875,1.3159070014953613,,,,,,,
2114,406.1939762000002,2.990234375,-9.816632270812988,7.09765625,-2.990234375,1.3786804676055908,,,,,,,
2115,406.3667478999996,5.234375,-9.295231819152832,5.94921875,-5.234375,1.2438310384750366,,,,,,,
2116,406.54463439999927,7.22265625,-8.813591003417969,-0.288818359375,-7.22265625,1.1629713773727417,,,,,,,
2117,406.72129349999886,7.6171875,-7.74287223815918,5.42578125,-7.6171875,1.2415025234222412,,,,,,,
2118,406.8993962000004,6.94140625,-8.074922561645508,8.4765625,-6.94140625,1.6360150575637817,,,,,,,
2119,407.07355409999946,10.4765625,-9.638468742370605,2.986328125,-10.4765625,1.3927816152572632,,,,,,,
2120,407.24931990000005,6.92578125,-8.818868637084961,-1.1640625,-6.92578125,1.3842564821243286,,,1.3517913818359375,0.12111342698335648,1.1818621158599854,1.314346194267273,1.5928905010223389
2121,407.41951159999917,5.51953125,-8.394979476928711,-1.6171875,-5.51953125,1.206583023071289,,,,,,,
2122,407.5910912999989,5.84765625,-9.529410362243652,4.84375,-5.84765625,1.5174648761749268,,,,,,,
2123,407.76058379999995,9.96875,-7.495844841003418,-0.37890625,-9.96875,1.082279920578003,,,,,,,
2124,407.93194369999947,7.96484375,-9.73414421081543,1.6513671875,-7.96484375,1.3439812660217285,,,,,,,
2125,408.1093529999998,7.8828125,-7.879364013671875,2.94140625,-7.8828125,1.339385747909546,,,,,,,
2126,408.29215359999944,7.37109375,-9.016766548156738,5.6484375,-7.37109375,1.1863586902618408,,,,,,,
2127,408.4684078999999,5.09375,-8.70588493347168,0.487548828125,-5.09375,1.1300530433654785,,,,,,,
2128,408.64100510000026,5.36328125,-8.456356048583984,2.02734375,-5.36328125,1.5592687129974365,,,,,,,
2129,408.81667989999914,4.47265625,-7.859986782073975,7.921875,-4.47265625,1.6712632179260254,,,,,,,
2130,408.9869325999989,8.515625,-8.426044464111328,-1.240234375,-8.515625,1.2692677974700928,,,,,,,
2131,409.15876409999873,9.203125,-8.740429878234863,5.734375,-9.203125,1.5876950025558472,,,,,,,
2132,409.3278890999991,6.45703125,-8.49034309387207,0.327880859375,-6.45703125,1.298719882965088,,,,,,,
2133,409.5001202000003,1.7412109375,-9.8106107711792,5.54296875,-1.7412109375,1.5175138711929321,,,,,,,
2134,409.67640310000024,4.1015625,-9.040487289428711,8.6953125,-4.1015625,1.2876378297805786,,,,,,,
2135,409.85541120000016,7.48046875,-8.918328285217285,5.296875,-7.48046875,1.4801092147827148,,,,,,,
2136,410.0290563999988,9.578125,-8.134214401245117,-0.1273193359375,-9.578125,1.2485979795455933,,,,,,,
2137,410.21030280000014,8.828125,-7.930917739868164,3.2109375,-8.828125,1.4128321409225464,,,,,,,
2138,410.3979137999995,6.6171875,-8.936518669128418,2.154296875,-6.6171875,1.0791059732437134,,,,,,,
2139,410.6361858,4.34765625,-9.068344116210938,7.96484375,-4.34765625,1.3847813606262207,,,,,,,
2140,410.89021409999987,6.984375,-8.942922592163086,0.0733642578125,-6.984375,1.4008277654647827,,,1.3532609939575195,0.1236502155661583,1.1799057722091675,1.3474140167236328,1.607011079788208
2141,411.07399540000006,9.125,-9.035934448242188,-0.31787109375,-9.125,1.2062528133392334,,,,,,,
2142,411.24488419999943,1.1298828125,-9.389424324035645,5.5390625,-1.1298828125,1.3918256759643555,,,,,,,
2143,411.4288798999987,11.015625,-8.419892311096191,3.015625,-11.015625,1.1269829273223877,,,,,,,
2144,411.66864969999915,7.41796875,-8.189229965209961,8.109375,-7.41796875,1.5373320579528809,,,,,,,
2145,411.89229669999986,8.1328125,-8.664185523986816,-1.48046875,-8.1328125,1.3045647144317627,,,,,,,
2146,412.08775479999895,6.20703125,-8.078189849853516,-0.1021728515625,-6.20703125,1.6796228885650635,,,,,,,
2147,412.28792559999965,9.9296875,-8.891175270080566,4.609375,-9.9296875,1.4994499683380127,,,,,,,
2148,412.4665798999995,0.5126953125,-9.269878387451172,7.890625,-0.5126953125,1.1285589933395386,,,,,,,
2149,412.6437353000001,3.4765625,-8.848451614379883,7.9609375,-3.4765625,1.3156113624572754,,,,,,,
2150,412.81671749999987,5.3046875,-8.315191268920898,-1.5537109375,-5.3046875,1.3644963502883911,,,,,,,
2151,412.9868115999998,7.59765625,-9.11953067779541,-2.072265625,-7.59765625,1.5132819414138794,,,,,,,
2152,413.1618870000002,8.921875,-9.022871017456055,3.8671875,-8.921875,1.5083792209625244,,,,,,,
2153,413.3433492000004,7.28515625,-8.844334602355957,3.16796875,-7.28515625,1.2494157552719116,,,,,,,
2154,413.5176188000005,4.546875,-9.929014205932617,4.1796875,-4.546875,1.3209854364395142,,,,,,,
2155,413.69004349999886,7.5234375,-8.825648307800293,4.390625,-7.5234375,1.385289192199707,,,,,,,
2156,413.8616562999996,6.58203125,-8.278833389282227,3.595703125,-6.58203125,1.158666729927063,,,,,,,
2157,414.0322376999993,3.107421875,-8.495260238647461,2.68359375,-3.107421875,1.2938017845153809,,,,,,,
2158,414.2022326999995,8.1640625,-8.08297348022461,2.6875,-8.1640625,1.2373385429382324,,,,,,,
2159,414.37763149999955,7.3359375,-8.660361289978027,2.169921875,-7.3359375,1.050575852394104,,,,,,,
2160,414.5509026,5.1328125,-9.543282508850098,3.650390625,-5.1328125,1.417655348777771,,,1.366208553314209,0.0875031128525734,1.2361323833465576,1.361066460609436,1.535918951034546
2161,414.720559899999,7.10546875,-8.468091011047363,1.923828125,-7.10546875,1.3756587505340576,,,,,,,
2162,414.89120399999956,1.9130859375,-8.684861183166504,6.16796875,-1.9130859375,1.2917015552520752,,,,,,,
2163,415.0617070999997,-1.853515625,-9.49289321899414,6.84375,1.853515625,1.4367940425872803,,,,,,,
2164,415.2308331000004,7.2578125,-7.348128318786621,5.31640625,-7.2578125,1.1987468004226685,,,,,,,
2165,415.4024119000005,4.375,-9.250988006591797,5.23828125,-4.375,1.3661993741989136,,,,,,,
2166,415.5738659999988,3.740234375,-8.86137580871582,6.77734375,-3.740234375,1.2636245489120483,,,,,,,
2167,415.7436211000004,5.61328125,-7.519138336181641,3.677734375,-5.61328125,1.2230494022369385,,,,,,,
2168,415.91396109999914,8.546875,-9.197702407836914,1.046875,-8.546875,1.1538605690002441,,,,,,,
2169,416.08421869999984,11.15625,-8.892407417297363,-0.1328125,-11.15625,1.3732178211212158,,,,,,,
2170,416.2565001999992,11.75,-8.874815940856934,1.27734375,-11.75,1.4689338207244873,,,,,,,
2171,416.4280000999988,7.53125,-8.074163436889648,4.453125,-7.53125,1.1289620399475098,,,,,,,
2172,416.60041759999876,7.8203125,-8.691451072692871,5.15234375,-7.8203125,1.1835492849349976,,,,,,,
2173,416.7771112999999,10.40625,-9.570960998535156,-1.83203125,-10.40625,1.1321638822555542,,,,,,,
2174,416.94718230000035,3.439453125,-8.587867736816406,1.607421875,-3.439453125,1.279320240020752,,,,,,,
2175,417.117526,9.6484375,-8.390329360961914,3.865234375,-9.6484375,1.4768579006195068,,,,,,,
2176,417.2912077000001,2.001953125,-9.319157600402832,5.60546875,-2.001953125,1.282404899597168,,,,,,,
2177,417.46734429999924,2.94921875,-9.494119644165039,9.8515625,-2.94921875,1.6543179750442505,,,,,,,
2178,417.64143069999955,7.25390625,-8.604140281677246,2.11328125,-7.25390625,1.4896094799041748,,,,,,,
2179,417.81192829999964,6.80859375,-9.63104248046875,3.43359375,-6.80859375,1.0720828771591187,,,,,,,
2180,417.99046289999933,8.734375,-7.217895984649658,2.552734375,-8.734375,1.5867915153503418,,,1.3840844631195068,0.10563299804925919,1.2358027696609497,1.3735944032669067,1.5943793058395386
2181,418.1629030999993,10.8359375,-8.255496978759766,1.595703125,-10.8359375,1.033565878868103,,,,,,,
2182,418.3323684999996,7.23828125,-9.418347358703613,3.1015625,-7.23828125,1.300402283668518,,,,,,,
2183,418.50203390000024,8.125,-8.420001983642578,0.181396484375,-8.125,1.0409351587295532,,,,,,,
2184,418.6743248999992,10.96875,-8.023276329040527,-2.689453125,-10.96875,1.3673490285873413,,,,,,,
2185,418.8502346999994,9.71875,-8.633946418762207,-0.474853515625,-9.71875,1.3269914388656616,,,,,,,
2186,419.03337909999937,2.451171875,-8.887592315673828,9.796875,-2.451171875,1.2374076843261719,,,,,,,
2187,419.2111528000005,8.5703125,-8.854963302612305,2.943359375,-8.5703125,1.2622243165969849,,,,,,,
2188,419.3890601000003,10.0390625,-9.026901245117188,-1.0283203125,-10.0390625,1.3168487548828125,,,,,,,
2189,419.57996139999887,4.66015625,-8.23661994934082,5.3671875,-4.66015625,1.2243174314498901,,,,,,,
2190,419.7557254000003,5.5625,-8.795449256896973,1.4599609375,-5.5625,1.0717382431030273,,,,,,,
2191,419.9428556999992,7.23046875,-7.796142578125,6.6015625,-7.23046875,1.274169921875,,,,,,,
2192,420.12140199999885,10.9140625,-8.168817520141602,1.7734375,-10.9140625,1.4014947414398193,,,,,,,
2193,420.3026933000001,7.41015625,-8.755172729492188,3.80859375,-7.41015625,1.6510772705078125,,,,,,,
2194,420.53697119999924,7.15234375,-9.268885612487793,6.625,-7.15234375,1.340489149093628,,,,,,,
2195,420.77221499999905,4.9765625,-8.652823448181152,5.21875,-4.9765625,1.3159269094467163,,,,,,,
2196,420.9429934,1.6552734375,-8.633551597595215,5.75390625,-1.6552734375,1.397698163986206,,,,,,,
2197,421.12569880000046,9.34375,-8.025788307189941,1.009765625,-9.34375,0.9976494908332825,,,,,,,
2198,421.3102276999998,12.0390625,-8.865267753601074,1.4541015625,-12.0390625,1.2128568887710571,,,,,,,
2199,421.5032608999991,9.8359375,-8.11314582824707,2.53125,-9.8359375,1.3009164333343506,,,,,,,
2200,421.6838341999992,8.6328125,-8.591512680053711,2.365234375,-8.6328125,1.5100502967834473,,,1.3647900819778442,0.13391496241092682,1.1830825805664062,1.3477258682250977,1.558912754058838
2201,421.8640968999989,2.021484375,-9.375646591186523,3.2421875,-2.021484375,1.2806031703948975,,,,,,,
2202,422.0815485999992,5.6328125,-8.590241432189941,1.0693359375,-5.6328125,1.4488208293914795,,,,,,,
2203,422.26340510000045,8.1796875,-7.7450852394104,-0.599609375,-8.1796875,1.1689772605895996,,,,,,,
2204,422.45012099999985,9.3359375,-9.010706901550293,3.10546875,-9.3359375,1.418980360031128,,,,,,,
2205,422.63088609999977,6.21875,-7.644002437591553,3.716796875,-6.21875,1.3091224431991577,,,,,,,
2206,422.80152610000005,0.69482421875,-8.717453002929688,8.2734375,-0.69482421875,1.5091091394424438,,,,,,,
2207,422.98394179999923,6.0234375,-8.68907356262207,2.185546875,-6.0234375,1.076551914215088,,,,,,,
2208,423.1582330000001,5.7734375,-8.458392143249512,3.080078125,-5.7734375,1.1119203567504883,,,,,,,
2209,423.3352149000002,6.91015625,-7.780764102935791,4.80078125,-6.91015625,1.187985897064209,,,,,,,
2210,423.5079898999993,8.8046875,-8.737386703491211,0.94677734375,-8.8046875,1.3016762733459473,,,,,,,
2211,423.6805827999997,9.046875,-8.395248413085938,6.5390625,-9.046875,1.6828769445419312,,,,,,,
2212,423.85108749999927,8.6171875,-8.83923625946045,5.2109375,-8.6171875,1.1685760021209717,,,,,,,
2213,424.0222885000003,2.583984375,-7.992346286773682,3.966796875,-2.583984375,1.4998412132263184,,,,,,,
2214,424.1928547999996,10.8203125,-8.924312591552734,1.140625,-10.8203125,1.2163124084472656,,,,,,,
2215,424.3726881999992,11.21875,-8.545524597167969,1.01171875,-11.21875,1.3607251644134521,,,,,,,
2216,424.5472205999995,3.615234375,-8.655121803283691,1.921875,-3.615234375,1.1417529582977295,,,,,,,
2217,424.7205742999995,3.5078125,-8.3427152633667,2.51171875,-3.5078125,1.0791600942611694,,,,,,,
2218,424.9068521999998,7.5703125,-8.636407852172852,3.966796875,-7.5703125,1.1760926246643066,,,,,,,
2219,425.32153599999947,9.7421875,-7.300041198730469,-6.52734375,-9.7421875,1.1218336820602417,,,,,,,
2220,425.49121279999963,7.53515625,-7.628181457519531,0.77490234375,-7.53515625,1.3327562808990479,,,1.3500263690948486,0.1037164181470871,1.1999304294586182,1.3467307090759277,1.5212130546569824
2221,425.6793926999999,4.87109375,-8.553289413452148,3.26171875,-4.87109375,1.4623357057571411,,,,,,,
2222,425.92726439999933,10.9765625,-7.059999465942383,-1.9931640625,-10.9765625,1.3306254148483276,,,,,,,
2223,426.64960789999895,9.3203125,-8.35319995880127,3.69921875,-9.3203125,1.3030503988265991,,,,,,,
2224,426.86285490000046,6.4453125,-8.460962295532227,2.08203125,-6.4453125,1.3984124660491943,,,,,,,
2225,427.06253579999975,2.953125,-8.705415725708008,4.4375,-2.953125,1.2867717742919922,,,,,,,
2226,427.2618875999997,3.271484375,-8.915599822998047,4.2578125,-3.271484375,1.350024700164795,,,,,,,
2227,427.46668859999954,9.0234375,-9.599727630615234,-0.62548828125,-9.0234375,1.1580851078033447,,,,,,,
2228,427.6615671999989,0.97998046875,-10.100796699523926,9.640625,-0.97998046875,1.6648285388946533,,,,,,,
2229,427.8938464999992,4.57421875,-9.212172508239746,0.149169921875,-4.57421875,1.444077491760254,,,,,,,
2230,428.1822572000001,4.6640625,-8.287635803222656,1.8193359375,-4.6640625,1.149864673614502,,,,,,,
2231,428.4803761000003,6.58984375,-9.278892517089844,-1.1728515625,-6.58984375,1.4476704597473145,,,,,,,
2232,428.8291690999995,14.15625,-9.488784790039062,-0.46337890625,-14.15625,1.0502781867980957,,,,,,,
2233,429.05836929999896,10.6171875,-8.006172180175781,1.03125,-10.6171875,1.2750778198242188,,,,,,,
2234,429.27699799999937,8.34375,-8.125545501708984,1.421875,-8.34375,1.4994547367095947,,,,,,,
2235,429.46437159999914,10.375,-8.344139099121094,0.6171875,-10.375,1.0855481624603271,,,,,,,
2236,429.66499010000007,6.99609375,-9.364251136779785,2.74609375,-6.99609375,1.0576237440109253,,,,,,,
2237,429.86330259999886,5.4140625,-9.051100730895996,6.3046875,-5.4140625,1.0035871267318726,,,,,,,
2238,430.0929445999991,9.9296875,-7.571068286895752,-0.240478515625,-9.9296875,1.108619213104248,,,,,,,
2239,430.31285279999975,4.5078125,-8.318254470825195,5.6015625,-4.5078125,1.322371006011963,,,,,,,
2240,430.57408829999986,9.8125,-7.745454788208008,-0.8076171875,-9.8125,1.4889204502105713,,,1.3656014204025269,0.12340020388364792,1.1909929513931274,1.3548221588134766,1.6197022199630737
2241,430.9631396999994,5.0546875,-8.641911506652832,4.94140625,-5.0546875,1.248713731765747,,,,,,,
2242,431.21064300000035,3.236328125,-8.952177047729492,9.4453125,-3.236328125,1.5556353330612183,,,,,,,
2243,431.4172940999997,8.2421875,-8.397979736328125,6.8828125,-8.2421875,1.2035824060440063,,,,,,,
2244,431.62834399999883,8.734375,-9.544254302978516,5.19921875,-8.734375,1.4557461738586426,,,,,,,
2245,431.8429278000003,5.83203125,-8.892777442932129,4.23046875,-5.83203125,1.1775349378585815,,,,,,,
2246,432.04490780000015,4.3515625,-9.544221878051758,4.44921875,-4.3515625,1.1901531219482422,,,,,,,
2247,432.24151840000013,2.63671875,-10.09735107421875,3.58203125,-2.63671875,1.4963990449905396,,,,,,,
2248,432.4466742000004,8.296875,-9.004742622375488,0.5517578125,-8.296875,1.3858826160430908,,,,,,,
2249,432.6465441,10.109375,-8.179527282714844,-6.0625,-10.109375,1.0079728364944458,,,,,,,
2250,432.84677459999875,9.5078125,-8.082052230834961,-0.53515625,-9.5078125,1.12107253074646,,,,,,,
2251,433.10964690000037,9.328125,-7.864749908447266,7.1875,-9.328125,1.3618125915527344,,,,,,,
2252,433.324303899999,7.203125,-7.843400001525879,5.81640625,-7.203125,1.219099998474121,,,,,,,
2253,433.5392503000003,7.453125,-8.757281303405762,5.01953125,-7.453125,1.1099061965942383,,,,,,,
2254,433.76975499999935,5.89453125,-8.266670227050781,4.06640625,-5.89453125,1.6552042961120605,,,,,,,
2255,433.97973759999877,9.2109375,-8.95984172821045,4.5546875,-9.2109375,1.2432830333709717,,,,,,,
2256,434.1971013000002,0.55859375,-9.915312767028809,7.8828125,-0.55859375,1.4128124713897705,,,,,,,
2257,434.4359164999987,9.453125,-8.19331169128418,-1.0126953125,-9.453125,1.111376166343689,,,,,,,
2258,434.74236179999934,6.98828125,-7.597754001617432,0.3193359375,-6.98828125,1.2147458791732788,,,,,,,
2259,435.61007489999974,8.8984375,-7.8542914390563965,0.2298583984375,-8.8984375,1.301958441734314,,,,,,,
2260,435.9036641999992,9.140625,-8.455999374389648,2.484375,-9.140625,1.4815006256103516,,,1.3652031421661377,0.12155942618846893,1.2036696672439575,1.3460981845855713,1.5708810091018677
2261,436.13256699999874,8.3125,-8.687131881713867,4.13671875,-8.3125,1.2816181182861328,,,,,,,
2262,436.3742492000001,4.82421875,-8.655515670776367,6.1484375,-4.82421875,1.5866713523864746,,,,,,,
2263,436.6365974,8.6640625,-10.185117721557617,2.52734375,-8.6640625,1.205507516860962,,,,,,,
2264,436.91140619999896,2.603515625,-8.2974214553833,8.109375,-2.603515625,1.2494535446166992,,,,,,,
2265,437.5008686000001,0.004489898681640625,-6.955018043518066,10.3125,-0.004489898681640625,1.755919337272644,,,,,,,
2266,437.8180990000001,-0.25634765625,-9.18809700012207,11.7734375,0.25634765625,1.3900282382965088,,,,,,,
2267,438.12143449999894,3.763671875,-8.293498039245605,2.892578125,-3.763671875,1.3393146991729736,,,,,,,
2268,438.5879824000003,6.7578125,-7.686202049255371,2.65234375,-6.7578125,1.2825477123260498,,,,,,,
2269,439.1740403999993,6.19140625,-8.141860008239746,1.9697265625,-6.19140625,1.350327730178833,,,,,,,
2270,439.46883809999963,14.203125,-10.168863296508789,-0.8017578125,-14.203125,1.2373870611190796,,,,,,,
2271,439.7111840999987,8.125,-8.72226333618164,1.1005859375,-8.125,1.1683621406555176,,,,,,,
2272,439.9316899000005,7.68359375,-8.822858810424805,0.1573486328125,-7.68359375,1.1537038087844849,,,,,,,
2273,440.1415631,6.05859375,-8.851391792297363,2.171875,-6.05859375,1.1720457077026367,,,,,,,
2274,440.34089999999924,5.578125,-8.721854209899902,2.90625,-5.578125,1.2468959093093872,,,,,,,
2275,440.5471514000001,6.953125,-9.383401870727539,5.5390625,-6.953125,1.0228478908538818,,,,,,,
2276,440.9822457999999,8.828125,-8.320948600769043,-1.326171875,-8.828125,1.233738899230957,,,,,,,
2277,441.25340399999914,2.595703125,-10.004834175109863,3.41796875,-2.595703125,1.276415467262268,,,,,,,
2278,441.49049170000035,7.18359375,-8.945890426635742,1.103515625,-7.18359375,1.6400470733642578,,,,,,,
2279,441.6995578999995,5.08203125,-7.388869285583496,3.5625,-5.08203125,1.267380714416504,,,,,,,
2280,441.90563660000043,3.81640625,-9.284616470336914,8.0859375,-3.81640625,1.4419457912445068,,,1.3633668422698975,0.11026846617460251,1.2006127834320068,1.3550136089324951,1.5499968528747559
2281,442.10783919999994,3.400390625,-8.043810844421387,7.15234375,-3.400390625,1.2999393939971924,,,,,,,
2282,442.3051072999988,12.265625,-8.886163711547852,1.44140625,-12.265625,1.4107117652893066,,,,,,,
2283,442.51184509999985,6.45703125,-8.442512512207031,-1.5380859375,-6.45703125,1.0809252262115479,,,,,,,
2284,442.7094935999994,9.7421875,-8.270529747009277,-0.74072265625,-9.7421875,0.8622829914093018,,,,,,,
2285,442.9056698000004,7.015625,-8.219165802001953,2.541015625,-7.015625,1.3980212211608887,,,,,,,
2286,443.1169915999999,4.58984375,-8.44255542755127,2.197265625,-4.58984375,1.4793195724487305,,,,,,,
2287,443.3540424999992,7.53515625,-8.036172866821289,4.53125,-7.53515625,1.4169526100158691,,,,,,,
2288,443.58111929999905,4.9140625,-8.320968627929688,9.875,-4.9140625,1.2962183952331543,,,,,,,
2289,443.8585158999995,8.6328125,-8.46137523651123,1.86328125,-8.6328125,1.28081214427948,,,,,,,
2290,444.07405970000036,4.9765625,-7.134521961212158,8.3359375,-4.9765625,1.1154780387878418,,,,,,,
2291,444.2684129999998,7.39453125,-8.473017692565918,4.359375,-7.39453125,1.292607069015503,,,,,,,
2292,444.4617746999993,9.34375,-7.580938339233398,2.474609375,-9.34375,1.0987491607666016,,,,,,,
2293,444.6643370999991,8.3984375,-7.611343860626221,5.47265625,-8.3984375,1.2402187585830688,,,,,,,
2294,444.8673540999989,8.453125,-8.143146514892578,1.8466796875,-8.453125,1.3334156274795532,,,,,,,
2295,445.0645855999992,10.15625,-8.603604316711426,-1.060546875,-10.15625,1.0995203256607056,,,,,,,
2296,445.2676221999991,3.5625,-8.47387981414795,2.0625,-3.5625,1.2448700666427612,,,,,,,
2297,445.4674525999999,10.84375,-8.06490421295166,0.1737060546875,-10.84375,1.1616586446762085,,,,,,,
2298,445.6698111000005,6.5390625,-8.449533462524414,3.07421875,-6.5390625,1.386404037475586,,,,,,,
2299,445.8998816000003,-0.7333984375,-8.76817798614502,8.671875,0.7333984375,1.458384394645691,,,,,,,
2300,446.16441959999975,7.1875,-9.036532402038574,0.96630859375,-7.1875,1.2134673595428467,,,1.3317903280258179,0.10612217336893082,1.1802918910980225,1.3260223865509033,1.4872130155563354
2301,446.5375041999996,10.4375,-8.71975040435791,-0.3349609375,-10.4375,1.6396249532699585,,,,,,,
2302,446.81061860000045,2.4140625,-8.68729305267334,5.6875,-2.4140625,1.2814569473266602,,,,,,,
2303,447.0236948999991,13.609375,-9.136505126953125,-2.1484375,-13.609375,1.1759947538375854,,,,,,,
2304,447.24927000000025,6.55078125,-7.4672369956970215,4.390625,-6.55078125,1.189013123512268,,,,,,,
2305,447.51979949999986,11.3125,-8.319150924682617,2.984375,-11.3125,1.2589739561080933,,,,,,,
2306,447.7952587999989,9.125,-8.49330997467041,3.18359375,-9.125,1.6785647869110107,,,,,,,
2307,448.2037273999995,5.08984375,-8.49557876586914,4.64453125,-5.08984375,1.2153587341308594,,,,,,,
2308,448.4642308000002,5.28515625,-8.19454288482666,5.6796875,-5.28515625,1.3210818767547607,,,,,,,
2309,448.7525826000001,5.19921875,-9.697714805603027,3.7578125,-5.19921875,1.4116599559783936,,,,,,,
2310,449.0931103999992,6.2734375,-9.19143295288086,2.892578125,-6.2734375,1.4101293087005615,,,,,,,
2311,449.4714062999992,8.0,-8.809375762939453,0.318359375,-8.0,1.4640617370605469,,,,,,,
2312,449.7904534999998,3.1640625,-9.100367546081543,7.98828125,-3.1640625,1.673069953918457,,,,,,,
2313,450.27179869999964,9.453125,-8.955498695373535,2.978515625,-9.453125,1.1460639238357544,,,,,,,
2314,450.56478179999976,1.4208984375,-7.374197483062744,2.904296875,-1.4208984375,1.3914276361465454,,,,,,,
2315,450.8578226999998,6.4375,-9.09431266784668,5.88671875,-6.4375,1.3119378089904785,,,,,,,
2316,451.23299829999996,11.96875,-7.896572113037109,0.9970703125,-11.96875,1.353427767753601,,,,,,,
2317,451.54034519999914,10.0625,-8.747570037841797,2.86328125,-10.0625,1.4086800813674927,,,,,,,
2318,451.8100663999994,6.23828125,-8.081456184387207,0.685546875,-6.23828125,1.2544816732406616,,,,,,,
2319,452.051504699999,12.28125,-10.125455856323242,4.53125,-12.28125,1.2339195013046265,,,,,,,
2320,452.29436759999953,-0.402099609375,-7.8944878578186035,8.6875,0.402099609375,1.3242621421813965,,,1.3476285934448242,0.10761308670043945,1.189731240272522,1.3436405658721924,1.5702613592147827
2321,452.54319790000045,6.41796875,-8.157517433166504,3.333984375,-6.41796875,1.2252954244613647,,,,,,,
2322,452.8234056000001,5.578125,-7.5659332275390625,10.6015625,-5.578125,1.6059420108795166,,,,,,,
2323,453.0866105999994,8.703125,-8.54188060760498,1.921875,-8.703125,1.2081196308135986,,,,,,,
2324,453.37178739999945,1.84765625,-9.093910217285156,8.0,-1.84765625,1.4060901403427124,,,,,,,
2325,453.7080404999997,3.6484375,-8.470223426818848,3.9765625,-3.6484375,1.3735265731811523,,,,,,,
2326,454.0445390999994,8.4765625,-9.057049751281738,2.666015625,-8.4765625,1.2710750102996826,,,,,,,
2327,454.2725778999993,6.83203125,-7.126250743865967,0.37939453125,-6.83203125,1.1940617561340332,,,,,,,
2328,454.4865331000001,2.865234375,-7.736730575561523,5.91015625,-2.865234375,1.4351441860198975,,,,,,,
2329,454.6934462999998,8.390625,-9.586409568786621,2.55859375,-8.390625,1.491715431213379,,,,,,,
2330,454.9456192999987,9.09375,-8.336798667907715,4.890625,-9.09375,1.0694514513015747,,,,,,,
2331,455.22489959999984,9.75,-7.658116817474365,1.658203125,-9.75,1.5450081825256348,,,,,,,
2332,455.48239289999947,7.81640625,-7.891727924346924,6.14453125,-7.81640625,1.2879595756530762,,,,,,,
2333,455.73801509999976,0.6279296875,-9.560264587402344,1.9384765625,-0.6279296875,1.1037976741790771,,,,,,,
2334,455.96846650000043,5.99609375,-8.286211967468262,4.71875,-5.99609375,1.526288390159607,,,,,,,
2335,456.25177819999953,7.99609375,-8.685274124145508,7.68359375,-7.99609375,1.2912883758544922,,,,,,,
2336,456.4785756000001,4.984375,-8.211277961730957,4.046875,-4.984375,1.116847276687622,,,,,,,
2337,456.68988629999876,4.76171875,-8.967874526977539,3.87890625,-4.76171875,1.266500473022461,,,,,,,
2338,456.8915873999995,4.91015625,-7.367265701293945,2.8359375,-4.91015625,1.2264842987060547,,,,,,,
2339,457.1838735000001,2.689453125,-9.368637084960938,8.9609375,-2.689453125,1.428238034248352,,,,,,,
2340,457.45375539999986,7.2734375,-8.801192283630371,0.238525390625,-7.2734375,1.3472450971603394,,,1.3530383110046387,0.10044094920158386,1.206549882888794,1.3326201438903809,1.503536581993103
2341,457.6967380999995,11.3984375,-8.970476150512695,1.46484375,-11.3984375,1.1232740879058838,,,,,,,
2342,458.0409319999999,5.7734375,-8.799365997314453,7.8359375,-5.7734375,1.3100085258483887,,,,,,,
2343,458.2814156000004,5.03515625,-9.013378143310547,5.84765625,-5.03515625,1.478808879852295,,,,,,,
2344,458.5992970999996,4.78125,-8.405160903930664,5.56640625,-4.78125,1.110464096069336,,,,,,,
2345,458.8248395999999,6.78125,-7.669228553771973,6.2578125,-6.78125,1.1198341846466064,,,,,,,
2346,459.0495751999988,11.484375,-7.5050153732299805,-0.401611328125,-11.484375,1.2059221267700195,,,,,,,
2347,459.2847342999994,5.796875,-8.508401870727539,1.7138671875,-5.796875,1.0853476524353027,,,,,,,
2348,459.4868409999999,9.4921875,-7.969970703125,-0.91455078125,-9.4921875,1.2878419160842896,,,,,,,
2349,459.6976545999987,7.28125,-7.269153594970703,-0.33935546875,-7.28125,1.285534143447876,,,,,,,
2350,459.93075429999953,8.0625,-8.110320091247559,-0.6015625,-8.0625,1.2881174087524414,,,,,,,
2351,460.1741327999989,8.2578125,-8.86369514465332,-0.482421875,-8.2578125,1.2378673553466797,,,,,,,
2352,460.4350517999992,2.78125,-8.233845710754395,6.14453125,-2.78125,1.1411546468734741,,,,,,,
2353,460.71057780000046,0.099609375,-8.423134803771973,2.58984375,-0.099609375,1.0143654346466064,,,,,,,
2354,460.921425999999,6.72265625,-9.378877639770508,4.7265625,-6.72265625,1.3242478370666504,,,,,,,
2355,461.16786479999973,11.2265625,-7.607488632202148,1.955078125,-11.2265625,1.4628236293792725,,,,,,,
2356,461.4183565000003,11.0703125,-8.745576858520508,-0.31787109375,-11.0703125,1.3247356414794922,,,,,,,
2357,461.6683823000003,5.609375,-7.876666069030762,5.0859375,-5.609375,1.3030213117599487,,,,,,,
2358,461.9101183999992,11.171875,-9.03423023223877,3.384765625,-11.171875,1.1532697677612305,,,,,,,
2359,462.1533105999988,6.9609375,-8.559941291809082,5.57421875,-6.9609375,1.3463085889816284,,,,,,,
2360,462.39770829999907,4.93359375,-8.725403785705566,2.140625,-4.93359375,1.3370964527130127,,,1.3506180047988892,0.10381077975034714,1.1767401695251465,1.3420110940933228,1.4992396831512451
2361,462.63162139999986,7.83984375,-9.079026222229004,0.416259765625,-7.83984375,1.178786039352417,,,,,,,
2362,462.8630916000002,3.46875,-9.254718780517578,7.046875,-3.46875,1.1827807426452637,,,,,,,
2363,463.0587078999997,3.01953125,-8.573565483093262,4.2734375,-3.01953125,1.0592470169067383,,,,,,,
2364,463.26691839999876,5.1953125,-8.456801414489746,5.6953125,-5.1953125,1.402573585510254,,,,,,,
2365,463.5290432999991,10.515625,-8.17686939239502,2.076171875,-10.515625,1.2762553691864014,,,,,,,
2366,463.79444779999903,1.8408203125,-8.328339576721191,5.03515625,-1.8408203125,1.4216607809066772,,,,,,,
2367,464.0306036000002,9.4609375,-8.590253829956055,0.513671875,-9.4609375,1.292559027671814,,,,,,,
2368,464.27056079999966,6.7734375,-8.145294189453125,2.318359375,-6.7734375,1.260955572128296,,,,,,,
2369,464.50383429999965,3.29296875,-8.631241798400879,4.0625,-3.29296875,1.525007963180542,,,,,,,
2370,464.7667425999989,4.30078125,-8.442415237426758,3.072265625,-4.30078125,1.2841472625732422,,,,,,,
2371,465.07883670000047,8.84375,-7.236736297607422,-1.0146484375,-8.84375,1.505450963973999,,,,,,,
2372,465.2894663999996,2.51171875,-8.866816520690918,8.0234375,-2.51171875,1.3050585985183716,,,,,,,
2373,465.49702350000007,5.73828125,-9.234963417053223,6.33984375,-5.73828125,1.2572239637374878,,,,,,,
2374,465.7364870000001,6.56640625,-9.132558822631836,6.41015625,-6.56640625,1.3674416542053223,,,,,,,
2375,465.9457118999999,3.724609375,-8.361222267150879,-0.3515625,-3.724609375,1.2169026136398315,,,,,,,
2376,466.16960800000015,5.86328125,-7.947164058685303,3.5,-5.86328125,1.3809609413146973,,,,,,,
2377,466.38522139999986,7.6484375,-8.767997741699219,4.34765625,-7.6484375,1.5054394006729126,,,,,,,
2378,466.6277678999995,7.26171875,-8.271632194519043,-2.1015625,-7.26171875,1.1502429246902466,,,,,,,
2379,466.84502769999926,7.94921875,-8.40266227722168,2.232421875,-7.94921875,1.214524745941162,,,,,,,
2380,467.11794629999895,10.7734375,-7.724322319030762,-1.177734375,-10.7734375,1.2913024425506592,,,1.3463196754455566,0.09588000923395157,1.2065162658691406,1.3432841300964355,1.5266681909561157
2381,467.4536017999999,9.0,-7.625370979309082,2.35546875,-9.0,1.3746291399002075,,,,,,,
2382,467.6602449000002,6.79296875,-7.93924617767334,2.880859375,-6.79296875,1.3263787031173706,,,,,,,
2383,467.86773729999913,6.4765625,-7.384331226348877,5.0625,-6.4765625,1.6859811544418335,,,,,,,
2384,468.05677209999885,3.26953125,-8.5564546585083,0.38818359375,-3.26953125,1.3888580799102783,,,,,,,
2385,468.27440039999965,8.3515625,-8.296128273010254,-1.4306640625,-8.3515625,1.180433988571167,,,,,,,
2386,468.5113454000002,3.740234375,-8.761195182800293,1.5615234375,-3.740234375,1.3013050556182861,,,,,,,
2387,468.7289120000005,6.1953125,-7.9031829833984375,2.13671875,-6.1953125,1.3468170166015625,,,,,,,
2388,468.9352024999989,5.91796875,-9.132977485656738,2.08203125,-5.91796875,1.3982722759246826,,,,,,,
2389,469.12520219999897,7.515625,-8.647710800170898,2.67578125,-7.515625,1.1804141998291016,,,,,,,
2390,469.3137251999997,3.07421875,-8.769388198852539,4.484375,-3.07421875,1.1759244203567505,,,,,,,
2391,469.51907089999986,7.72265625,-8.572319030761719,1.658203125,-7.72265625,1.3729934692382812,,,,,,,
2392,469.7252556000003,5.88671875,-8.790637969970703,5.73046875,-5.88671875,1.037487506866455,,,,,,,
2393,469.9207814000001,3.39453125,-8.067591667175293,1.5693359375,-3.39453125,1.080845832824707,,,,,,,
2394,470.13304049999897,4.875,-8.621771812438965,2.515625,-4.875,1.1438531875610352,,,,,,,
2395,470.3422680999993,2.59765625,-7.94268274307251,1.703125,-2.59765625,1.3776297569274902,,,,,,,
2396,470.54511809999894,5.24609375,-8.912219047546387,3.9609375,-5.24609375,1.4315309524536133,,,,,,,
2397,470.7676286999995,4.8828125,-7.737512588500977,-2.19921875,-4.8828125,1.3562371730804443,,,,,,,
2398,470.96133589999954,13.828125,-7.746515274047852,-8.1328125,-13.828125,1.4800469875335693,,,,,,,
2399,471.1675231999998,11.0390625,-8.33065414428711,1.6083984375,-11.0390625,1.3021583557128906,,,,,,,
2400,471.3901557999998,3.423828125,-8.209202766418457,7.12890625,-3.423828125,1.251734733581543,,,1.3400063514709473,0.09782226383686066,1.1993913650512695,1.3437366485595703,1.5167526006698608
2401,471.6551510999998,-5.16796875,-9.87686538696289,11.234375,5.16796875,1.2871967554092407,,,,,,,
2402,471.9212233999988,8.8046875,-7.943563461303711,3.537109375,-8.8046875,1.212686538696289,,,,,,,
2403,472.1195561000004,3.19140625,-9.345303535461426,6.18359375,-3.19140625,1.1859465837478638,,,,,,,
2404,472.31501019999996,9.671875,-8.566329002380371,1.3935546875,-9.671875,1.1602338552474976,,,,,,,
2405,472.49621490000027,11.6171875,-7.7804365158081055,-3.482421875,-11.6171875,1.258626103401184,,,,,,,
2406,472.6942793999988,8.1171875,-8.09449577331543,5.1875,-8.1171875,1.2883172035217285,,,,,,,
2407,472.889263699999,5.609375,-8.322466850280762,4.1171875,-5.609375,1.1306579113006592,,,,,,,
2408,473.0825415999989,11.1796875,-8.429986000061035,-0.7744140625,-11.1796875,1.343451738357544,,,,,,,
2409,473.28859029999876,7.99609375,-8.006181716918945,-1.0009765625,-7.99609375,1.1969430446624756,,,,,,,
2410,473.50562629999877,2.509765625,-9.138193130493164,8.734375,-2.509765625,1.103994607925415,,,,,,,
2411,473.7148338999996,6.265625,-8.402887344360352,5.7109375,-6.265625,1.3783626556396484,,,,,,,
2412,473.9048989999992,1.9765625,-8.914711952209473,3.458984375,-1.9765625,1.3118507862091064,,,,,,,
2413,474.10246259999985,4.890625,-8.497481346130371,6.8984375,-4.890625,1.2212687730789185,,,,,,,
2414,474.31361279999874,7.9453125,-7.792876243591309,-0.347412109375,-7.9453125,1.1602487564086914,,,,,,,
2415,474.5428790999995,6.91796875,-8.470602035522461,0.64892578125,-6.91796875,1.0215853452682495,,,,,,,
2416,475.3350224000005,8.3671875,-7.763014793395996,5.12890625,-8.3671875,1.151047945022583,,,,,,,
2417,475.6965774,5.65234375,-8.145378112792969,2.6640625,-5.65234375,1.026496410369873,,,,,,,
2418,475.9566656999996,6.68359375,-9.178838729858398,2.7421875,-6.68359375,1.1102232933044434,,,,,,,
2419,476.18440740000005,8.5234375,-7.69252872467041,1.861328125,-8.5234375,1.4715337753295898,,,,,,,
2420,476.3999079999994,8.8671875,-8.375161170959473,-0.9892578125,-8.8671875,1.2810885906219482,,,1.3377597332000732,0.11843659728765488,1.2014141082763672,1.3121700286865234,1.5344158411026
2421,476.6256383,4.9453125,-8.114555358886719,0.65673828125,-4.9453125,1.1510696411132812,,,,,,,
2422,476.8346129999991,0.9306640625,-9.751304626464844,8.1875,-0.9306640625,1.4908826351165771,,,,,,,
2423,477.0416786000005,7.26171875,-7.843299865722656,2.91015625,-7.26171875,1.1254501342773438,,,,,,,
2424,477.2579982999996,4.3828125,-7.765735626220703,5.609375,-4.3828125,1.1561391353607178,,,,,,,
2425,477.4557733999991,6.0078125,-7.80399227142334,-2.498046875,-6.0078125,1.2350703477859497,,,,,,,
2426,477.7372760999988,8.5859375,-8.356623649597168,2.3515625,-8.5859375,1.2058767080307007,,,,,,,
2427,477.99980309999955,5.66015625,-8.68506908416748,4.68359375,-5.66015625,1.346181035041809,,,,,,,
2428,478.1948365999997,8.4296875,-7.903290271759033,2.861328125,-8.4296875,1.2998348474502563,,,,,,,
2429,478.4048855000001,8.53125,-7.611289978027344,-0.34326171875,-8.53125,0.8887101411819458,,,,,,,
2430,478.6132985000004,7.63671875,-7.789819717407227,1.0517578125,-7.63671875,1.1633051633834839,,,,,,,
2431,478.8258666999991,5.0859375,-7.370138645172119,-2.59765625,-5.0859375,1.1454863548278809,,,,,,,
2432,479.0414880999997,7.4375,-7.588289260864258,4.34765625,-7.4375,1.2710857391357422,,,,,,,
2433,479.27314490000026,1.787109375,-8.756136894226074,8.84375,-1.787109375,1.3532381057739258,,,,,,,
2434,479.5235804999993,1.96875,-8.017919540405273,5.35546875,-1.96875,1.5289552211761475,,,,,,,
2435,479.7474731000002,8.453125,-8.067880630493164,1.0498046875,-8.453125,1.244619369506836,,,,,,,
2436,479.96393759999955,5.6796875,-7.391924858093262,7.13671875,-5.6796875,1.3112002611160278,,,,,,,
2437,480.1894328999988,5.0859375,-8.642614364624023,5.0546875,-5.0859375,1.2167607545852661,,,,,,,
2438,480.3852074999995,6.03125,-7.928949356079102,-0.64990234375,-6.03125,1.2351133823394775,,,,,,,
2439,480.59228059999987,10.125,-8.236204147338867,3.06640625,-10.125,1.404421091079712,,,,,,,
2440,480.81347619999906,5.96875,-8.896220207214355,2.826171875,-5.96875,1.2209676504135132,,,1.3306770324707031,0.11291366070508957,1.1895638704299927,1.3131985664367676,1.558492660522461
2441,481.01647950000006,11.6796875,-8.140209197998047,-0.38427734375,-11.6796875,1.1410408020019531,,,,,,,
2442,481.227168899999,-0.54736328125,-8.959664344787598,6.265625,0.54736328125,1.1106480360031128,,,,,,,
2443,481.4339301,8.0625,-8.144805908203125,3.142578125,-8.0625,1.456756830215454,,,,,,,
2444,481.63970080000036,5.0703125,-7.404728889465332,2.634765625,-5.0703125,1.423396110534668,,,,,,,
2445,481.84285610000006,10.953125,-8.26961898803711,4.25390625,-10.953125,1.3085061311721802,,,,,,,
2446,482.067459599999,7.36328125,-7.916410446166992,3.322265625,-7.36328125,1.2632770538330078,,,,,,,
2447,482.3179767999991,3.541015625,-9.346324920654297,8.671875,-3.541015625,1.3099247217178345,,,,,,,
2448,482.6167736999996,3.8359375,-7.4876909255981445,3.0,-3.8359375,1.2076213359832764,,,,,,,
2449,482.8200177999988,4.5703125,-8.209725379943848,5.3125,-4.5703125,1.3293373584747314,,,,,,,
2450,483.01415110000016,8.03125,-8.372182846069336,-0.791015625,-8.03125,1.1903173923492432,,,,,,,
2451,483.2061651999993,4.5859375,-8.093732833862305,2.24609375,-4.5859375,1.0781421661376953,,,,,,,
2452,483.4054364000003,11.046875,-7.6779608726501465,2.40625,-11.046875,1.3376641273498535,,,,,,,
2453,483.603801199999,2.8203125,-8.786099433898926,5.203125,-2.8203125,1.2607752084732056,,,,,,,
2454,483.81138680000004,12.2890625,-7.3935041427612305,1.20703125,-12.2890625,1.012745976448059,,,,,,,
2455,484.01528999999937,7.79296875,-8.218379020690918,3.623046875,-7.79296875,1.062870740890503,,,,,,,
2456,484.22236220000013,3.9375,-8.078330993652344,6.625,-3.9375,1.3904188871383667,,,,,,,
2457,484.4310244999997,7.80859375,-9.124279975891113,-3.43359375,-7.80859375,1.2038450241088867,,,,,,,
2458,484.6365687999987,9.2578125,-7.925965785980225,0.37939453125,-9.2578125,1.3396590948104858,,,,,,,
2459,484.83549270000003,1.787109375,-7.432396411895752,3.751953125,-1.787109375,1.2316662073135376,,,,,,,
2460,485.0408761999988,6.66015625,-8.661358833312988,4.65625,-6.66015625,1.2214537858963013,,,1.3196322917938232,0.14135251939296722,1.1427615880966187,1.30303955078125,1.5581990480422974
2461,485.23992309999994,9.4765625,-7.905089378356934,0.2169189453125,-9.4765625,1.165223240852356,,,,,,,
2462,485.44802179999897,5.53125,-8.156896591186523,-1.0341796875,-5.53125,1.0618531703948975,,,,,,,
2463,485.6776281000002,4.7265625,-9.12143325805664,-0.072021484375,-4.7265625,1.0504415035247803,,,,,,,
2464,485.8774376000001,9.015625,-9.292999267578125,1.3466796875,-9.015625,1.308562994003296,,,,,,,
2465,486.1165915999991,7.0546875,-8.462528228759766,4.19921875,-7.0546875,1.2874712944030762,,,,,,,
2466,486.31178629999886,1.7734375,-8.164591789245605,7.42578125,-1.7734375,1.4760332107543945,,,,,,,
2467,486.52292189999935,6.3203125,-7.118951797485352,5.55859375,-6.3203125,1.2794857025146484,,,,,,,
2468,486.7207966999995,10.359375,-7.902350425720215,-0.1844482421875,-10.359375,1.1445246934890747,,,,,,,
2469,486.91388949999964,5.99609375,-8.238004684448242,4.734375,-5.99609375,1.293245792388916,,,,,,,
2470,487.1143783999996,8.7265625,-7.528033256530762,-0.5380859375,-8.7265625,1.1672790050506592,,,,,,,
2471,487.31282009999995,1.640625,-8.274989128112793,2.099609375,-1.640625,1.3109482526779175,,,,,,,
2472,487.5203671999989,5.28515625,-8.398303985595703,3.546875,-5.28515625,1.1798208951950073,,,,,,,
2473,487.72363550000046,4.18359375,-8.580732345581055,2.55859375,-4.18359375,1.0755176544189453,,,,,,,
2474,487.92119400000047,14.7109375,-8.885780334472656,5.3359375,-14.7109375,1.4501569271087646,,,,,,,
2475,488.13574789999984,9.109375,-8.762012481689453,1.7412109375,-9.109375,1.2770503759384155,,,,,,,
2476,488.33248569999887,10.3359375,-8.15169620513916,-2.478515625,-10.3359375,1.3014287948608398,,,,,,,
2477,488.5333790000004,6.34375,-7.796990394592285,2.353515625,-6.34375,1.093634843826294,,,,,,,
2478,488.7416032000001,3.302734375,-8.604255676269531,3.43359375,-3.302734375,1.1066817045211792,,,,,,,
2479,488.968315099999,6.07421875,-9.558778762817383,3.14453125,-6.07421875,1.1287213563919067,,,,,,,
2480,489.1966446999995,9.2421875,-7.948410987854004,3.87890625,-9.2421875,1.1765892505645752,,,1.3267467021942139,0.10438206791877747,1.1835932731628418,1.3265352249145508,1.4817911386489868
2481,489.44108029999916,8.6484375,-8.693968772888184,5.25,-8.6484375,1.5560311079025269,,,,,,,
2482,489.66653439999936,5.46484375,-7.8306779861450195,4.96875,-5.46484375,0.9661969542503357,,,,,,,
2483,489.8659373999999,3.505859375,-7.508305072784424,5.3125,-3.505859375,1.2729449272155762,,,,,,,
2484,490.067456499999,6.390625,-8.57273006439209,3.505859375,-6.390625,1.1225824356079102,,,,,,,
2485,490.33923289999984,6.5078125,-8.267634391784668,4.16796875,-6.5078125,1.0292408466339111,,,,,,,
2486,490.56119319999925,6.921875,-8.042563438415527,-1.3544921875,-6.921875,1.1058741807937622,,,,,,,
2487,490.77419550000013,6.3125,-8.931200981140137,4.13671875,-6.3125,0.9281742572784424,,,,,,,
2488,490.96857479999926,6.875,-7.991084575653076,4.24609375,-6.875,0.9932902455329895,,,,,,,
2489,491.18016119999993,5.70703125,-7.5889573097229,6.421875,-5.70703125,1.0907303094863892,,,,,,,
2490,491.39996900000006,5.14453125,-7.820082187652588,0.34130859375,-5.14453125,1.429917812347412,,,,,,,
2491,491.60403039999983,13.578125,-8.734273910522461,-0.88671875,-13.578125,1.2969756126403809,,,,,,,
2492,491.79886839999926,8.2890625,-8.831888198852539,1.5078125,-8.2890625,1.1134241819381714,,,,,,,
2493,491.98898290000034,6.73046875,-8.434446334838867,2.3046875,-6.73046875,1.2999283075332642,,,,,,,
2494,492.20902659999956,6.203125,-7.866819381713867,5.6484375,-6.203125,1.3206806182861328,,,,,,,
2495,492.4996355000003,1.09765625,-7.421412944793701,7.41796875,-1.09765625,1.1098369359970093,,,,,,,
2496,492.7517334000004,4.74609375,-7.979973316192627,-1.302734375,-4.74609375,1.0669018030166626,,,,,,,
2497,492.98059509999985,4.1484375,-8.193839073181152,1.77734375,-4.1484375,1.0249112844467163,,,,,,,
2498,493.2098898000004,8.59375,-8.117907524108887,2.75,-8.59375,0.9602178335189819,,,,,,,
2499,493.42699770000036,8.265625,-7.733541488647461,1.267578125,-8.265625,1.1648958921432495,,,,,,,
2500,494.2084100999982,9.4765625,-7.290040493011475,3.505859375,-9.4765625,0.9130846858024597,208.89764404296875,,1.2868772745132446,0.09492041170597076,1.170375943183899,1.262012243270874,1.5012561082839966
2501,494.4060219999992,3.19921875,-8.91107177734375,8.4375,-3.19921875,1.74517822265625,208.89764404296875,,,,,,
2502,494.5736674999989,8.3515625,-8.829694747924805,-0.06646728515625,-8.3515625,1.107804775238037,208.89764404296875,,,,,,
2503,494.73947379999845,9.7734375,-8.517663955688477,0.67431640625,-9.7734375,1.310461163520813,208.89764404296875,,,,,,
2504,494.9078234999979,8.3984375,-7.8056745529174805,0.80908203125,-8.3984375,1.077138066291809,208.89764404296875,,,,,,
2505,495.0812178999986,1.4296875,-7.896695613861084,2.24609375,-1.4296875,1.1658042669296265,208.89764404296875,,,,,,
2506,495.24847749999935,6.8046875,-8.420141220092773,4.73828125,-6.8046875,0.9861091375350952,208.89764404296875,,,,,,
2507,495.4165403999996,6.09375,-8.226505279541016,2.4765625,-6.09375,1.085994839668274,208.89764404296875,,,,,,
2508,495.5818582999982,8.8828125,-7.320740222930908,0.82275390625,-8.8828125,1.0386347770690918,208.89764404296875,,,,,,
2509,495.7423057999986,8.0546875,-7.291889667510986,5.828125,-8.0546875,1.6221727132797241,208.89764404296875,,,,,,
2510,495.9043819999988,9.9921875,-8.97239875793457,0.203369140625,-9.9921875,1.207288384437561,208.89764404296875,,,,,,
2511,496.06509989999904,1.1103515625,-7.9864959716796875,3.6015625,-1.1103515625,1.216629147529602,208.89764404296875,,,,,,
2512,496.2284826999985,0.794921875,-8.839744567871094,6.8125,-0.794921875,1.4883803129196167,208.89764404296875,,,,,,
2513,496.3924808999982,4.703125,-8.179694175720215,4.7109375,-4.703125,1.0078058242797852,208.89764404296875,,,,,,
2514,496.55591359999926,10.7109375,-8.550212860107422,0.10113525390625,-10.7109375,0.9810371398925781,208.89764404296875,,,,,,
2515,496.7185262999992,4.6484375,-8.526200294494629,6.30859375,-4.6484375,1.2550498247146606,208.89764404296875,,,,,,
2516,496.87845379999817,2.791015625,-8.610681533813477,4.69140625,-2.791015625,1.1393179893493652,208.89764404296875,,,,,,
2517,497.0396678999987,7.6484375,-8.284574508666992,1.9404296875,-7.6484375,1.1685501337051392,208.89764404296875,,,,,,
2518,497.20418139999856,5.74609375,-8.982136726379395,3.59375,-5.74609375,1.2288010120391846,208.89764404296875,,,,,,
2519,497.3741726999997,4.18359375,-8.442974090576172,7.05078125,-4.18359375,1.0882755517959595,208.89764404296875,,,,,,
2520,497.5842668999994,-0.2880859375,-9.632545471191406,8.8203125,0.2880859375,1.398704171180725,208.89764404296875,,1.3556983470916748,0.11553844064474106,1.1924574375152588,1.3522686958312988,1.560624361038208
2521,497.77653389999796,5.1328125,-8.303338050842285,7.078125,-5.1328125,1.2669742107391357,208.89764404296875,,,,,,
2522,497.96663759999865,5.2421875,-7.839128494262695,2.80859375,-5.2421875,1.3171217441558838,208.89764404296875,,,,,,
2523,498.186686699999,6.1953125,-7.548589706420898,4.2109375,-6.1953125,1.0451600551605225,208.89764404296875,,,,,,
2524,498.37142539999877,6.82421875,-8.373229026794434,3.365234375,-6.82421875,1.3533331155776978,208.89764404296875,,,,,,
2525,498.5552603999986,10.828125,-7.538980007171631,-1.5048828125,-10.828125,1.4688324928283691,208.89764404296875,,,,,,
2526,498.73090369999954,3.259765625,-8.928028106689453,2.943359375,-3.259765625,1.321972370147705,208.89764404296875,,,,,,
2527,498.9101602999981,7.03125,-8.967771530151367,3.330078125,-7.03125,1.1806656122207642,208.89764404296875,,,,,,
2528,499.1106222999988,1.009765625,-8.642216682434082,9.4453125,-1.009765625,1.5687204599380493,208.89764404296875,,,,,,
2529,499.31834659999913,7.75,-8.850536346435547,3.90625,-7.75,1.1338386535644531,208.89764404296875,,,,,,
2530,499.5130072999982,4.359375,-8.541062355041504,5.0859375,-4.359375,1.146437406539917,208.89764404296875,,,,,,
2531,499.69430959999954,2.806640625,-8.96152400970459,3.921875,-2.806640625,1.2259762287139893,208.89764404296875,,,,,,
2532,499.8736680999991,11.2734375,-8.590536117553711,-0.8681640625,-11.2734375,1.3079009056091309,208.89764404296875,,,,,,
2533,500.05012519999946,4.69140625,-7.280416011810303,2.69921875,-4.69140625,1.1258339881896973,208.89764404296875,,,,,,
2534,500.23304969999845,7.75390625,-7.364129066467285,4.515625,-7.75390625,1.1124334335327148,208.89764404296875,,,,,,
2535,500.4172839999992,4.859375,-7.733015060424805,3.9296875,-4.859375,1.3529223203659058,208.89764404296875,,,,,,
2536,500.61084839999967,7.19921875,-7.931336879730225,-3.263671875,-7.19921875,1.334288239479065,208.89764404296875,,,,,,
2537,500.7986697999986,7.30078125,-8.344229698181152,3.4609375,-7.30078125,1.3588953018188477,208.89764404296875,,,,,,
2538,500.97749529999965,1.9306640625,-8.72552490234375,5.13671875,-1.9306640625,1.079162359237671,208.89764404296875,,,,,,
2539,501.15307909999865,5.34375,-8.660226821899414,-1.2861328125,-5.34375,1.0975852012634277,208.89764404296875,,,,,,
2540,501.33481009999923,3.009765625,-8.786062240600586,2.11328125,-3.009765625,0.987375020980835,208.89764404296875,,1.2920565605163574,0.11593323945999146,1.1480867862701416,1.275470495223999,1.4978890419006348
2541,501.51720899999964,5.98046875,-8.517562866210938,-3.5546875,-5.98046875,1.0527499914169312,208.89764404296875,,,,,,
2542,501.7055552999991,4.01171875,-8.732490539550781,5.83984375,-4.01171875,1.04875910282135,208.89764404296875,,,,,,
2543,501.8953137999979,6.15625,-7.701100826263428,5.01953125,-6.15625,1.2363990545272827,208.89764404296875,,,,,,
2544,502.07018739999876,11.578125,-8.034850120544434,2.208984375,-11.578125,1.2229622602462769,208.89764404296875,,,,,,
2545,502.2491551999992,8.40625,-8.269227981567383,-1.37890625,-8.40625,1.308896780014038,208.89764404296875,,,,,,
2546,502.43413489999875,7.8828125,-7.371856212615967,2.505859375,-7.8828125,1.1359562873840332,208.89764404296875,,,,,,
2547,502.6168218999992,7.4375,-8.133805274963379,1.7451171875,-7.4375,1.1474443674087524,208.89764404296875,,,,,,
2548,502.8744973999983,2.30859375,-8.099257469177246,4.15234375,-2.30859375,1.2601178884506226,208.89764404296875,,,,,,
2549,503.05482089999896,3.87109375,-8.833684921264648,8.3125,-3.87109375,1.4241276979446411,208.89764404296875,,,,,,
2550,503.23369939999793,2.5703125,-7.106235504150391,2.544921875,-2.5703125,1.0890768766403198,208.89764404296875,,,,,,
2551,503.4089396999989,1.7509765625,-7.226251602172852,7.65625,-1.7509765625,1.2190606594085693,208.89764404296875,,,,,,
2552,503.602020899998,11.75,-8.306490898132324,1.74609375,-11.75,1.1310091018676758,208.89764404296875,,,,,,
2553,503.8087410999997,6.42578125,-8.206111907958984,5.37890625,-6.42578125,0.9657626152038574,208.89764404296875,,,,,,
2554,504.00193839999883,6.62109375,-7.488748073577881,3.384765625,-6.62109375,1.2534393072128296,208.89764404296875,,,,,,
2555,504.18097209999905,5.8515625,-8.614617347717285,9.875,-5.8515625,1.5103826522827148,208.89764404296875,,,,,,
2556,504.37778569999864,4.72265625,-7.730271816253662,1.5498046875,-4.72265625,1.191603183746338,208.89764404296875,,,,,,
2557,504.56740289999834,4.7734375,-8.772133827209473,1.912109375,-4.7734375,1.3841159343719482,208.89764404296875,,,,,,
2558,504.7629545999989,5.375,-7.840747356414795,4.4765625,-5.375,1.276440143585205,208.89764404296875,,,,,,
2559,504.9548016999979,5.2578125,-7.66389274597168,7.0703125,-5.2578125,1.4142324924468994,208.89764404296875,,,,,,
2560,505.1751394999992,7.578125,-6.949219703674316,-0.5029296875,-7.578125,1.097655177116394,208.89764404296875,,1.3180060386657715,0.09293904155492783,1.1814886331558228,1.314201831817627,1.4735796451568604
2561,505.3962101999987,4.73828125,-7.967362403869629,2.96875,-4.73828125,1.360762357711792,208.89764404296875,,,,,,
2562,505.611318199999,6.984375,-8.724726676940918,2.76171875,-6.984375,1.1190234422683716,208.89764404296875,,,,,,
2563,505.81801879999875,4.43359375,-8.062213897705078,0.82861328125,-4.43359375,1.0705981254577637,208.89764404296875,,,,,,
2564,506.01973839999846,2.9375,-9.174850463867188,4.7734375,-2.9375,1.2626490592956543,208.89764404296875,,,,,,
2565,506.2075251999995,5.2578125,-7.945398330688477,5.9375,-5.2578125,1.2733514308929443,208.89764404296875,,,,,,
2566,506.4040994999996,7.94921875,-8.389287948608398,1.4609375,-7.94921875,1.4466499090194702,208.89764404296875,,,,,,
2567,506.60358059999817,0.2100830078125,-7.467026710510254,0.2130126953125,-0.2100830078125,1.0251610279083252,208.89764404296875,,,,,,
2568,506.7949286999992,11.9765625,-7.290903568267822,1.06640625,-11.9765625,1.1465964317321777,208.89764404296875,,,,,,
2569,506.9941721999985,3.69921875,-8.15860366821289,3.98046875,-3.69921875,1.3726468086242676,208.89764404296875,,,,,,
2570,507.32150979999824,5.56640625,-8.134415626525879,3.439453125,-5.56640625,1.185896635055542,208.89764404296875,,,,,,
2571,507.6297094999991,1.322265625,-9.732553482055664,6.26171875,-1.322265625,1.0486962795257568,208.89764404296875,,,,,,
2572,508.0130911999986,6.55078125,-8.216400146484375,0.5185546875,-6.55078125,1.103912115097046,208.89764404296875,,,,,,
2573,508.49353749999864,9.1015625,-8.890459060668945,-1.0625,-9.1015625,1.1173529624938965,208.89764404296875,,,,,,
2574,508.75235899999825,9.1796875,-8.422327995300293,-0.2392578125,-9.1796875,1.132359266281128,208.89764404296875,,,,,,
2575,508.9398539999984,7.93359375,-7.2219390869140625,4.60546875,-7.93359375,0.9968111515045166,208.89764404296875,,,,,,
2576,509.11706759999834,3.046875,-8.612054824829102,3.3828125,-3.046875,1.1301321983337402,208.89764404296875,,,,,,
2577,509.4109602999979,8.40625,-8.704463958740234,-1.7421875,-8.40625,0.9908485412597656,208.89764404296875,,,,,,
2578,509.66797549999865,7.80078125,-8.404433250427246,2.79296875,-7.80078125,1.3846296072006226,208.89764404296875,,,,,,
2579,509.88912809999965,6.859375,-7.636373519897461,0.405517578125,-6.859375,1.1839388608932495,208.89764404296875,,,,,,
2580,510.12564869999915,4.21484375,-8.114749908447266,2.6328125,-4.21484375,1.166500449180603,208.89764404296875,,1.3238515853881836,0.10849054157733917,1.1844249963760376,1.3134164810180664,1.5193374156951904
2581,510.38419279999835,0.87939453125,-8.101577758789062,4.83984375,-0.87939453125,1.1952974796295166,208.89764404296875,,,,,,
2582,510.84744639999917,7.0234375,-7.8540425300598145,0.1883544921875,-7.0234375,1.0209574699401855,208.89764404296875,,,,,,
2583,511.69778289999886,4.58203125,-8.104714393615723,6.6171875,-4.58203125,1.5515353679656982,208.89764404296875,,,,,,
2584,511.9534838999989,8.6328125,-7.806955814361572,3.29296875,-8.6328125,1.3180440664291382,208.89764404296875,,,,,,
2585,512.2072919999991,7.44921875,-9.624251365661621,2.970703125,-7.44921875,1.3835614919662476,208.89764404296875,,,,,,
2586,512.5173938999997,0.093017578125,-8.539958953857422,6.19140625,-0.093017578125,1.26472806930542,208.89764404296875,,,,,,
2587,512.7505141999991,11.5,-7.365085601806641,-0.79638671875,-11.5,0.9786641597747803,208.89764404296875,,,,,,
2588,512.9673422999986,5.640625,-8.788025856018066,6.40234375,-5.640625,1.126036524772644,208.89764404296875,,,,,,
2589,513.1660677999989,8.8984375,-7.948599815368652,1.263671875,-8.8984375,0.9654628038406372,208.89764404296875,,,,,,
2590,513.359407599999,8.2890625,-8.78744888305664,-2.2578125,-8.2890625,1.376613974571228,208.89764404296875,,,,,,
2591,513.570128299998,5.1796875,-7.290074348449707,1.541015625,-5.1796875,1.038050651550293,208.89764404296875,,,,,,
2592,513.9090529999994,4.01953125,-7.767549514770508,6.1875,-4.01953125,1.1543254852294922,208.89764404296875,,,,,,
2593,514.2126517999986,2.61328125,-8.743632316589355,2.439453125,-2.61328125,1.0454301834106445,208.89764404296875,,,,,,
2594,514.534937399998,5.73046875,-8.392671585083008,7.78125,-5.73046875,1.490140438079834,208.89764404296875,,,,,,
2595,514.8537431999994,4.99609375,-8.28337287902832,4.1328125,-4.99609375,1.1228773593902588,208.89764404296875,,,,,,
2596,515.3618752999992,9.4296875,-8.322504997253418,3.830078125,-9.4296875,1.130619764328003,208.89764404296875,,,,,,
2597,515.7085129999996,6.6875,-8.509057998657227,1.9267578125,-6.6875,1.1315665245056152,208.89764404296875,,,,,,
2598,516.0392647999979,0.0760498046875,-7.4138264656066895,6.98046875,-0.0760498046875,1.0939860343933105,208.89764404296875,,,,,,
2599,516.3263752999992,8.46875,-7.459376335144043,-2.49609375,-8.46875,1.1031239032745361,208.89764404296875,,,,,,
2600,516.664904199999,4.69140625,-7.494898796081543,3.115234375,-4.69140625,1.036350965499878,208.89764404296875,,1.306687831878662,0.09786532074213028,1.1778243780136108,1.3045339584350586,1.461195945739746
2601,516.9065896999982,1.3466796875,-9.135683059692383,6.796875,-1.3466796875,1.340879201889038,208.89764404296875,,,,,,
2602,517.1544670999992,2.85546875,-8.166669845581055,7.203125,-2.85546875,1.317705512046814,208.89764404296875,,,,,,
2603,517.3671902999995,3.6171875,-7.894822120666504,6.69921875,-3.6171875,1.237990379333496,208.89764404296875,,,,,,
2604,517.6317611999984,5.95703125,-7.580170631408691,-2.51953125,-5.95703125,0.9823291897773743,208.89764404296875,,,,,,
2605,517.8637101999993,5.57421875,-8.402050971984863,-0.000244140625,-5.57421875,1.0823237895965576,208.89764404296875,,,,,,
2606,518.0880266999993,1.595703125,-8.080310821533203,6.765625,-1.595703125,1.044689655303955,208.89764404296875,,,,,,
2607,518.3118969999996,12.2421875,-8.721851348876953,-0.38671875,-12.2421875,1.0906484127044678,208.89764404296875,,,,,,
2608,518.5285120999979,7.453125,-8.570013999938965,2.169921875,-7.453125,1.203423261642456,208.89764404296875,,,,,,
2609,518.7295588999987,2.994140625,-8.35581111907959,6.54296875,-2.994140625,1.198876142501831,208.89764404296875,,,,,,
2610,518.9270945999997,3.966796875,-8.002359390258789,6.51171875,-3.966796875,1.29451584815979,208.89764404296875,,,,,,
2611,519.1251695999981,2.3515625,-7.565521717071533,2.83203125,-2.3515625,1.1688534021377563,208.89764404296875,,,,,,
2612,519.3207157999987,6.89453125,-8.158829689025879,4.4453125,-6.89453125,1.1380455493927002,208.89764404296875,,,,,,
2613,519.5305986999992,7.55859375,-8.312577247619629,1.7880859375,-7.55859375,1.4452356100082397,208.89764404296875,,,,,,
2614,519.7387612999992,9.7890625,-7.907632827758789,3.146484375,-9.7890625,0.8501794338226318,208.89764404296875,,,,,,
2615,519.9336455999983,8.1953125,-8.76559829711914,5.0234375,-8.1953125,1.070339322090149,208.89764404296875,,,,,,
2616,520.1326523999996,2.27734375,-7.658016204833984,8.453125,-2.27734375,1.3810465335845947,208.89764404296875,,,,,,
2617,520.3305930999995,7.0546875,-7.905686378479004,-0.66162109375,-7.0546875,1.1490010023117065,208.89764404296875,,,,,,
2618,520.5250756999994,6.5625,-8.882594108581543,9.046875,-6.5625,1.7111561298370361,208.89764404296875,,,,,,
2619,520.7663631999985,1.23828125,-7.671877384185791,5.19921875,-1.23828125,1.2812477350234985,208.89764404296875,,,,,,
2620,520.999312699998,5.12109375,-7.462205410003662,0.3115234375,-5.12109375,0.9909195899963379,208.89764404296875,,1.2988767623901367,0.09881605207920074,1.1493817567825317,1.28581702709198,1.462006688117981
2621,521.2393479999992,8.5078125,-8.230732917785645,1.0986328125,-8.5078125,1.3708295822143555,208.89764404296875,,,,,,
2622,521.4861005999992,8.359375,-9.077631950378418,3.103515625,-8.359375,1.2973679304122925,208.89764404296875,,,,,,
2623,521.6960042999981,4.3671875,-8.160848617553711,4.91015625,-4.3671875,1.2610268592834473,208.89764404296875,,,,,,
2624,521.9144971999995,11.5625,-8.190338134765625,-1.2421875,-11.5625,1.2080988883972168,208.89764404296875,,,,,,
2625,522.1333166999993,8.984375,-7.827141761779785,-3.80859375,-8.984375,1.2978583574295044,208.89764404296875,,,,,,
2626,522.3657553999983,6.84375,-8.756481170654297,1.224609375,-6.84375,1.3528937101364136,208.89764404296875,,,,,,
2627,522.6121107999988,0.91259765625,-8.114425659179688,8.0703125,-0.91259765625,1.4168248176574707,208.89764404296875,,,,,,
2628,522.8254008999993,9.625,-7.768593788146973,4.828125,-9.625,1.5595310926437378,208.89764404296875,,,,,,
2629,523.0470240999985,6.3515625,-7.612990856170654,1.5947265625,-6.3515625,0.9651342034339905,208.89764404296875,,,,,,
2630,523.2566211999983,4.359375,-8.770472526550293,6.68359375,-4.359375,1.213902235031128,208.89764404296875,,,,,,
2631,523.4895748999988,3.189453125,-7.634176731109619,8.0390625,-3.189453125,1.2330107688903809,208.89764404296875,,,,,,
2632,523.6973363999987,4.47265625,-8.727147102355957,3.609375,-4.47265625,1.1947280168533325,208.89764404296875,,,,,,
2633,523.9226443999996,4.42578125,-7.823131561279297,5.5703125,-4.42578125,1.1299934387207031,208.89764404296875,,,,,,
2634,524.1844038999989,3.791015625,-8.464004516601562,4.86328125,-3.791015625,1.0828704833984375,208.89764404296875,,,,,,
2635,524.4410568999992,5.9921875,-8.787396430969238,3.453125,-5.9921875,1.1501039266586304,208.89764404296875,,,,,,
2636,524.766029299999,5.76953125,-8.111701965332031,6.6875,-5.76953125,1.0992352962493896,208.89764404296875,,,,,,
2637,525.0399108999991,9.578125,-8.355513572692871,2.6015625,-9.578125,1.2694865465164185,208.89764404296875,,,,,,
2638,525.2591490999985,5.34765625,-8.796639442443848,3.732421875,-5.34765625,1.250235915184021,208.89764404296875,,,,,,
2639,525.4917398999987,5.0234375,-7.877274036407471,3.78515625,-5.0234375,1.1539758443832397,208.89764404296875,,,,,,
2640,525.7240101999996,7.44140625,-7.773675918579102,2.65625,-7.44140625,0.960699200630188,208.89764404296875,,1.2967400550842285,0.08952807635068893,1.1784547567367554,1.2966203689575195,1.4506429433822632
2641,525.9630178999996,4.01953125,-8.950444221496582,6.66796875,-4.01953125,1.041743278503418,208.89764404296875,,,,,,
2642,526.1988026999989,4.1953125,-8.972660064697266,4.4921875,-4.1953125,1.1210896968841553,208.89764404296875,,,,,,
2643,526.4019498999987,4.50390625,-8.029818534851074,4.0625,-4.50390625,0.9233064651489258,208.89764404296875,,,,,,
2644,526.6148605999988,7.5,-7.585794448852539,0.341552734375,-7.5,1.2579553127288818,208.89764404296875,,,,,,
2645,526.8278654999995,6.67578125,-8.580718040466309,4.53125,-6.67578125,1.1224069595336914,208.89764404296875,,,,,,
2646,527.0577059999996,6.16796875,-8.41347885131836,6.125,-6.16796875,1.3521462678909302,208.89764404296875,,,,,,
2647,527.3041283999992,5.4609375,-8.163177490234375,3.9140625,-5.4609375,1.508697271347046,208.89764404296875,,,,,,
2648,527.5141592999989,8.3125,-8.97176456451416,-1.2939453125,-8.3125,1.3094854354858398,208.89764404296875,,,,,,
2649,527.7270068999987,4.6875,-7.99057149887085,8.9921875,-4.6875,1.0875535011291504,208.89764404296875,,,,,,
2650,527.9477186999993,1.890625,-9.320211410522461,5.390625,-1.890625,1.0391631126403809,208.89764404296875,,,,,,
2651,528.1498531999987,6.18359375,-7.848456382751465,2.0234375,-6.18359375,1.0421688556671143,208.89764404296875,,,,,,
2652,528.365774599999,2.138671875,-8.561433792114258,6.296875,-2.138671875,1.2120039463043213,208.89764404296875,,,,,,
2653,528.5706084999983,4.984375,-9.075758934020996,4.54296875,-4.984375,0.9711158871650696,208.89764404296875,,,,,,
2654,528.7741991999992,5.08984375,-8.027956008911133,2.958984375,-5.08984375,1.5814189910888672,208.89764404296875,,,,,,
2655,528.9953079999996,3.66015625,-8.652369499206543,1.7529296875,-3.66015625,0.9413803219795227,208.89764404296875,,,,,,
2656,529.2130681999988,13.203125,-8.209370613098145,1.1337890625,-13.203125,1.314066767692566,208.89764404296875,,,,,,
2657,529.4253280999983,3.36328125,-8.88528823852539,2.453125,-3.36328125,1.1225244998931885,208.89764404296875,,,,,,
2658,529.6309561999988,6.16796875,-7.93891716003418,0.6767578125,-6.16796875,1.1392076015472412,208.89764404296875,,,,,,
2659,529.8358180999985,4.44921875,-8.332819938659668,3.798828125,-4.44921875,1.0109302997589111,208.89764404296875,,,,,,
2660,530.0457570999988,9.375,-7.834504127502441,1.2001953125,-9.375,1.0404956340789795,208.89764404296875,,1.3076748847961426,0.09688015282154083,1.167585849761963,1.2916264533996582,1.4900180101394653
2661,530.2383075999987,3.439453125,-8.610983848571777,5.18359375,-3.439453125,1.1155788898468018,208.89764404296875,,,,,,
2662,530.453474599999,-0.003765106201171875,-8.166336059570312,7.3046875,0.003765106201171875,1.2242894172668457,208.89764404296875,,,,,,
2663,530.6534495999986,6.01953125,-7.598233699798584,0.42431640625,-6.01953125,0.9330164194107056,208.89764404296875,,,,,,
2664,530.861213199998,3.4296875,-8.073001861572266,4.97265625,-3.4296875,1.0051233768463135,208.89764404296875,,,,,,
2665,531.0672883999996,7.8671875,-8.752755165100098,2.642578125,-7.8671875,1.1925575733184814,208.89764404296875,,,,,,
2666,531.2729745999986,10.15625,-9.312305450439453,4.0859375,-10.15625,1.2189443111419678,208.89764404296875,,,,,,
2667,531.4796736999997,6.67578125,-8.073629379272461,2.11328125,-6.67578125,1.1138710975646973,208.89764404296875,,,,,,
2668,531.6801953999984,5.0703125,-8.30324935913086,6.98046875,-5.0703125,1.6498761177062988,208.89764404296875,,,,,,
2669,531.8837880999981,4.4609375,-7.683441162109375,2.962890625,-4.4609375,0.925933837890625,208.89764404296875,,,,,,
2670,532.093205799998,1.9853515625,-7.803644180297852,1.84765625,-1.9853515625,0.9619810581207275,208.89764404296875,,,,,,
2671,532.2838849999989,3.3203125,-9.377787590026855,3.12109375,-3.3203125,0.8331501483917236,208.89764404296875,,,,,,
2672,532.4951014999988,5.55078125,-8.202214241027832,8.8046875,-5.55078125,1.4462231397628784,208.89764404296875,,,,,,
2673,532.693607199999,2.33203125,-7.979770660400391,1.9072265625,-2.33203125,1.0749170780181885,208.89764404296875,,,,,,
2674,532.895743799998,10.5,-8.99609661102295,-2.77734375,-10.5,1.0664031505584717,208.89764404296875,,,,,,
2675,533.1076798999984,5.4375,-6.413313388824463,9.71875,-5.4375,1.4929364919662476,208.89764404296875,,,,,,
2676,533.3268645999997,8.609375,-7.946162700653076,1.501953125,-8.609375,0.9132122993469238,208.89764404296875,,,,,,
2677,533.5310942999986,0.86865234375,-8.263901710510254,4.9453125,-0.86865234375,1.2360986471176147,208.89764404296875,,,,,,
2678,533.7791847999997,8.375,-8.1486234664917,2.77734375,-8.375,0.9920013546943665,208.89764404296875,,,,,,
2679,533.9821040999996,6.79296875,-8.03386116027832,2.146484375,-6.79296875,0.8802013993263245,208.89764404296875,,,,,,
2680,534.2196985999981,10.0234375,-8.820699691772461,0.06396484375,-10.0234375,1.2964874505996704,208.89764404296875,,1.3399909734725952,0.11855332553386688,1.1788711547851562,1.313213586807251,1.5440268516540527
2681,534.4607656999997,8.90625,-8.614510536193848,2.619140625,-8.90625,1.252677321434021,208.89764404296875,,,,,,
2682,534.6913496999987,7.3984375,-7.461493015289307,5.14453125,-7.3984375,1.2025694847106934,208.89764404296875,,,,,,
2683,534.9019949999984,2.251953125,-8.067490577697754,7.234375,-2.251953125,1.4168840646743774,208.89764404296875,,,,,,
2684,535.0956335999981,0.5341796875,-9.561223030090332,9.921875,-0.5341796875,1.298152208328247,208.89764404296875,,,,,,
2685,535.3084353999984,-0.487548828125,-8.169173240661621,8.671875,0.487548828125,1.1980146169662476,208.89764404296875,,,,,,
2686,535.5300268999981,6.4453125,-7.824463844299316,0.309814453125,-6.4453125,1.2692862749099731,208.89764404296875,,,,,,
2687,535.7758705999986,7.81640625,-8.015897750854492,3.212890625,-7.81640625,1.3591017723083496,208.89764404296875,,,,,,
2688,536.0001552999984,8.6640625,-7.2762861251831055,2.28515625,-8.6640625,1.286213994026184,208.89764404296875,,,,,,
2689,536.1982222999995,8.4375,-7.920586585998535,5.3046875,-8.4375,1.2200384140014648,208.89764404296875,,,,,,
2690,536.4175422999997,5.3515625,-7.715115547180176,3.59765625,-5.3515625,1.1286343336105347,208.89764404296875,,,,,,
2691,536.6221880999983,4.58203125,-8.075246810913086,8.890625,-4.58203125,1.456003189086914,208.89764404296875,,,,,,
2692,536.8144635999979,4.4296875,-7.631217002868652,1.986328125,-4.4296875,1.2906582355499268,208.89764404296875,,,,,,
2693,537.0031505999996,8.0703125,-8.372528076171875,-0.7099609375,-8.0703125,1.1665339469909668,208.89764404296875,,,,,,
2694,537.1999736999987,7.38671875,-8.241683959960938,1.6357421875,-7.38671875,1.2270663976669312,208.89764404296875,,,,,,
2695,537.399207299999,1.88671875,-7.921806335449219,5.234375,-1.88671875,1.1563189029693604,208.89764404296875,,,,,,
2696,537.5906438999991,4.35546875,-8.329718589782715,9.0625,-4.35546875,0.9984064102172852,208.89764404296875,,,,,,
2697,537.7950476999995,1.1005859375,-8.57867431640625,10.3125,-1.1005859375,1.5072630643844604,208.89764404296875,,,,,,
2698,537.9875609999981,7.5234375,-8.059003829956055,0.2568359375,-7.5234375,1.0581839084625244,208.89764404296875,,,,,,
2699,538.1789726999996,1.0498046875,-9.411476135253906,10.59375,-1.0498046875,1.3463366031646729,208.89764404296875,,,,,,
2700,538.367841199999,4.66796875,-8.83293342590332,5.41015625,-4.66796875,1.2295660972595215,208.89764404296875,,1.3346065282821655,0.10485729575157166,1.172070860862732,1.3262672424316406,1.5159902572631836
2701,538.554510699998,4.95703125,-7.074220657348633,4.7109375,-4.95703125,1.113279104232788,208.89764404296875,,,,,,
2702,538.7375963999984,5.1796875,-7.309460163116455,5.64453125,-5.1796875,1.1749149560928345,208.89764404296875,,,,,,
2703,538.9366422999992,5.68359375,-8.705305099487305,3.1640625,-5.68359375,0.950944721698761,208.89764404296875,,,,,,
2704,539.1353937999993,7.34765625,-7.199435234069824,7.0,-7.34765625,1.1365022659301758,208.89764404296875,,,,,,
2705,539.3153618999986,2.052734375,-8.043843269348145,11.21875,-2.052734375,1.3780313730239868,208.89764404296875,,,,,,
2706,539.5071486999987,8.1640625,-6.622620582580566,2.078125,-8.1640625,1.3656604290008545,208.89764404296875,,,,,,
2707,539.7015410999993,2.47265625,-8.448647499084473,0.469970703125,-2.47265625,1.1451023817062378,208.89764404296875,,,,,,
2708,539.8974411999989,6.296875,-8.237385749816895,0.455078125,-6.296875,1.1610521078109741,208.89764404296875,,,,,,
2709,540.0848750999994,2.595703125,-9.243470191955566,8.1328125,-2.595703125,1.1940299272537231,208.89764404296875,,,,,,
2710,540.3051608999995,5.953125,-7.798052787780762,-4.04296875,-5.953125,1.2331972122192383,208.89764404296875,,,,,,
2711,540.5838107999989,7.453125,-7.065215587615967,-2.287109375,-7.453125,1.2316594123840332,208.89764404296875,,,,,,
2712,540.8060197999985,1.9248046875,-8.435047149658203,4.96875,-1.9248046875,1.002453327178955,208.89764404296875,,,,,,
2713,540.9812939999993,6.25,-8.000150680541992,3.083984375,-6.25,0.7889118790626526,208.89764404296875,,,,,,
2714,541.1539094999989,8.03125,-7.850615978240967,2.9140625,-8.03125,1.1103216409683228,208.89764404296875,,,,,,
2715,541.3385205999984,5.42578125,-8.381593704223633,4.921875,-5.42578125,1.2434065341949463,208.89764404296875,,,,,,
2716,541.5364292999984,6.19140625,-8.014323234558105,7.5078125,-6.19140625,1.4153640270233154,208.89764404296875,,,,,,
2717,541.7292450999994,4.85546875,-7.878246784210205,1.470703125,-4.85546875,1.020190715789795,208.89764404296875,,,,,,
2718,541.9107843999991,6.96484375,-8.219404220581055,1.890625,-6.96484375,1.0852837562561035,208.89764404296875,,,,,,
2719,542.1153639999993,4.9765625,-8.23623275756836,4.36328125,-4.9765625,1.1856420040130615,208.89764404296875,,,,,,
2720,542.3432940999992,5.5625,-7.824872016906738,4.609375,-5.5625,1.0501278638839722,208.89764404296875,,1.31017005443573,0.09384727478027344,1.1567827463150024,1.3156695365905762,1.4356104135513306
2721,542.5855237999986,1.00390625,-8.334304809570312,4.79296875,-1.00390625,0.9547578692436218,208.89764404296875,,,,,,
2722,542.8288804999993,7.4921875,-7.8573713302612305,2.486328125,-7.4921875,1.1816911697387695,208.89764404296875,,,,,,
2723,543.0355439999985,10.4609375,-8.663546562194824,1.267578125,-10.4609375,1.1723910570144653,208.89764404296875,,,,,,
2724,543.2077039999986,7.828125,-7.953892707824707,-0.4482421875,-7.828125,1.116420030593872,208.89764404296875,,,,,,
2725,543.3832022999995,1.837890625,-8.655375480651855,6.984375,-1.837890625,1.3602492809295654,208.89764404296875,,,,,,
2726,543.5610001999994,1.2529296875,-8.154227256774902,8.7734375,-1.2529296875,1.4395231008529663,208.89764404296875,,,,,,
2727,543.7414134999981,4.59375,-9.070611953735352,4.8515625,-4.59375,1.0543876886367798,208.89764404296875,,,,,,
2728,543.9398553999981,8.9453125,-7.664979457855225,2.185546875,-8.9453125,0.9365829229354858,208.89764404296875,,,,,,
2729,544.1760531999989,4.82421875,-8.544175148010254,3.96875,-4.82421875,1.033949851989746,208.89764404296875,,,,,,
2730,544.4230814999992,4.046875,-8.168413162231445,3.158203125,-4.046875,1.503462314605713,208.89764404296875,,,,,,
2731,544.6288744999983,5.3359375,-8.538619995117188,4.35546875,-5.3359375,1.2426297664642334,208.89764404296875,,,,,,
2732,544.8342662999985,-0.1895751953125,-8.50693130493164,5.90234375,0.1895751953125,1.0790060758590698,208.89764404296875,,,,,,
2733,545.0520713999995,2.08984375,-8.771907806396484,5.8359375,-2.08984375,1.2905926704406738,208.89764404296875,,,,,,
2734,545.4851184999989,2.2421875,-7.491016387939453,3.005859375,-2.2421875,0.9621086716651917,208.89764404296875,,,,,,
2735,545.6944941999991,6.671875,-8.325579643249512,4.91015625,-6.671875,1.1275453567504883,208.89764404296875,,,,,,
2736,545.8841983999991,5.9609375,-7.4046406745910645,1.9287109375,-5.9609375,1.0875468254089355,208.89764404296875,,,,,,
2737,546.0624682999987,4.4375,-7.577706813812256,0.96533203125,-4.4375,0.8519805669784546,208.89764404296875,,,,,,
2738,546.2548957999988,4.5234375,-7.800717830657959,4.484375,-4.5234375,0.9492823481559753,208.89764404296875,,,,,,
2739,546.4548102999979,1.3017578125,-8.871673583984375,4.703125,-1.3017578125,1.1908260583877563,208.89764404296875,,,,,,
2740,546.6591632999989,-4.82421875,-8.68359375,9.5703125,4.82421875,1.0976566076278687,208.89764404296875,,1.3130360841751099,0.10850837826728821,1.176183819770813,1.3078129291534424,1.4829891920089722
2741,546.8442936999982,11.8984375,-7.3244218826293945,0.048065185546875,-11.8984375,1.105265736579895,208.89764404296875,,,,,,
2742,547.0313928999985,4.54296875,-7.780313491821289,5.47265625,-4.54296875,1.211874008178711,208.89764404296875,,,,,,
2743,547.2200072999985,1.5458984375,-9.098922729492188,5.90234375,-1.5458984375,1.0417022705078125,208.89764404296875,,,,,,
2744,547.4134315999981,5.62890625,-8.781549453735352,1.5869140625,-5.62890625,1.054388403892517,208.89764404296875,,,,,,
2745,547.6101772999991,10.6484375,-8.611186981201172,-0.282958984375,-10.6484375,1.35756254196167,208.89764404296875,,,,,,
2746,547.798954599999,5.62890625,-8.221624374389648,5.9140625,-5.62890625,1.0908758640289307,208.89764404296875,,,,,,
2747,547.9955570999991,6.19921875,-8.167914390563965,7.39453125,-6.19921875,1.3867729902267456,208.89764404296875,,,,,,
2748,548.2266920999991,5.6484375,-8.101316452026367,5.5,-5.6484375,0.9299337863922119,208.89764404296875,,,,,,
2749,548.4145680999991,0.391357421875,-8.356346130371094,12.84375,-0.391357421875,1.5655285120010376,208.89764404296875,,,,,,
2750,548.607511799999,2.447265625,-8.20540714263916,6.12109375,-2.447265625,1.2633424997329712,208.89764404296875,,,,,,
2751,548.7913588999982,8.1484375,-7.46385383605957,4.5078125,-8.1484375,1.1611462831497192,208.89764404296875,,,,,,
2752,548.9814021999991,5.94921875,-7.151242256164551,3.33984375,-5.94921875,1.1456329822540283,208.89764404296875,,,,,,
2753,549.1666186999992,8.9140625,-7.952622413635254,3.654296875,-8.9140625,1.164564847946167,208.89764404296875,,,,,,
2754,549.3504882999987,3.140625,-8.0313720703125,3.5859375,-3.140625,1.031128168106079,208.89764404296875,,,,,,
2755,549.5413850999994,4.609375,-7.540544033050537,0.744140625,-4.609375,1.021955966949463,208.89764404296875,,,,,,
2756,549.7378706999989,1.6220703125,-8.080647468566895,6.78125,-1.6220703125,1.0912277698516846,208.89764404296875,,,,,,
2757,549.940639299999,6.078125,-8.502257347106934,2.109375,-6.078125,1.1539928913116455,208.89764404296875,,,,,,
2758,550.1372599999995,2.888671875,-7.830854892730713,8.2578125,-2.888671875,1.2238324880599976,208.89764404296875,,,,,,
2759,550.3216177999984,3.787109375,-7.554203987121582,2.501953125,-3.787109375,1.078608512878418,208.89764404296875,,,,,,
2760,550.5207890999991,10.171875,-7.358048915863037,0.7353515625,-10.171875,1.243513584136963,208.89764404296875,,1.33468759059906,0.11106560379266739,1.1713041067123413,1.321495771408081,1.5781104564666748
2761,550.8314278999987,10.65625,-7.941225051879883,1.9072265625,-10.65625,1.058774709701538,208.89764404296875,,,,,,
2762,551.136027399998,-0.974609375,-7.970129013061523,12.546875,0.974609375,1.2642461061477661,208.89764404296875,,,,,,
2763,551.3495649999986,0.472412109375,-7.6230340003967285,10.7578125,-0.472412109375,1.5488409996032715,208.89764404296875,,,,,,
2764,551.5454122999981,2.6953125,-8.435805320739746,4.65625,-2.6953125,1.2204444408416748,208.89764404296875,,,,,,
2765,551.7453915999995,6.0546875,-8.405131340026855,3.17578125,-6.0546875,1.063618779182434,208.89764404296875,,,,,,
2766,551.9372576999995,10.109375,-7.704924583435059,-1.0537109375,-10.109375,1.1075756549835205,208.89764404296875,,,,,,
2767,552.1315870999988,5.1796875,-8.170964241027832,3.35546875,-5.1796875,1.3602858781814575,208.89764404296875,,,,,,
2768,552.3141862999983,0.90625,-8.504194259643555,6.3671875,-0.90625,1.0895555019378662,208.89764404296875,,,,,,
2769,552.510166099999,11.328125,-7.197547435760498,3.8515625,-11.328125,1.3337026834487915,208.89764404296875,,,,,,
2770,552.6853009999995,7.26171875,-7.618141174316406,1.060546875,-7.26171875,1.1084210872650146,208.89764404296875,,,,,,
2771,552.8746354999985,4.21484375,-8.011316299438477,7.89453125,-4.21484375,1.8793082237243652,208.89764404296875,,,,,,
2772,553.0662343999993,4.8203125,-8.197517395019531,8.953125,-4.8203125,1.1384201049804688,208.89764404296875,,,,,,
2773,553.2568893999996,1.564453125,-8.964152336120605,9.1328125,-1.564453125,1.1217855215072632,208.89764404296875,,,,,,
2774,553.4545826999984,9.171875,-7.931537628173828,3.65625,-9.171875,1.4747123718261719,208.89764404296875,,,,,,
2775,553.6455849999984,4.7890625,-8.180602073669434,4.42578125,-4.7890625,1.092835545539856,208.89764404296875,,,,,,
2776,553.831989899998,6.08984375,-7.729262828826904,-0.76611328125,-6.08984375,1.1066746711730957,208.89764404296875,,,,,,
2777,554.013531999999,7.78125,-7.841910362243652,2.365234375,-7.78125,0.9784019589424133,208.89764404296875,,,,,,
2778,554.2055964999981,6.75390625,-9.344391822814941,7.171875,-6.75390625,1.2102959156036377,208.89764404296875,,,,,,
2779,554.4022164999988,7.625,-7.9902544021606445,0.77685546875,-7.625,1.0331828594207764,208.89764404296875,,,,,,
2780,554.5979299999981,8.890625,-7.996454238891602,5.69140625,-8.890625,1.5035456418991089,208.89764404296875,,1.3728516101837158,0.10647188872098923,1.224861979484558,1.3547570705413818,1.5238771438598633
2781,554.7822169999981,0.29345703125,-9.29765510559082,8.328125,-0.29345703125,1.3507826328277588,208.89764404296875,,,,,,
2782,554.9711797999989,1.0537109375,-8.86773681640625,11.515625,-1.0537109375,1.171325922012329,208.89764404296875,,,,,,
2783,555.1619232999983,3.560546875,-7.5030364990234375,6.9296875,-3.560546875,1.3016507625579834,208.89764404296875,,,,,,
2784,555.3571657999983,5.046875,-8.853241920471191,7.10546875,-5.046875,1.1545706987380981,208.89764404296875,,,,,,
2785,555.5545780999983,8.1796875,-7.991910934448242,2.7890625,-8.1796875,1.5080888271331787,208.89764404296875,,,,,,
2786,555.7699863999987,4.6171875,-8.751816749572754,5.234375,-4.6171875,1.2091209888458252,208.89764404296875,,,,,,
2787,555.9852110999982,4.2578125,-7.874751091003418,1.2177734375,-4.2578125,0.8986863493919373,208.89764404296875,,,,,,
2788,556.1835185999989,3.1484375,-8.178009033203125,4.52734375,-3.1484375,1.056365728378296,208.89764404296875,,,,,,
2789,556.366787099998,4.6640625,-7.221250534057617,0.1712646484375,-4.6640625,0.9037497043609619,208.89764404296875,,,,,,
2790,556.5414406999989,9.453125,-8.587717056274414,1.880859375,-9.453125,1.0060327053070068,208.89764404296875,,,,,,
2791,556.7179251999987,2.955078125,-7.981018543243408,4.296875,-2.955078125,0.8939814567565918,208.89764404296875,,,,,,
2792,556.8922780999983,0.50830078125,-8.024131774902344,10.4765625,-0.50830078125,1.2336803674697876,208.89764404296875,,,,,,
2793,557.0684998999986,5.87890625,-8.115574836730957,6.7578125,-5.87890625,1.2281750440597534,208.89764404296875,,,,,,
2794,557.2549137999995,3.251953125,-6.674469947814941,1.212890625,-3.251953125,1.0911548137664795,208.89764404296875,,,,,,
2795,557.427118399999,4.94140625,-7.288525104522705,2.564453125,-4.94140625,1.0708497762680054,208.89764404296875,,,,,,
2796,557.6105528999997,2.556640625,-8.605835914611816,4.74609375,-2.556640625,1.1754142045974731,208.89764404296875,,,,,,
2797,557.7980541999987,6.26953125,-8.325748443603516,2.0703125,-6.26953125,1.299251914024353,208.89764404296875,,,,,,
2798,557.9929334999997,9.90625,-7.530082702636719,-1.7333984375,-9.90625,1.2746047973632812,208.89764404296875,,,,,,
2799,558.1902098999981,5.125,-7.212347507476807,4.80859375,-5.125,0.9985900521278381,208.89764404296875,,,,,,
2800,558.4121560999993,6.5,-8.91749095916748,2.21484375,-6.5,1.2934465408325195,208.89764404296875,,1.3384637832641602,0.12160124629735947,1.1846466064453125,1.3104050159454346,1.5488437414169312
